thread_id,thread_text,time,cleaned,tweetnlp_topic
p501098958,>kill all of our domestic chickens because fake pcr test said to>Have no eggs>Beg for eggs from countries that didn't test or genocide their chickens,03/21/25(Fri)13:40:04No.501098958, kill domestic chickens fake pcr test said eggs beg eggs countries test genocide chickens,"['news_&_social_concern', 'science_&_technology']"
p501104660,Denmark is the best country in Europe and I'm tired of pretending it's not.,03/21/25(Fri)14:53:50No.501104660,denmark best country europe tired pretending ,['sports']
p501098958,>kill all of our domestic chickens because fake pcr test said to>Have no eggs>Beg for eggs from countries that didn't test or genocide their chickens,03/21/25(Fri)13:40:04No.501098958, kill domestic chickens fake pcr test said eggs beg eggs countries test genocide chickens,"['news_&_social_concern', 'science_&_technology']"
p501101640,,03/21/25(Fri)14:15:39No.501101640,,
p501099426,You can't be racist and pagan.You can't be pro-white and pagan.You can't be pro-christian and pagan.You can't be anti-semetic and pagan.You can't be a nazi and a pagan at the same time.,03/21/25(Fri)13:46:30No.501099426,racist pagan pro white pagan pro christian pagan anti semetic pagan nazi pagan time ,['news_&_social_concern']
p501102661,"Yes, we need to convince our leftists here to leave to europe, make all 50 states red, europe would love them",03/21/25(Fri)14:28:43No.501102661,yes  need convince leftists leave europe  make  states red  europe would love,['news_&_social_concern']
p501102375,>scientists from english speaking country cant even speak english fluentlyBWAHAHAHA these south african dudes were diversity hireshttps://youtu.be/zAKSVhAnaQs?si=zDXoMyB6Mvu_k2hi[Embed],03/21/25(Fri)14:24:53No.501102375, scientists english speaking country cant even speak english fluentlybwahahaha south african dudes diversity hireshttps youtu zaksvhanaqs si zdxomybmvu khi embed ,"['learning_&_educational', 'news_&_social_concern']"
p501105887,RAF now have the F-47 technology. No more illegal military experimentation on us! Nato pilot is DEAD,03/21/25(Fri)15:09:23No.501105887,raf f  technology  illegal military experimentation us  nato pilot dead,"['news_&_social_concern', 'science_&_technology']"
p501104439,What are the implications of this?,03/21/25(Fri)14:51:09No.501104439,implications ,['diaries_&_daily_life']
p501101985,"For whoever cares to hear about it, there is massive defrauding of the taxpayers occurring at FCI Thomson in Illinois. It is a federal prison that used to be a state super max, but it got shut down after being deemed inhumane. The feds bought the vacant building and turned it into a low-security prison, and now have about 2000 inmates there. Approximately half the staff at FCI Thomson used to work at the super-max, and during that time their pay was substantially higher. Why? Because at a super-max, staff members automatically get hazard pay.So, how is the administration trying to make up for the pay reduction? Why, by putting the entire prison on lockdown continuously of course.In the feds, going on lockdown means keeping all the inmates in the 2 man cells continuously, which effectively turns the whole prison into the SHU. It has the side-effect of cutting the inmates off from any physical means of communication to the outside. And it also has the side-effect of ensuring that all the guards and staff make huge amounts of overtime whilst actually performing less work. Although their shifts become longer, all the programming and most administrative request processes become disabled. The guards at Thomson go a little bit further by only letting the kitchen staff out for a few hours during lockdowns, so the guards do not even have to take over cooking / passing out the food either (except for unlocking the small slot on the door).The general idea behind lockdowns in the feds is that they are supposed to be an extraordinary measure in response to some extreme danger. Basically, if there's a race riot or a gang war, a prison will go on lockdown. Its not supposed to be the normal status of a prison, because it will eventually make people go violent and crazy. At FCI Thomson, they spent ~3 months out of the last year on lockdown, and so far in 2025 they have spent 40 days on lockdown. We are only 3 months into the year, and this is for low-security inmates!",03/21/25(Fri)14:19:52No.501101985,whoever cares hear  massive defrauding taxpayers occurring fci thomson illinois  federal prison used state super max  got shut deemed inhumane  feds bought vacant building turned low security prison   inmates  approximately half staff fci thomson used work super max  time pay substantially higher   super max  staff members automatically get hazard pay  administration trying make pay reduction   putting entire prison lockdown continuously course feds  going lockdown means keeping inmates  man cells continuously  effectively turns whole prison shu  side effect cutting inmates physical means communication outside  also side effect ensuring guards staff make huge amounts overtime whilst actually performing less work  although shifts become longer  programming administrative request processes become disabled  guards thomson go little bit letting kitchen staff hours lockdowns  guards even take cooking   passing food either  except unlocking small slot door general idea behind lockdowns feds supposed extraordinary measure response extreme danger  basically  race riot gang war  prison go lockdown  supposed normal status prison  eventually make people go violent crazy  fci thomson  spent   months last year lockdown  far  spent  days lockdown   months year  low security inmates ,['news_&_social_concern']
p501102063,Are the orcs responsible for what Sauron orders them?Pic unrelated,03/21/25(Fri)14:20:49No.501102063,orcs responsible sauron orders pic unrelated,['diaries_&_daily_life']
p501095545,Have you thanked a leftist today for saving the country?,03/21/25(Fri)12:54:09No.501095545,thanked leftist today saving country ,['news_&_social_concern']
p501097253,"india failed to attract factories from china, what went wrong?>https://x.com/BeijingDai/status/1903078818258329813/photo/1Reuters reported that India has abandoned its four-year, $23 billion PLI program. The sole purpose of this plan is to attract manufacturing to leave China and come to India, increasing the proportion of manufacturing in the Indian economy to 25% by 2025. However, the reality is that the proportion of manufacturing in India's GDP has decreased from 16% in 2015 to 13% now.India's GDP is still growing at a rate of around 6%, but mainly from the service industry. As long as India cannot succeed in manufacturing, its threat to China will only be verbal. The Chinese should never underestimate this threat. The Indians have fully demonstrated their hostility in the past few years. Of course, they lack the ability to realize this threat with poor manufacturing.I have always said that Modi's biggest strategic mistake is to make the Chinese greatly increase their vigilance against India. The Chinese government allowed Chinese mobile phones, such as Xiaomi and Vivo, to invest in India before 2019, and the mobile phone industry is now basically the only highlight of Indian manufacturing, but China will never make such a mistake again.https://www.reuters.com/markets/emerging/indias-23-bln-plan-rival-china-factories-lapse-after-it-disappoints-2025-03-21/Exclusive: India's $23 billion plan to rival China factories to lapse after it disappoints",03/21/25(Fri)13:16:54No.501097253,india failed attract factories china  went wrong https x com beijingdai status  photo reuters reported india abandoned four year    billion pli program  sole purpose plan attract manufacturing leave china come india  increasing proportion manufacturing indian economy     however  reality proportion manufacturing india gdp decreased      india gdp still growing rate around   mainly service industry  long india cannot succeed manufacturing  threat china verbal  chinese never underestimate threat  indians fully demonstrated hostility past years  course  lack ability realize threat poor manufacturing always said modi biggest strategic mistake make chinese greatly increase vigilance india  chinese government allowed chinese mobile phones  xiaomi vivo  invest india   mobile phone industry basically highlight indian manufacturing  china never make mistake https www reuters com markets emerging indias  bln plan rival china factories lapse disappoints    exclusive  india   billion plan rival china factories lapse disappoints,"['business_&_entrepreneurs', 'news_&_social_concern']"
p501104178,The libs are slated to get a majority now. Is accelerationism the only answer at this point?,03/21/25(Fri)14:47:55No.501104178,libs slated get majority  accelerationism answer point ,['news_&_social_concern']
p501081812,You can't refute this. This one and the teeth always convinces regular people.,03/21/25(Fri)09:36:08No.501081812,refute  one teeth always convinces regular people ,[]
p501105917,I find this disrespectful honestly. Does the CIA even bother trying at all anymore?,03/21/25(Fri)15:09:50No.501105917,find disrespectful honestly  cia even bother trying anymore ,['diaries_&_daily_life']
p501103637,"She is objectively nasty, has a world class RBF, and is a TDS nut.Famously, destroyed Sarah Palin with that fish in a barrel interview.Despite this, there is barely anything negative about her found through search results on Google and Youtube. How can she not have hundreds of compilations of her being a cunt???She is also protected on Google search autocomplete...Does anyone have an explanation for the lack of negativity online? Is she a mockingbird asset?",03/21/25(Fri)14:41:06No.501103637,objectively nasty  world class rbf  tds nut famously  destroyed sarah palin fish barrel interview despite  barely anything negative found search results google youtube  hundreds compilations cunt also protected google search autocomplete anyone explanation lack negativity online  mockingbird asset ,"['news_&_social_concern', 'sports']"
p501101590,Is marriage just outdated? Why do people still push this nonsense in society?,03/21/25(Fri)14:15:05No.501101590,marriage outdated  people still push nonsense society ,['diaries_&_daily_life']
p501101137,When did you realize abortion is the one issue that proves the left are massive hypocrites?No one who is pro-abortion can ever claim to be pro-human rights or pro-equality. The mass-murder of babies in the womb is the biggest genocide in human history.,03/21/25(Fri)14:09:10No.501101137,realize abortion one issue proves left massive hypocrites one pro abortion ever claim pro human rights pro equality  mass murder babies womb biggest genocide human history ,['news_&_social_concern']
p501105615,"Remember Argentina used to be 85% white and the rest light-skinned mestizosMany years ago, Europeans stopped coming and immigrants from Latin American countries began to come,mainly people from Paraguay and Bolivia.Now the native population is being replaced by brown peopleIn Argentina all this is completely ignoredthe kids are brainwashed by telling them that the argentinian is the mestizosome people even deny that the country was ever whitehttps://www.amren.com/features/2017/04/argentina-a-mirror-of-your-future-buenos-aires-latin-america/",03/21/25(Fri)15:05:45No.501105615,remember argentina used   white rest light skinned mestizosmany years ago  europeans stopped coming immigrants latin american countries began come mainly people paraguay bolivia native population replaced brown peoplein argentina completely ignoredthe kids brainwashed telling argentinian mestizosome people even deny country ever whitehttps www amren com features   argentina mirror future buenos aires latin america ,['news_&_social_concern']
p501099937,"At the end of the new Assassin's Creed game, the hulking black bull beats the absolute shit out of the boss.While this is happening, drums, Japanese rap and the words CHING CHONG WHA CHA NINJAAAAAA are song in an African chant. You can't make this shit up.Is this the final gasp of hyper cucked white lib produced games? Will this radicalize the Niponese? Will Yasuke impregnate the great Oda Nobunaga's ripe virgin sister? You be the judge /pol/",03/21/25(Fri)13:53:51No.501099937,end new assassin creed game  hulking black bull beats absolute shit boss happening  drums  japanese rap words ching chong wha cha ninjaaaaaa song african chant  make shit final gasp hyper cucked white lib produced games  radicalize niponese  yasuke impregnate great oda nobunaga ripe virgin sister  judge  pol ,['gaming']
p501102838,"Trump's full response:""Well, you know, I was given the task of releasing that, because many presidents have gone through it and they haven’t released. And I said, release. We even released Social Security numbers. I didn’t want anything deleted. They said, sir, what about Social Security? People long gone. But they’re long gone, so I can’t imagine.But I said, if you don’t delete it, if you do delete it, we have people that are going to say, why did you delete it? There’s something in there. So we gave Social Security, and we gave everything. And the rest is for you to look at, Peter. You’re going to see whether or not you see anything. But we’ve given it. We’re doing it with Dr. Martin Luther King, too. They’re preparing all of that. They’re going to release everything. and whoever else they want. I mean, you know, we have nothing. We really have nothing to hide. We shouldn’t have.You know, when a lot of time goes by. But with the Kennedy files, in particular, they were going crazy on them. I don’t think there’s anything. that’s earth-shattering, but you’ll have to make that determination. In those, you know, it’s 80,000. It’s actually 88,000. And we have some additional things, as you know, come out today. And for that, you can go to the offices and you can see whatever you want to see. Everything is out there, totally open. The additional stuff is available later on today. You go over to the offices and you can have it immediately. And you’ll make a determination.""https://www.mediaite.com/tv/trump-cant-answer-when-peter-doocy-asks-simple-question-who-killed-kennedy/It's a good thing those 80,000 JFK files were released! Promises made, promises kept!",03/21/25(Fri)14:31:12No.501102838,trump full response well  know  given task releasing  many presidents gone haven’t released  said  release  even released social security numbers  didn’t want anything deleted  said  sir  social security  people long gone  they’re long gone  can’t imagine said  don’t delete  delete  people going say  delete  there’s something  gave social security  gave everything  rest look  peter  you’re going see whether see anything  we’ve given  we’re dr  martin luther king   they’re preparing  they’re going release everything  whoever else want  mean  know  nothing  really nothing hide  shouldn’t know  lot time goes  kennedy files  particular  going crazy  don’t think there’s anything  that’s earth shattering  you’ll make determination   know  it’s    it’s actually    additional things  know  come today   go offices see whatever want see  everything  totally open  additional stuff available later today  go offices immediately  you’ll make determination https www mediaite com tv trump cant answer peter doocy asks simple question killed kennedy good thing   jfk files released  promises made  promises kept ,['news_&_social_concern']
p501099726,If Founding Stock Americans (like Bill the Butcher) thought Euro immigrants like Irish/Italian Catholics were bad how would they feel about Indian/Mexican mass Immigration?,03/21/25(Fri)13:50:55No.501099726,founding stock americans  like bill butcher  thought euro immigrants like irish italian catholics bad would feel indian mexican mass immigration ,['news_&_social_concern']
p501080179,Who convinced the majority that shitalians are white? They’re literally brown semitic tomatokikes,03/21/25(Fri)09:05:38No.501080179,convinced majority shitalians white  they’re literally brown semitic tomatokikes,['news_&_social_concern']
p501100424,"These morons were using the wrong glue.>Tesla has been forced to recall every Cybertruck it has ever sold after safety regulators raised an issue with the glue used to attach one of its stainless steel panels.>The US National Highway Traffic Safety Administration (NHTSA) will oversee the recall of 46,100 Cybertrucks, marking the eighth recall for Tesla’s electric pickup truck since deliveries to customers began just over a year ago.>A report from the NHTSA warned that an exterior panel that runs along the left and right side of the windscreen can detach while driving, creating a hazard for other drivers.https://www.the-independent.com/tech/tesla-cybertruck-recall-glue-panels-musk-b2719222.htmlRemind me why it's ""illegal"" to boycott these death traps again?",03/21/25(Fri)14:00:29No.501100424,morons using wrong glue tesla forced recall every cybertruck ever sold safety regulators raised issue glue used attach one stainless steel panels us national highway traffic safety administration  nhtsa  oversee recall   cybertrucks  marking eighth recall tesla’s electric pickup truck since deliveries customers began year ago report nhtsa warned exterior panel runs along left right side windscreen detach driving  creating hazard drivers https www independent com tech tesla cybertruck recall glue panels musk b htmlremind  illegal  boycott death traps ,"['business_&_entrepreneurs', 'news_&_social_concern']"
p501094596,">Heathrow to resume some flights and hopes to run full operation tomorrowhttps://www.bbc.co.uk/news/live/cly24zvvwxlt>Putin would breach Ukraine deal if it is not defended, says PMhttps://www.bbc.co.uk/news/articles/cwyd0v3344qo>Government borrowing higher than expected in Februaryhttps://www.bbc.co.uk/news/articles/c0jglw54yvyo>Badenoch warns Tories of difficult local electionshttps://www.bbc.co.uk/news/articles/cvg5dpl1j4zo>Uber offers 20 hours of free childcare in bid to lure female drivershttps://www.bbc.co.uk/news/articles/cgm1pmdlvx8o",03/21/25(Fri)12:41:36No.501094596, heathrow resume flights hopes run full operation tomorrowhttps www bbc co uk news live clyzvvwxlt putin would breach ukraine deal defended  says pmhttps www bbc co uk news articles cwydvqo government borrowing higher expected februaryhttps www bbc co uk news articles cjglwyvyo badenoch warns tories difficult local electionshttps www bbc co uk news articles cvgdpljzo uber offers  hours free childcare bid lure female drivershttps www bbc co uk news articles cgmpmdlvxo,"['business_&_entrepreneurs', 'news_&_social_concern']"
p501095590,Should elon be in jail for market manipulation?,03/21/25(Fri)12:54:50No.501095590,elon jail market manipulation ,"['news_&_social_concern', 'science_&_technology']"
p501084926,"My coworker had a mental breakdown yesterday at work and was fired. Her husband had to come pick up her stuff today because she was forcibly removed from the building.My roommate is basically catatonic now. He used to be a fun loving metalhead type guy that played Warhammer, he has since sold his all his models, sold his guitar, and only works and comes home and watches vtubers in his dark room. I barely even SEE him anymore and we live in a 2 bedroom apartment.I go outside all I see are ugly, mishaped, brown faces. And they all look miserable.I try to invite friends and coworkers out to do something, Anything. They almost always say no. Too tired. Too broke. Too sad.Our slavery is being smashed in our faces on an unprecedented scale. These kikes at the top aren't just greedy, this is full on satanic sadism. It doesn't even make sense to beat down the slaves this hard, it makes them unproductive",03/21/25(Fri)10:25:45No.501084926,coworker mental breakdown yesterday work fired  husband come pick stuff today forcibly removed building roommate basically catatonic  used fun loving metalhead type guy played warhammer  since sold models  sold guitar  works comes home watches vtubers dark room  barely even see anymore live  bedroom apartment go outside see ugly  mishaped  brown faces  look miserable try invite friends coworkers something  anything  almost always say  tired  broke  sad slavery smashed faces unprecedented scale  kikes top greedy  full satanic sadism  even make sense beat slaves hard  makes unproductive,['diaries_&_daily_life']
p501101001,"the stock market is going down, tesla is deading, the maga leaders and running from the town halls, and judges are fucking over trump on every levelhttps://www.youtube.com/watch?v=H6XAwrnWADw&t=2425s[Embed]",03/21/25(Fri)14:07:25No.501101001,stock market going  tesla deading  maga leaders running town halls  judges fucking trump every levelhttps www youtube com watch v hxawrnwadw embed ,['news_&_social_concern']
p501092555,"Protestantism is to me a sort of anti-religion. Over the course of its existence, it has shattered the cultural patrimony of Europe and denuded Christianity of all its venerable religious traditions. It led Europeans down a slippery slope that passed by Liberalism, Deism and the so-called Enlightenment and crapped us out in Nihilismland, where marxist thugs, satanists and positivist pointyheads all putt about. I can't imagine why anyone wanting to convert to Christianity would choose a protestant denomination as their first preference.",03/21/25(Fri)12:13:04No.501092555,protestantism sort anti religion  course existence  shattered cultural patrimony europe denuded christianity venerable religious traditions  led europeans slippery slope passed liberalism  deism called enlightenment crapped us nihilismland  marxist thugs  satanists positivist pointyheads putt  imagine anyone wanting convert christianity would choose protestant denomination first preference ,['news_&_social_concern']
p501098829,"So what happened to the ""4d chess"" of Trump strong arming Netanyahu? I thought Netanyahu was bending the knee to Drumpf?How is this ""peace through strength""?",03/21/25(Fri)13:38:12No.501098829,happened  chess  trump strong arming netanyahu  thought netanyahu bending knee drumpf  peace strength ,['news_&_social_concern']
p501102264,Why would the government hide UFOs? Who cares if aliens visited,03/21/25(Fri)14:23:30No.501102264,would government hide ufos  cares aliens visited,['news_&_social_concern']
p501084235,Why are Americans never able to refute European leftists?,03/21/25(Fri)10:15:01No.501084235,americans never able refute european leftists ,['news_&_social_concern']
p501076978,"GO WOKE, GO BR...",03/21/25(Fri)08:05:40No.501076978,go woke  go br ,['news_&_social_concern']
p501092016,Don't complain that women don't want to be with you if you're still acting like a fucking child in your 20s.,03/21/25(Fri)12:04:51No.501092016,complain women want still acting like fucking child ,['news_&_social_concern']
p501104654,>government doesn't care how many of them will die>allies don't care>they don't careare ukranians the most hated and worthless nation in the world?,03/21/25(Fri)14:53:48No.501104654, government care many die allies care careare ukranians hated worthless nation world ,['news_&_social_concern']
p501104647,What implications does this development have? Will or can AI replace all of useless eaters?https://www.livescience.com/technology/computing/china-achieves-quantum-supremacy-claim-with-new-chip-1-quadrillion-times-faster-than-the-most-powerful-supercomputers,03/21/25(Fri)14:53:40No.501104647,implications development  ai replace useless eaters https www livescience com technology computing china achieves quantum supremacy claim new chip  quadrillion times faster powerful supercomputers,['science_&_technology']
p501105026,"The Prophet Muhammad (PBUH) was a nigger.If he wasn't Black, why was there a law saying you couldn't say he was Black? Are there laws about Donald Trump or Napoleon saying you couldn't say they are black?One of the reasons he went on his crusade was to make whitoids SUBMIT (Islam means submit). Because even as Christians, white ""people"" are PRICKS.",03/21/25(Fri)14:58:17No.501105026,prophet muhammad  pbuh  nigger black  law saying say black  laws donald trump napoleon saying say black one reasons went crusade make whitoids submit  islam means submit  even christians  white  people  pricks ,['news_&_social_concern']
p501105906,>Make America Great Again means Make American Great Britain Again,03/21/25(Fri)15:09:37No.501105906, make america great means make american great britain,['news_&_social_concern']
p501104049,>date a woman 13 years older than you>get called a pedo,03/21/25(Fri)14:46:19No.501104049, date woman  years older get called pedo,['diaries_&_daily_life']
p501103083,The orange retard gets rebuffed by the superior man,03/21/25(Fri)14:34:27No.501103083,orange retard gets rebuffed superior man,['diaries_&_daily_life']
p501106262,It appears a Republican victory in 2028 is quite certain.,03/21/25(Fri)15:14:36No.501106262,appears republican victory  quite certain ,['news_&_social_concern']
p501081505,>make a nigger slave turned sword holder a Samurai>make him have sex with Japanese royalty>make him destroy Shinto shrines>make him kill actual Samurai>make japanese people non binary>make a white man an antagonist of the gameWhy would Indians do this? What do they have against Japan?,03/21/25(Fri)09:30:35No.501081505, make nigger slave turned sword holder samurai make sex japanese royalty make destroy shinto shrines make kill actual samurai make japanese people non binary make white man antagonist gamewhy would indians  japan ,['news_&_social_concern']
p501051364,MORE DOCSITS RELEVANTISRAELI NUCLEAR PROGRAM SPOTTEDhttps://www.archives.gov/files/research/jfk/releases/2025/0318/206-10001-10012.pdf (pg5),03/20/25(Thu)22:32:38No.501051364,docsits relevantisraeli nuclear program spottedhttps www archives gov files research jfk releases      pdf  pg ,"['news_&_social_concern', 'science_&_technology']"
p501081505,>make a nigger slave turned sword holder a Samurai>make him have sex with Japanese royalty>make him destroy Shinto shrines>make him kill actual Samurai>make japanese people non binary>make a white man an antagonist of the gameWhy would Indians do this? What do they have against Japan?,03/21/25(Fri)09:30:35No.501081505, make nigger slave turned sword holder samurai make sex japanese royalty make destroy shinto shrines make kill actual samurai make japanese people non binary make white man antagonist gamewhy would indians  japan ,['news_&_social_concern']
p501101137,When did you realize abortion is the one issue that proves the left are massive hypocrites?No one who is pro-abortion can ever claim to be pro-human rights or pro-equality. The mass-murder of babies in the womb is the biggest genocide in human history.,03/21/25(Fri)14:09:10No.501101137,realize abortion one issue proves left massive hypocrites one pro abortion ever claim pro human rights pro equality  mass murder babies womb biggest genocide human history ,['news_&_social_concern']
p501094167,Should all russians be expelled from European countries? I think it would lead to lasting peace.,03/21/25(Fri)12:35:14No.501094167,russians expelled european countries  think would lead lasting peace ,['news_&_social_concern']
p501097641,Not like we can see into their soul or some bollocks,03/21/25(Fri)13:22:16No.501097641,like see soul bollocks,['music']
p501104470,"Really?, look at it!!You are telling me that somebody bought this fucking shit?? Get the fuck out of here!!!",03/21/25(Fri)14:51:32No.501104470,really  look telling somebody bought fucking shit  get fuck ,['diaries_&_daily_life']
p501099426,You can't be racist and pagan.You can't be pro-white and pagan.You can't be pro-christian and pagan.You can't be anti-semetic and pagan.You can't be a nazi and a pagan at the same time.,03/21/25(Fri)13:46:30No.501099426,racist pagan pro white pagan pro christian pagan anti semetic pagan nazi pagan time ,['news_&_social_concern']
p501066789,I didn’t feel it when I was younger. Now it’s like this cold void is constantly and consistently pulling my soul. What happens at the moment you die? Does consciousness stop? Do we go to a different realm? Do we collapse into the size of an atom? I’m fucking terrified . I can’t really watch and movies or television anymore . It’s like my consciousness is so aware of reality that I disassociate within. These feelings got worse the more I dwelled into gnostic thought processes.,03/21/25(Fri)03:56:09No.501066789,didn’t feel younger  it’s like cold void constantly consistently pulling soul  happens moment die  consciousness stop  go different realm  collapse size atom  i’m fucking terrified   can’t really watch movies television anymore   it’s like consciousness aware reality disassociate within  feelings got worse dwelled gnostic thought processes ,['film_tv_&_video']
p501105887,RAF now have the F-47 technology. No more illegal military experimentation on us! Nato pilot is DEAD,03/21/25(Fri)15:09:23No.501105887,raf f  technology  illegal military experimentation us  nato pilot dead,"['news_&_social_concern', 'science_&_technology']"
p501105048,"""Those who cheered as J-6 American prisoners were locked in solitary for 18 months without trial, now suddenly fight tooth and nail for foreign terrorists’ 'due process.'"" — Buck Sexton",03/21/25(Fri)14:58:33No.501105048, cheered j  american prisoners locked solitary  months without trial  suddenly fight tooth nail foreign terrorists’  due process  — buck sexton,['news_&_social_concern']
p501088511,Can you go too far with a whore?,03/21/25(Fri)11:19:06No.501088511,go far whore ,[]
p501100027,Why are Americans the only people in the world who defend (((car dependency)))?,03/21/25(Fri)13:55:03No.501100027,americans people world defend  car dependency ,['news_&_social_concern']
p501089389,">‘The View’ Whoopi Goldberg has a MELTDOWN and says she is “enraged” by Donald Trump saying that “There is a definite anti-White feeling in the country”>“Yeah, Sir. Nobody in your family was hung. Nobody in your family was chased because of the color of their skin. How dare you? There’s no anti-white issue here. You are perpetrating anti-humanist issues here”https://youtube.com/shorts/pu_uzPQgBaY?si=ijPsAGO98TINSBG6",03/21/25(Fri)11:31:43No.501089389, ‘the view’ whoopi goldberg meltdown says “enraged” donald trump saying “there definite anti white feeling country” “yeah  sir  nobody family hung  nobody family chased color skin  dare  there’s anti white issue  perpetrating anti humanist issues here”https youtube com shorts pu uzpqgbay si ijpsagotinsbg,['news_&_social_concern']
p501103530,"White aryan chad from South india hereI dont understandDo white fathers ever tell their snow bunnies to dress modestly, be fully covered, and not be promiscuous? Or is it just Western culture, since women in the East don’t engage in that cuckoldry?",03/21/25(Fri)14:39:43No.501103530,white aryan chad south india herei dont understanddo white fathers ever tell snow bunnies dress modestly  fully covered  promiscuous  western culture  since women east don’t engage cuckoldry ,"['fashion_&_style', 'news_&_social_concern']"
p501096816,Realistically what do I do? Even if I pay $1000 a month it will take me 68 months + daily compounded interest,03/21/25(Fri)13:11:22No.501096816,realistically  even pay   month take  months   daily compounded interest,['business_&_entrepreneurs']
p501102658,"antifa violence, endless new waves of vandalism, and now ordering assassination-by-cop on peoplewtf else do they need to do before people step in?or are they just hoping the right will take matters into their own hands so they can blame it on them?",03/21/25(Fri)14:28:41No.501102658,antifa violence  endless new waves vandalism  ordering assassination cop peoplewtf else need people step hoping right take matters hands blame ,['news_&_social_concern']
p501100490,How is Trump destroying america? Name every step he is taking on this direction.,03/21/25(Fri)14:01:14No.501100490,trump destroying america  name every step taking direction ,['news_&_social_concern']
p501076978,"GO WOKE, GO BR...",03/21/25(Fri)08:05:40No.501076978,go woke  go br ,['news_&_social_concern']
p501103083,The orange retard gets rebuffed by the superior man,03/21/25(Fri)14:34:27No.501103083,orange retard gets rebuffed superior man,['diaries_&_daily_life']
p501106021,WHY does this keep HAPPENING?!?!https://www.dailymail.co.uk/news/article-14515317/Married-teacher-underage-boys-gang-bang-scream-mask-brittany-fortinberry.html,03/21/25(Fri)15:11:07No.501106021,keep happening https www dailymail co uk news article  married teacher underage boys gang bang scream mask brittany fortinberry html,['news_&_social_concern']
p501089389,">‘The View’ Whoopi Goldberg has a MELTDOWN and says she is “enraged” by Donald Trump saying that “There is a definite anti-White feeling in the country”>“Yeah, Sir. Nobody in your family was hung. Nobody in your family was chased because of the color of their skin. How dare you? There’s no anti-white issue here. You are perpetrating anti-humanist issues here”https://youtube.com/shorts/pu_uzPQgBaY?si=ijPsAGO98TINSBG6",03/21/25(Fri)11:31:43No.501089389, ‘the view’ whoopi goldberg meltdown says “enraged” donald trump saying “there definite anti white feeling country” “yeah  sir  nobody family hung  nobody family chased color skin  dare  there’s anti white issue  perpetrating anti humanist issues here”https youtube com shorts pu uzpqgbay si ijpsagotinsbg,['news_&_social_concern']
p501099362,notice something,03/21/25(Fri)13:45:26No.501099362,notice something,['diaries_&_daily_life']
p501105452,"Why should I hate non-whites, they have never actually caused any harm to me",03/21/25(Fri)15:03:34No.501105452,hate non whites  never actually caused harm,['news_&_social_concern']
p501105452,"Why should I hate non-whites, they have never actually caused any harm to me",03/21/25(Fri)15:03:34No.501105452,hate non whites  never actually caused harm,['news_&_social_concern']
p501066789,I didn’t feel it when I was younger. Now it’s like this cold void is constantly and consistently pulling my soul. What happens at the moment you die? Does consciousness stop? Do we go to a different realm? Do we collapse into the size of an atom? I’m fucking terrified . I can’t really watch and movies or television anymore . It’s like my consciousness is so aware of reality that I disassociate within. These feelings got worse the more I dwelled into gnostic thought processes.,03/21/25(Fri)03:56:09No.501066789,didn’t feel younger  it’s like cold void constantly consistently pulling soul  happens moment die  consciousness stop  go different realm  collapse size atom  i’m fucking terrified   can’t really watch movies television anymore   it’s like consciousness aware reality disassociate within  feelings got worse dwelled gnostic thought processes ,['film_tv_&_video']
p501101985,"For whoever cares to hear about it, there is massive defrauding of the taxpayers occurring at FCI Thomson in Illinois. It is a federal prison that used to be a state super max, but it got shut down after being deemed inhumane. The feds bought the vacant building and turned it into a low-security prison, and now have about 2000 inmates there. Approximately half the staff at FCI Thomson used to work at the super-max, and during that time their pay was substantially higher. Why? Because at a super-max, staff members automatically get hazard pay.So, how is the administration trying to make up for the pay reduction? Why, by putting the entire prison on lockdown continuously of course.In the feds, going on lockdown means keeping all the inmates in the 2 man cells continuously, which effectively turns the whole prison into the SHU. It has the side-effect of cutting the inmates off from any physical means of communication to the outside. And it also has the side-effect of ensuring that all the guards and staff make huge amounts of overtime whilst actually performing less work. Although their shifts become longer, all the programming and most administrative request processes become disabled. The guards at Thomson go a little bit further by only letting the kitchen staff out for a few hours during lockdowns, so the guards do not even have to take over cooking / passing out the food either (except for unlocking the small slot on the door).The general idea behind lockdowns in the feds is that they are supposed to be an extraordinary measure in response to some extreme danger. Basically, if there's a race riot or a gang war, a prison will go on lockdown. Its not supposed to be the normal status of a prison, because it will eventually make people go violent and crazy. At FCI Thomson, they spent ~3 months out of the last year on lockdown, and so far in 2025 they have spent 40 days on lockdown. We are only 3 months into the year, and this is for low-security inmates!",03/21/25(Fri)14:19:52No.501101985,whoever cares hear  massive defrauding taxpayers occurring fci thomson illinois  federal prison used state super max  got shut deemed inhumane  feds bought vacant building turned low security prison   inmates  approximately half staff fci thomson used work super max  time pay substantially higher   super max  staff members automatically get hazard pay  administration trying make pay reduction   putting entire prison lockdown continuously course feds  going lockdown means keeping inmates  man cells continuously  effectively turns whole prison shu  side effect cutting inmates physical means communication outside  also side effect ensuring guards staff make huge amounts overtime whilst actually performing less work  although shifts become longer  programming administrative request processes become disabled  guards thomson go little bit letting kitchen staff hours lockdowns  guards even take cooking   passing food either  except unlocking small slot door general idea behind lockdowns feds supposed extraordinary measure response extreme danger  basically  race riot gang war  prison go lockdown  supposed normal status prison  eventually make people go violent crazy  fci thomson  spent   months last year lockdown  far  spent  days lockdown   months year  low security inmates ,['news_&_social_concern']
p501097122,>BALTICS 100% WHITEBALTICS 100% WHITE>BALTICS 100% WHITEBALTICS 100% WHITE>BALTICS 100% WHITE,03/21/25(Fri)13:15:09No.501097122, baltics   whitebaltics   white baltics   whitebaltics   white baltics   white,"['diaries_&_daily_life', 'news_&_social_concern']"
p501096816,Realistically what do I do? Even if I pay $1000 a month it will take me 68 months + daily compounded interest,03/21/25(Fri)13:11:22No.501096816,realistically  even pay   month take  months   daily compounded interest,['business_&_entrepreneurs']
p501100646,Am I the only organic anon here?,03/21/25(Fri)14:03:14No.501100646,organic anon ,['diaries_&_daily_life']
p501089839,"Sorry Britbros, but coffee is so much more delicious than tea. I'm on my 10th cup for the day. Black, of course. No sugar. The only way to drink coffee.",03/21/25(Fri)11:37:42No.501089839,sorry britbros  coffee much delicious tea  th cup day  black  course  sugar  way drink coffee ,"['diaries_&_daily_life', 'food_&_dining']"
p501105839,Trump didn't make any remarks about this dude's outfit uh. Wear a suit or else I'm going INSANEEEEEEE. HAVE YOU SAID THANKS? AAAAAAH,03/21/25(Fri)15:08:39No.501105839,trump make remarks dude outfit uh  wear suit else going insaneeeeeee  said thanks  aaaaaah,"['celebrity_&_pop_culture', 'fashion_&_style', 'news_&_social_concern']"
p501064137,"I'm proud of Ukrainians for inflicting so much pain and suffering on scum fuck Russians invading Europe.It has been a joy to watch all the gore kino, I literally feel high when I watch Russian invaders suffer, Schadenfreude is one hell of a drug.Russians should learn not to fuck with Europeans.",03/21/25(Fri)02:52:06No.501064137,proud ukrainians inflicting much pain suffering scum fuck russians invading europe joy watch gore kino  literally feel high watch russian invaders suffer  schadenfreude one hell drug russians learn fuck europeans ,['news_&_social_concern']
p501106184,They don’t have enough votes to impeach them but California Rep. Darrell Issa’s No Rogue Rulings Act will be on the floor in early April. Also going to cut funding to federal courts and even break up system of lower courts and strip district judges from being allows to put nation wide injunctions. Dems might try to filibuster it but going to have to go on record and can easily be used as attacks when they are up for reelection,03/21/25(Fri)15:13:25No.501106184,don’t enough votes impeach california rep  darrell issa’s rogue rulings act floor early april  also going cut funding federal courts even break system lower courts strip district judges allows put nation wide injunctions  dems might try filibuster going go record easily used attacks reelection,['news_&_social_concern']
p501099679,,03/21/25(Fri)13:50:06No.501099679,,
p501104654,>government doesn't care how many of them will die>allies don't care>they don't careare ukranians the most hated and worthless nation in the world?,03/21/25(Fri)14:53:48No.501104654, government care many die allies care careare ukranians hated worthless nation world ,['news_&_social_concern']
p501084926,"My coworker had a mental breakdown yesterday at work and was fired. Her husband had to come pick up her stuff today because she was forcibly removed from the building.My roommate is basically catatonic now. He used to be a fun loving metalhead type guy that played Warhammer, he has since sold his all his models, sold his guitar, and only works and comes home and watches vtubers in his dark room. I barely even SEE him anymore and we live in a 2 bedroom apartment.I go outside all I see are ugly, mishaped, brown faces. And they all look miserable.I try to invite friends and coworkers out to do something, Anything. They almost always say no. Too tired. Too broke. Too sad.Our slavery is being smashed in our faces on an unprecedented scale. These kikes at the top aren't just greedy, this is full on satanic sadism. It doesn't even make sense to beat down the slaves this hard, it makes them unproductive",03/21/25(Fri)10:25:45No.501084926,coworker mental breakdown yesterday work fired  husband come pick stuff today forcibly removed building roommate basically catatonic  used fun loving metalhead type guy played warhammer  since sold models  sold guitar  works comes home watches vtubers dark room  barely even see anymore live  bedroom apartment go outside see ugly  mishaped  brown faces  look miserable try invite friends coworkers something  anything  almost always say  tired  broke  sad slavery smashed faces unprecedented scale  kikes top greedy  full satanic sadism  even make sense beat slaves hard  makes unproductive,['diaries_&_daily_life']
p501096666,"Hitler wrote this 100 years ago in Mein Kampf, how the fuck can anyone still deny it when he has predicted EVERYTHING. You're literally retarded if you can't see how unlikely it would be for him to just guess and arrive at almost prophetic writing. It's the Jews.",03/21/25(Fri)13:09:25No.501096666,hitler wrote  years ago mein kampf  fuck anyone still deny predicted everything  literally retarded see unlikely would guess arrive almost prophetic writing  jews ,"['arts_&_culture', 'news_&_social_concern']"
p501100490,How is Trump destroying america? Name every step he is taking on this direction.,03/21/25(Fri)14:01:14No.501100490,trump destroying america  name every step taking direction ,['news_&_social_concern']
p501086999,Would you buy a beautiful Tesla car to support Elon Musk?,03/21/25(Fri)10:56:53No.501086999,would buy beautiful tesla car support elon musk ,"['business_&_entrepreneurs', 'science_&_technology']"
p501097253,"india failed to attract factories from china, what went wrong?>https://x.com/BeijingDai/status/1903078818258329813/photo/1Reuters reported that India has abandoned its four-year, $23 billion PLI program. The sole purpose of this plan is to attract manufacturing to leave China and come to India, increasing the proportion of manufacturing in the Indian economy to 25% by 2025. However, the reality is that the proportion of manufacturing in India's GDP has decreased from 16% in 2015 to 13% now.India's GDP is still growing at a rate of around 6%, but mainly from the service industry. As long as India cannot succeed in manufacturing, its threat to China will only be verbal. The Chinese should never underestimate this threat. The Indians have fully demonstrated their hostility in the past few years. Of course, they lack the ability to realize this threat with poor manufacturing.I have always said that Modi's biggest strategic mistake is to make the Chinese greatly increase their vigilance against India. The Chinese government allowed Chinese mobile phones, such as Xiaomi and Vivo, to invest in India before 2019, and the mobile phone industry is now basically the only highlight of Indian manufacturing, but China will never make such a mistake again.https://www.reuters.com/markets/emerging/indias-23-bln-plan-rival-china-factories-lapse-after-it-disappoints-2025-03-21/Exclusive: India's $23 billion plan to rival China factories to lapse after it disappoints",03/21/25(Fri)13:16:54No.501097253,india failed attract factories china  went wrong https x com beijingdai status  photo reuters reported india abandoned four year    billion pli program  sole purpose plan attract manufacturing leave china come india  increasing proportion manufacturing indian economy     however  reality proportion manufacturing india gdp decreased      india gdp still growing rate around   mainly service industry  long india cannot succeed manufacturing  threat china verbal  chinese never underestimate threat  indians fully demonstrated hostility past years  course  lack ability realize threat poor manufacturing always said modi biggest strategic mistake make chinese greatly increase vigilance india  chinese government allowed chinese mobile phones  xiaomi vivo  invest india   mobile phone industry basically highlight indian manufacturing  china never make mistake https www reuters com markets emerging indias  bln plan rival china factories lapse disappoints    exclusive  india   billion plan rival china factories lapse disappoints,"['business_&_entrepreneurs', 'news_&_social_concern']"
p501088511,Can you go too far with a whore?,03/21/25(Fri)11:19:06No.501088511,go far whore ,[]
p501105178,This is what a master troll looks like.,03/21/25(Fri)15:00:10No.501105178,master troll looks like ,['diaries_&_daily_life']
p501100625,Reminder that you WILL be labeled as a traitor for not supporting this.,03/21/25(Fri)14:02:52No.501100625,reminder labeled traitor supporting ,['news_&_social_concern']
p501098958,>kill all of our domestic chickens because fake pcr test said to>Have no eggs>Beg for eggs from countries that didn't test or genocide their chickens,03/21/25(Fri)13:40:04No.501098958, kill domestic chickens fake pcr test said eggs beg eggs countries test genocide chickens,"['news_&_social_concern', 'science_&_technology']"
p501103175,,03/21/25(Fri)14:35:30No.501103175,,
p501094167,Should all russians be expelled from European countries? I think it would lead to lasting peace.,03/21/25(Fri)12:35:14No.501094167,russians expelled european countries  think would lead lasting peace ,['news_&_social_concern']
p501099679,,03/21/25(Fri)13:50:06No.501099679,,
p501101168,"Seriously bros, what actually stands between them and the English channel? Besides Ukrainian villages I meean. One they finish meatgrinding Pokrovsk, what stops them before reaching Calais?",03/21/25(Fri)14:09:36No.501101168,seriously bros  actually stands english channel  besides ukrainian villages meean  one finish meatgrinding pokrovsk  stops reaching calais ,['film_tv_&_video']
p501076978,"GO WOKE, GO BR...",03/21/25(Fri)08:05:40No.501076978,go woke  go br ,['news_&_social_concern']
p501090115,>Jewish female humourThis made me chuckle,03/21/25(Fri)11:41:23No.501090115, jewish female humourthis made chuckle,"['diaries_&_daily_life', 'news_&_social_concern']"
p501101985,"For whoever cares to hear about it, there is massive defrauding of the taxpayers occurring at FCI Thomson in Illinois. It is a federal prison that used to be a state super max, but it got shut down after being deemed inhumane. The feds bought the vacant building and turned it into a low-security prison, and now have about 2000 inmates there. Approximately half the staff at FCI Thomson used to work at the super-max, and during that time their pay was substantially higher. Why? Because at a super-max, staff members automatically get hazard pay.So, how is the administration trying to make up for the pay reduction? Why, by putting the entire prison on lockdown continuously of course.In the feds, going on lockdown means keeping all the inmates in the 2 man cells continuously, which effectively turns the whole prison into the SHU. It has the side-effect of cutting the inmates off from any physical means of communication to the outside. And it also has the side-effect of ensuring that all the guards and staff make huge amounts of overtime whilst actually performing less work. Although their shifts become longer, all the programming and most administrative request processes become disabled. The guards at Thomson go a little bit further by only letting the kitchen staff out for a few hours during lockdowns, so the guards do not even have to take over cooking / passing out the food either (except for unlocking the small slot on the door).The general idea behind lockdowns in the feds is that they are supposed to be an extraordinary measure in response to some extreme danger. Basically, if there's a race riot or a gang war, a prison will go on lockdown. Its not supposed to be the normal status of a prison, because it will eventually make people go violent and crazy. At FCI Thomson, they spent ~3 months out of the last year on lockdown, and so far in 2025 they have spent 40 days on lockdown. We are only 3 months into the year, and this is for low-security inmates!",03/21/25(Fri)14:19:52No.501101985,whoever cares hear  massive defrauding taxpayers occurring fci thomson illinois  federal prison used state super max  got shut deemed inhumane  feds bought vacant building turned low security prison   inmates  approximately half staff fci thomson used work super max  time pay substantially higher   super max  staff members automatically get hazard pay  administration trying make pay reduction   putting entire prison lockdown continuously course feds  going lockdown means keeping inmates  man cells continuously  effectively turns whole prison shu  side effect cutting inmates physical means communication outside  also side effect ensuring guards staff make huge amounts overtime whilst actually performing less work  although shifts become longer  programming administrative request processes become disabled  guards thomson go little bit letting kitchen staff hours lockdowns  guards even take cooking   passing food either  except unlocking small slot door general idea behind lockdowns feds supposed extraordinary measure response extreme danger  basically  race riot gang war  prison go lockdown  supposed normal status prison  eventually make people go violent crazy  fci thomson  spent   months last year lockdown  far  spent  days lockdown   months year  low security inmates ,['news_&_social_concern']
p501094596,">Heathrow to resume some flights and hopes to run full operation tomorrowhttps://www.bbc.co.uk/news/live/cly24zvvwxlt>Putin would breach Ukraine deal if it is not defended, says PMhttps://www.bbc.co.uk/news/articles/cwyd0v3344qo>Government borrowing higher than expected in Februaryhttps://www.bbc.co.uk/news/articles/c0jglw54yvyo>Badenoch warns Tories of difficult local electionshttps://www.bbc.co.uk/news/articles/cvg5dpl1j4zo>Uber offers 20 hours of free childcare in bid to lure female drivershttps://www.bbc.co.uk/news/articles/cgm1pmdlvx8o",03/21/25(Fri)12:41:36No.501094596, heathrow resume flights hopes run full operation tomorrowhttps www bbc co uk news live clyzvvwxlt putin would breach ukraine deal defended  says pmhttps www bbc co uk news articles cwydvqo government borrowing higher expected februaryhttps www bbc co uk news articles cjglwyvyo badenoch warns tories difficult local electionshttps www bbc co uk news articles cvgdpljzo uber offers  hours free childcare bid lure female drivershttps www bbc co uk news articles cgmpmdlvxo,"['business_&_entrepreneurs', 'news_&_social_concern']"
p501104439,What are the implications of this?,03/21/25(Fri)14:51:09No.501104439,implications ,['diaries_&_daily_life']
p501088511,Can you go too far with a whore?,03/21/25(Fri)11:19:06No.501088511,go far whore ,[]
p501092016,Don't complain that women don't want to be with you if you're still acting like a fucking child in your 20s.,03/21/25(Fri)12:04:51No.501092016,complain women want still acting like fucking child ,['news_&_social_concern']
p501105887,RAF now have the F-47 technology. No more illegal military experimentation on us! Nato pilot is DEAD,03/21/25(Fri)15:09:23No.501105887,raf f  technology  illegal military experimentation us  nato pilot dead,"['news_&_social_concern', 'science_&_technology']"
p501091388,What are the political implications of black murders being portrayed as white?,03/21/25(Fri)11:56:35No.501091388,political implications black murders portrayed white ,['news_&_social_concern']
p501090115,>Jewish female humourThis made me chuckle,03/21/25(Fri)11:41:23No.501090115, jewish female humourthis made chuckle,"['diaries_&_daily_life', 'news_&_social_concern']"
p501105917,I find this disrespectful honestly. Does the CIA even bother trying at all anymore?,03/21/25(Fri)15:09:50No.501105917,find disrespectful honestly  cia even bother trying anymore ,['diaries_&_daily_life']
p501092016,Don't complain that women don't want to be with you if you're still acting like a fucking child in your 20s.,03/21/25(Fri)12:04:51No.501092016,complain women want still acting like fucking child ,['news_&_social_concern']
p501101001,"the stock market is going down, tesla is deading, the maga leaders and running from the town halls, and judges are fucking over trump on every levelhttps://www.youtube.com/watch?v=H6XAwrnWADw&t=2425s[Embed]",03/21/25(Fri)14:07:25No.501101001,stock market going  tesla deading  maga leaders running town halls  judges fucking trump every levelhttps www youtube com watch v hxawrnwadw embed ,['news_&_social_concern']
p501106782,Amerimutt post of the day.,03/21/25(Fri)15:21:19No.501106782,amerimutt post day ,['diaries_&_daily_life']
p501100646,Am I the only organic anon here?,03/21/25(Fri)14:03:14No.501100646,organic anon ,['diaries_&_daily_life']
p501103637,"She is objectively nasty, has a world class RBF, and is a TDS nut.Famously, destroyed Sarah Palin with that fish in a barrel interview.Despite this, there is barely anything negative about her found through search results on Google and Youtube. How can she not have hundreds of compilations of her being a cunt???She is also protected on Google search autocomplete...Does anyone have an explanation for the lack of negativity online? Is she a mockingbird asset?",03/21/25(Fri)14:41:06No.501103637,objectively nasty  world class rbf  tds nut famously  destroyed sarah palin fish barrel interview despite  barely anything negative found search results google youtube  hundreds compilations cunt also protected google search autocomplete anyone explanation lack negativity online  mockingbird asset ,"['news_&_social_concern', 'sports']"
p501102661,"Yes, we need to convince our leftists here to leave to europe, make all 50 states red, europe would love them",03/21/25(Fri)14:28:43No.501102661,yes  need convince leftists leave europe  make  states red  europe would love,['news_&_social_concern']
p501103773,Even the comments put Pol/ to shame,03/21/25(Fri)14:42:46No.501103773,even comments put pol  shame,['news_&_social_concern']
p501084926,"My coworker had a mental breakdown yesterday at work and was fired. Her husband had to come pick up her stuff today because she was forcibly removed from the building.My roommate is basically catatonic now. He used to be a fun loving metalhead type guy that played Warhammer, he has since sold his all his models, sold his guitar, and only works and comes home and watches vtubers in his dark room. I barely even SEE him anymore and we live in a 2 bedroom apartment.I go outside all I see are ugly, mishaped, brown faces. And they all look miserable.I try to invite friends and coworkers out to do something, Anything. They almost always say no. Too tired. Too broke. Too sad.Our slavery is being smashed in our faces on an unprecedented scale. These kikes at the top aren't just greedy, this is full on satanic sadism. It doesn't even make sense to beat down the slaves this hard, it makes them unproductive",03/21/25(Fri)10:25:45No.501084926,coworker mental breakdown yesterday work fired  husband come pick stuff today forcibly removed building roommate basically catatonic  used fun loving metalhead type guy played warhammer  since sold models  sold guitar  works comes home watches vtubers dark room  barely even see anymore live  bedroom apartment go outside see ugly  mishaped  brown faces  look miserable try invite friends coworkers something  anything  almost always say  tired  broke  sad slavery smashed faces unprecedented scale  kikes top greedy  full satanic sadism  even make sense beat slaves hard  makes unproductive,['diaries_&_daily_life']
p501101009,GENERATION ZYKLON AWAKENShttps://x.com/AFpost/status/1902892623074930912,03/21/25(Fri)14:07:29No.501101009,generation zyklon awakenshttps x com afpost status ,[]
p501084926,"My coworker had a mental breakdown yesterday at work and was fired. Her husband had to come pick up her stuff today because she was forcibly removed from the building.My roommate is basically catatonic now. He used to be a fun loving metalhead type guy that played Warhammer, he has since sold his all his models, sold his guitar, and only works and comes home and watches vtubers in his dark room. I barely even SEE him anymore and we live in a 2 bedroom apartment.I go outside all I see are ugly, mishaped, brown faces. And they all look miserable.I try to invite friends and coworkers out to do something, Anything. They almost always say no. Too tired. Too broke. Too sad.Our slavery is being smashed in our faces on an unprecedented scale. These kikes at the top aren't just greedy, this is full on satanic sadism. It doesn't even make sense to beat down the slaves this hard, it makes them unproductive",03/21/25(Fri)10:25:45No.501084926,coworker mental breakdown yesterday work fired  husband come pick stuff today forcibly removed building roommate basically catatonic  used fun loving metalhead type guy played warhammer  since sold models  sold guitar  works comes home watches vtubers dark room  barely even see anymore live  bedroom apartment go outside see ugly  mishaped  brown faces  look miserable try invite friends coworkers something  anything  almost always say  tired  broke  sad slavery smashed faces unprecedented scale  kikes top greedy  full satanic sadism  even make sense beat slaves hard  makes unproductive,['diaries_&_daily_life']
p501080179,Who convinced the majority that shitalians are white? They’re literally brown semitic tomatokikes,03/21/25(Fri)09:05:38No.501080179,convinced majority shitalians white  they’re literally brown semitic tomatokikes,['news_&_social_concern']
p501100875,"PRESIDENT DONALD J TRUMP @POTUS45https://www.donaldjtrump.com/https://www.thetrumparchive.com/https://x.com/realDonaldTrumphttps://truthsocial.com/@realDonaldTrumphttps://rumble.com/c/DonaldTrumphttps://www.tiktok.com/@realdonaldtrump>President Trump Officehttps://www.whitehouse.gov/https://www.youtube.com/user/whitehousehttps://www.flickr.com/photos/whitehouse/>Liz Harrington (Trump Spox) https://twitter.com/realLizUSA>Donald J Trump Presidential Libraryhttps://www.trumplibrary.gov/@realDonaldTrump @TeamTrump @TrumpWarRoom>b-but Trump hasnt done anything!ARCHIVED LINKS https://pastebin.com/eAhgNyeXNEW APPEARANCES>Pres Trump at Friends of Ireland Luncheon, Washington, DC 3/12/2025https://youtu.be/bKW1VniMRm0[Embed]>Pres Trump Bilateral Meeting with Irish Taoiseach Micheal Martin, Washington, DC 3/12/2025https://youtu.be/EwNFmsO_5xs[Embed]>Pres Trump Remarks at the Digital Assets Summit, Washington, DC 3/7/2025https://youtu.be/omP3GPxaVog[Embed]>Pres Trump Address to Congress, Washington, DC 3/4/2025https://youtu.be/XkFKNkAEzQ8[Embed]>VP JD Vance Delivers Remarks at the National Catholic Prayer Breakfast, Washington, DC 2/28/2025https://youtu.be/dCY0b1wWX9A[Embed]>Pres Trump Press Conference with UK PM Keir Starmer, Washington, DC 2/27/2025https://youtu.be/dJSaNSSj_4c[Embed]>Pres Trump Cabinet Meeting, Washington, DC 2/26/2025https://youtu.be/OMpL4Hze__4[Embed]>Pres Trump Press Conference with Emmanuel Macron, Washington, DC 2/24/2025https://youtu.be/F_icClkj0Eo[Embed]>Pres Trump at CPAC, Washington, DC 2/22/2025https://rumble.com/v6o31mi-full-speech-president-donald-j.-trump-headlines-cpac-2025-22225.html (RSBN)>Pres Trump at Governors Working Session, Washington, DC 2/22/2025https://youtu.be/4iyqZsE9bkA[Embed]>TrumpVideo: WE WILL WIN 6/19/23https://rumble.com/v2v6m2a>MAKE AMERICA GREAT AGAIN, AGAIN! 10/28/21https://rumble.com/voe8gm>God Bless the USA (Donald J Trump) 10/20/16https://youtu.be/O_PC_fy0fk0[Embed]OP pastebin: http://pastebin.com/X4KiALfhprev>>501093155 →",03/21/25(Fri)14:05:55No.501100875,president donald j trump  potushttps www donaldjtrump com https www thetrumparchive com https x com realdonaldtrumphttps truthsocial com realdonaldtrumphttps rumble com c donaldtrumphttps www tiktok com realdonaldtrump president trump officehttps www whitehouse gov https www youtube com user whitehousehttps www flickr com photos whitehouse liz harrington  trump spox  https twitter com reallizusa donald j trump presidential libraryhttps www trumplibrary gov realdonaldtrump  teamtrump  trumpwarroom b trump hasnt done anything archived links https pastebin com eahgnyexnew appearances pres trump friends ireland luncheon  washington  dc   https youtu bkwvnimrm embed pres trump bilateral meeting irish taoiseach micheal martin  washington  dc   https youtu ewnfmso xs embed pres trump remarks digital assets summit  washington  dc   https youtu ompgpxavog embed pres trump address congress  washington  dc   https youtu xkfknkaezq embed vp jd vance delivers remarks national catholic prayer breakfast  washington  dc   https youtu dcybwwxa embed pres trump press conference uk pm keir starmer  washington  dc   https youtu djsanssj c embed pres trump cabinet meeting  washington  dc   https youtu omplhze  embed pres trump press conference emmanuel macron  washington  dc   https youtu f icclkjeo embed pres trump cpac  washington  dc   https rumble com vomi full speech president donald j trump headlines cpac   html  rsbn pres trump governors working session  washington  dc   https youtu iyqzsebka embed trumpvideo  win   https rumble com vvma make america great     https rumble com voegm god bless usa  donald j trump    https youtu pc fyfk embed op pastebin  http pastebin com xkialfhprev  →,['news_&_social_concern']
p501104470,"Really?, look at it!!You are telling me that somebody bought this fucking shit?? Get the fuck out of here!!!",03/21/25(Fri)14:51:32No.501104470,really  look telling somebody bought fucking shit  get fuck ,['diaries_&_daily_life']
p501099465,NEW PROPAGANDA JUST DROPPED: https://youtu.be/WQYGcBcEcEU[Embed],03/21/25(Fri)13:47:09No.501099465,new propaganda dropped  https youtu wqygcbceceu embed ,['news_&_social_concern']
p501094596,">Heathrow to resume some flights and hopes to run full operation tomorrowhttps://www.bbc.co.uk/news/live/cly24zvvwxlt>Putin would breach Ukraine deal if it is not defended, says PMhttps://www.bbc.co.uk/news/articles/cwyd0v3344qo>Government borrowing higher than expected in Februaryhttps://www.bbc.co.uk/news/articles/c0jglw54yvyo>Badenoch warns Tories of difficult local electionshttps://www.bbc.co.uk/news/articles/cvg5dpl1j4zo>Uber offers 20 hours of free childcare in bid to lure female drivershttps://www.bbc.co.uk/news/articles/cgm1pmdlvx8o",03/21/25(Fri)12:41:36No.501094596, heathrow resume flights hopes run full operation tomorrowhttps www bbc co uk news live clyzvvwxlt putin would breach ukraine deal defended  says pmhttps www bbc co uk news articles cwydvqo government borrowing higher expected februaryhttps www bbc co uk news articles cjglwyvyo badenoch warns tories difficult local electionshttps www bbc co uk news articles cvgdpljzo uber offers  hours free childcare bid lure female drivershttps www bbc co uk news articles cgmpmdlvxo,"['business_&_entrepreneurs', 'news_&_social_concern']"
p501106184,They don’t have enough votes to impeach them but California Rep. Darrell Issa’s No Rogue Rulings Act will be on the floor in early April. Also going to cut funding to federal courts and even break up system of lower courts and strip district judges from being allows to put nation wide injunctions. Dems might try to filibuster it but going to have to go on record and can easily be used as attacks when they are up for reelection,03/21/25(Fri)15:13:25No.501106184,don’t enough votes impeach california rep  darrell issa’s rogue rulings act floor early april  also going cut funding federal courts even break system lower courts strip district judges allows put nation wide injunctions  dems might try filibuster going go record easily used attacks reelection,['news_&_social_concern']
p501098176,"Previous:>>501085852 →Day: 1122 — Daily battlefield assessment:https://isw.pub/UkraineConflictUpdatesISW▶Latest>Russian gas pipeline exploded in Sudzha shortly after the chimpout at Odesa, Kropotkinskaya oil pumping station continues to burn>Russians chimped out at Odesa, numerous arrivals>Engels Airbase hit by Ukraine, KH missile storage exploded>Trump claimed a ceasefire on infrastructure, Russia attacked infrastructure 2hrs later, Ukraine responds striking more refineries.>Gazprom reported losses of 1.078 trillion rubles ($12.7 billion at the current exchange rate) in 2024.>Macron: Europe is preparing for the ""day after"" in Ukraine. France & the UK are finalizing a plan to deploy ""a few thousand troops per nation"" in key areas like Kyiv, Odesa & Lviv for training & long-term support.>A Putin and Trump meeting is being prepared, says Putin's assistant Ushakov>Ukraine will not lift martial law or hold elections if a 30-day truce is declared, says advisor to the head of the Office of the President of Ukraine Mykhailo Podolyak>The EU recommends member states to voluntarily contribute €20-40B in military aid to Ukraine this year, creating a special fund.>A massive drone attack on Russia’s Tuapse happened overnight. Over 10 explosions were heard at the local Tuapse oil refinery>AFU have officially withdrawn from most of the Kursk SMO zone>The French Parliament has called for the seizure of frozen Russian assets to aid Ukraine▶Telegramhttps://rentry.org/telosint2023https://t.me/ukr_pics▶Intelhttps://t.me/DeepStateENhttps://odin.tradoc.army.mil/WEG (equipmentexplorer)https://ukr.warspotting.net (visually confirmed losses)▶Mapshttps://deepstatemap.live/enhttps://liveuamap.com/en▶DISPOSABLE SOLDIER (diary of a RU mobik)TOUR 1: files.catbox.moe/34fuhc.txtTOUR 2: files.catbox.moe/uj2wut.txtTOUR 3: files.catbox.moe/hmyd98.txtTOUR 4: files.catbox.moe/cdenxe.txt",03/21/25(Fri)13:29:43No.501098176,previous  →day   — daily battlefield assessment https isw pub ukraineconflictupdatesisw▶latest russian gas pipeline exploded sudzha shortly chimpout odesa  kropotkinskaya oil pumping station continues burn russians chimped odesa  numerous arrivals engels airbase hit ukraine  kh missile storage exploded trump claimed ceasefire infrastructure  russia attacked infrastructure hrs later  ukraine responds striking refineries gazprom reported losses   trillion rubles    billion current exchange rate   macron  europe preparing  day  ukraine  france   uk finalizing plan deploy  thousand troops per nation  key areas like kyiv  odesa   lviv training   long term support putin trump meeting prepared  says putin assistant ushakov ukraine lift martial law hold elections  day truce declared  says advisor head office president ukraine mykhailo podolyak eu recommends member states voluntarily contribute € b military aid ukraine year  creating special fund massive drone attack russia’s tuapse happened overnight   explosions heard local tuapse oil refinery afu officially withdrawn kursk smo zone french parliament called seizure frozen russian assets aid ukraine▶telegramhttps rentry org telosinthttps ukr pics▶intelhttps deepstateenhttps odin tradoc army mil weg  equipmentexplorer https ukr warspotting net  visually confirmed losses ▶mapshttps deepstatemap live enhttps liveuamap com en▶disposable soldier  diary ru mobik tour   files catbox moe fuhc txttour   files catbox moe ujwut txttour   files catbox moe hmyd txttour   files catbox moe cdenxe txt,['news_&_social_concern']
p501096816,Realistically what do I do? Even if I pay $1000 a month it will take me 68 months + daily compounded interest,03/21/25(Fri)13:11:22No.501096816,realistically  even pay   month take  months   daily compounded interest,['business_&_entrepreneurs']
p501103284,WELCOME COMAC,03/21/25(Fri)14:36:54No.501103284,welcome comac,['diaries_&_daily_life']
p501086999,Would you buy a beautiful Tesla car to support Elon Musk?,03/21/25(Fri)10:56:53No.501086999,would buy beautiful tesla car support elon musk ,"['business_&_entrepreneurs', 'science_&_technology']"
p501102661,"Yes, we need to convince our leftists here to leave to europe, make all 50 states red, europe would love them",03/21/25(Fri)14:28:43No.501102661,yes  need convince leftists leave europe  make  states red  europe would love,['news_&_social_concern']
p501102264,Why would the government hide UFOs? Who cares if aliens visited,03/21/25(Fri)14:23:30No.501102264,would government hide ufos  cares aliens visited,['news_&_social_concern']
p501105773,"this 'log is unironically better than yours, 4cuck.",03/21/25(Fri)15:07:48No.501105773, log unironically better  cuck ,['diaries_&_daily_life']
p501095545,Have you thanked a leftist today for saving the country?,03/21/25(Fri)12:54:09No.501095545,thanked leftist today saving country ,['news_&_social_concern']
p501089389,">‘The View’ Whoopi Goldberg has a MELTDOWN and says she is “enraged” by Donald Trump saying that “There is a definite anti-White feeling in the country”>“Yeah, Sir. Nobody in your family was hung. Nobody in your family was chased because of the color of their skin. How dare you? There’s no anti-white issue here. You are perpetrating anti-humanist issues here”https://youtube.com/shorts/pu_uzPQgBaY?si=ijPsAGO98TINSBG6",03/21/25(Fri)11:31:43No.501089389, ‘the view’ whoopi goldberg meltdown says “enraged” donald trump saying “there definite anti white feeling country” “yeah  sir  nobody family hung  nobody family chased color skin  dare  there’s anti white issue  perpetrating anti humanist issues here”https youtube com shorts pu uzpqgbay si ijpsagotinsbg,['news_&_social_concern']
p501106448,"For non-americans, would you like to have Donald Trump as your president? And yes, Elon Musk would tag along.",03/21/25(Fri)15:16:47No.501106448,non americans  would like donald trump president  yes  elon musk would tag along ,['news_&_social_concern']
p501096641,Why don't women and niggers ever try to use DEI to get jobs like this?,03/21/25(Fri)13:09:05No.501096641,women niggers ever try use dei get jobs like ,"['diaries_&_daily_life', 'news_&_social_concern']"
p501103083,The orange retard gets rebuffed by the superior man,03/21/25(Fri)14:34:27No.501103083,orange retard gets rebuffed superior man,['diaries_&_daily_life']
p501106669,Why are Europeans refusing to fight?:/,03/21/25(Fri)15:19:50No.501106669,europeans refusing fight ,['news_&_social_concern']
p501076978,"GO WOKE, GO BR...",03/21/25(Fri)08:05:40No.501076978,go woke  go br ,['news_&_social_concern']
p501106017,"Happening! British glowniggers caught in Propaganda against US .>USAID Censorship Scheme Exposed; Global Engagement Center Worked With UK Government And Media Firms To Deploy AI Toolshttps://www.zerohedge.com/political/usaid-censorship-scheme-exposed-global-engagement-center-worked-uk-government-and-media>On Thursday, America First Legal (AFL) released explosive new documents obtained through ongoing litigation against the U.S. Department of State’s Global Engagement Center (GEC),> exposing a vast, government-backed censorship operation to silence Americans> under the guise of “misinformation,” “disinformation,” and “malinformation.”>The documents reveal a disturbing alliance between the GEC, the U.S. Agency for International Development (USAID),>the British Foreign, Commonwealth, Development Office (FCDO)",03/21/25(Fri)15:11:03No.501106017,happening  british glowniggers caught propaganda us  usaid censorship scheme exposed  global engagement center worked uk government media firms deploy ai toolshttps www zerohedge com political usaid censorship scheme exposed global engagement center worked uk government media thursday  america first legal  afl  released explosive new documents obtained ongoing litigation u  department state’s global engagement center  gec  exposing vast  government backed censorship operation silence americans  guise “misinformation ” “disinformation ” “malinformation ” documents reveal disturbing alliance gec  u  agency international development  usaid british foreign  commonwealth  development office  fcdo ,['news_&_social_concern']
p501101876,why work in a cubicle if russia will kill us soon,03/21/25(Fri)14:18:28No.501101876,work cubicle russia kill us soon,"['diaries_&_daily_life', 'news_&_social_concern']"
p501096641,Why don't women and niggers ever try to use DEI to get jobs like this?,03/21/25(Fri)13:09:05No.501096641,women niggers ever try use dei get jobs like ,"['diaries_&_daily_life', 'news_&_social_concern']"
p501101820,>White-East Asian interbreeding le bad in principle because it just is okay.,03/21/25(Fri)14:17:48No.501101820, white east asian interbreeding le bad principle okay ,['news_&_social_concern']
p501096289,Poilievre is afraid...he has no policy. The conservatives have no policy; they look at the opinion polls and then try to softball pander to the polls instead of having real plans and real leadership. Poilievre caved on the vax tyranny. Poilievre is sucking Hindu ass for votes...Poilievre has never been anything more than a politician. He's never worked in the free enterprise sector...https://www.youtube.com/watch?v=Kwg3BIwpZLE[Embed],03/21/25(Fri)13:04:16No.501096289,poilievre afraid policy  conservatives policy  look opinion polls try softball pander polls instead real plans real leadership  poilievre caved vax tyranny  poilievre sucking hindu ass votes poilievre never anything politician  never worked free enterprise sector https www youtube com watch v kwgbiwpzle embed ,['news_&_social_concern']
p501101640,,03/21/25(Fri)14:15:39No.501101640,,
p501104766,They're afraid of fairy tales.,03/21/25(Fri)14:55:11No.501104766,afraid fairy tales ,['arts_&_culture']
p501103284,WELCOME COMAC,03/21/25(Fri)14:36:54No.501103284,welcome comac,['diaries_&_daily_life']
p501089839,"Sorry Britbros, but coffee is so much more delicious than tea. I'm on my 10th cup for the day. Black, of course. No sugar. The only way to drink coffee.",03/21/25(Fri)11:37:42No.501089839,sorry britbros  coffee much delicious tea  th cup day  black  course  sugar  way drink coffee ,"['diaries_&_daily_life', 'food_&_dining']"
p501103732,Wikipedia refuses to recognize English as the official US Language,03/21/25(Fri)14:42:17No.501103732,wikipedia refuses recognize english official us language,['science_&_technology']
p501099640,America was not founded by these subhuman pagans. They don't belong here. Post jeet memes.,03/21/25(Fri)13:49:40No.501099640,america founded subhuman pagans  belong  post jeet memes ,['news_&_social_concern']
p501102729,">Trump is 'open to the idea' of selling F-35 jets to Turkey if the Russia-made S-400 system is made inoperable through partially disassembling, sources tell Fox Newsallahu akbar we will blow up greece with our new stealth jets. thank you orange man.",03/21/25(Fri)14:29:37No.501102729, trump  open idea  selling f  jets turkey russia made  system made inoperable partially disassembling  sources tell fox newsallahu akbar blow greece new stealth jets  thank orange man ,"['news_&_social_concern', 'science_&_technology']"
p501101876,why work in a cubicle if russia will kill us soon,03/21/25(Fri)14:18:28No.501101876,work cubicle russia kill us soon,"['diaries_&_daily_life', 'news_&_social_concern']"
p501096289,Poilievre is afraid...he has no policy. The conservatives have no policy; they look at the opinion polls and then try to softball pander to the polls instead of having real plans and real leadership. Poilievre caved on the vax tyranny. Poilievre is sucking Hindu ass for votes...Poilievre has never been anything more than a politician. He's never worked in the free enterprise sector...https://www.youtube.com/watch?v=Kwg3BIwpZLE[Embed],03/21/25(Fri)13:04:16No.501096289,poilievre afraid policy  conservatives policy  look opinion polls try softball pander polls instead real plans real leadership  poilievre caved vax tyranny  poilievre sucking hindu ass votes poilievre never anything politician  never worked free enterprise sector https www youtube com watch v kwgbiwpzle embed ,['news_&_social_concern']
p501099362,notice something,03/21/25(Fri)13:45:26No.501099362,notice something,['diaries_&_daily_life']
p501101001,"the stock market is going down, tesla is deading, the maga leaders and running from the town halls, and judges are fucking over trump on every levelhttps://www.youtube.com/watch?v=H6XAwrnWADw&t=2425s[Embed]",03/21/25(Fri)14:07:25No.501101001,stock market going  tesla deading  maga leaders running town halls  judges fucking trump every levelhttps www youtube com watch v hxawrnwadw embed ,['news_&_social_concern']
p501094167,Should all russians be expelled from European countries? I think it would lead to lasting peace.,03/21/25(Fri)12:35:14No.501094167,russians expelled european countries  think would lead lasting peace ,['news_&_social_concern']
p501081505,>make a nigger slave turned sword holder a Samurai>make him have sex with Japanese royalty>make him destroy Shinto shrines>make him kill actual Samurai>make japanese people non binary>make a white man an antagonist of the gameWhy would Indians do this? What do they have against Japan?,03/21/25(Fri)09:30:35No.501081505, make nigger slave turned sword holder samurai make sex japanese royalty make destroy shinto shrines make kill actual samurai make japanese people non binary make white man antagonist gamewhy would indians  japan ,['news_&_social_concern']
p501097433,Every 27 days China opens a new nuclear power plant.,03/21/25(Fri)13:19:30No.501097433,every  days china opens new nuclear power plant ,"['news_&_social_concern', 'science_&_technology']"
p501104654,>government doesn't care how many of them will die>allies don't care>they don't careare ukranians the most hated and worthless nation in the world?,03/21/25(Fri)14:53:48No.501104654, government care many die allies care careare ukranians hated worthless nation world ,['news_&_social_concern']
p501101985,"For whoever cares to hear about it, there is massive defrauding of the taxpayers occurring at FCI Thomson in Illinois. It is a federal prison that used to be a state super max, but it got shut down after being deemed inhumane. The feds bought the vacant building and turned it into a low-security prison, and now have about 2000 inmates there. Approximately half the staff at FCI Thomson used to work at the super-max, and during that time their pay was substantially higher. Why? Because at a super-max, staff members automatically get hazard pay.So, how is the administration trying to make up for the pay reduction? Why, by putting the entire prison on lockdown continuously of course.In the feds, going on lockdown means keeping all the inmates in the 2 man cells continuously, which effectively turns the whole prison into the SHU. It has the side-effect of cutting the inmates off from any physical means of communication to the outside. And it also has the side-effect of ensuring that all the guards and staff make huge amounts of overtime whilst actually performing less work. Although their shifts become longer, all the programming and most administrative request processes become disabled. The guards at Thomson go a little bit further by only letting the kitchen staff out for a few hours during lockdowns, so the guards do not even have to take over cooking / passing out the food either (except for unlocking the small slot on the door).The general idea behind lockdowns in the feds is that they are supposed to be an extraordinary measure in response to some extreme danger. Basically, if there's a race riot or a gang war, a prison will go on lockdown. Its not supposed to be the normal status of a prison, because it will eventually make people go violent and crazy. At FCI Thomson, they spent ~3 months out of the last year on lockdown, and so far in 2025 they have spent 40 days on lockdown. We are only 3 months into the year, and this is for low-security inmates!",03/21/25(Fri)14:19:52No.501101985,whoever cares hear  massive defrauding taxpayers occurring fci thomson illinois  federal prison used state super max  got shut deemed inhumane  feds bought vacant building turned low security prison   inmates  approximately half staff fci thomson used work super max  time pay substantially higher   super max  staff members automatically get hazard pay  administration trying make pay reduction   putting entire prison lockdown continuously course feds  going lockdown means keeping inmates  man cells continuously  effectively turns whole prison shu  side effect cutting inmates physical means communication outside  also side effect ensuring guards staff make huge amounts overtime whilst actually performing less work  although shifts become longer  programming administrative request processes become disabled  guards thomson go little bit letting kitchen staff hours lockdowns  guards even take cooking   passing food either  except unlocking small slot door general idea behind lockdowns feds supposed extraordinary measure response extreme danger  basically  race riot gang war  prison go lockdown  supposed normal status prison  eventually make people go violent crazy  fci thomson  spent   months last year lockdown  far  spent  days lockdown   months year  low security inmates ,['news_&_social_concern']
p501098958,>kill all of our domestic chickens because fake pcr test said to>Have no eggs>Beg for eggs from countries that didn't test or genocide their chickens,03/21/25(Fri)13:40:04No.501098958, kill domestic chickens fake pcr test said eggs beg eggs countries test genocide chickens,"['news_&_social_concern', 'science_&_technology']"
p501104021,"how did he recast himself as the king of the libtards so sucessfully? guy has made ""Free Luigi"" his whole personality recently",03/21/25(Fri)14:46:01No.501104021,recast king libtards sucessfully  guy made  free luigi  whole personality recently,"['celebrity_&_pop_culture', 'news_&_social_concern']"
p501100875,"PRESIDENT DONALD J TRUMP @POTUS45https://www.donaldjtrump.com/https://www.thetrumparchive.com/https://x.com/realDonaldTrumphttps://truthsocial.com/@realDonaldTrumphttps://rumble.com/c/DonaldTrumphttps://www.tiktok.com/@realdonaldtrump>President Trump Officehttps://www.whitehouse.gov/https://www.youtube.com/user/whitehousehttps://www.flickr.com/photos/whitehouse/>Liz Harrington (Trump Spox) https://twitter.com/realLizUSA>Donald J Trump Presidential Libraryhttps://www.trumplibrary.gov/@realDonaldTrump @TeamTrump @TrumpWarRoom>b-but Trump hasnt done anything!ARCHIVED LINKS https://pastebin.com/eAhgNyeXNEW APPEARANCES>Pres Trump at Friends of Ireland Luncheon, Washington, DC 3/12/2025https://youtu.be/bKW1VniMRm0[Embed]>Pres Trump Bilateral Meeting with Irish Taoiseach Micheal Martin, Washington, DC 3/12/2025https://youtu.be/EwNFmsO_5xs[Embed]>Pres Trump Remarks at the Digital Assets Summit, Washington, DC 3/7/2025https://youtu.be/omP3GPxaVog[Embed]>Pres Trump Address to Congress, Washington, DC 3/4/2025https://youtu.be/XkFKNkAEzQ8[Embed]>VP JD Vance Delivers Remarks at the National Catholic Prayer Breakfast, Washington, DC 2/28/2025https://youtu.be/dCY0b1wWX9A[Embed]>Pres Trump Press Conference with UK PM Keir Starmer, Washington, DC 2/27/2025https://youtu.be/dJSaNSSj_4c[Embed]>Pres Trump Cabinet Meeting, Washington, DC 2/26/2025https://youtu.be/OMpL4Hze__4[Embed]>Pres Trump Press Conference with Emmanuel Macron, Washington, DC 2/24/2025https://youtu.be/F_icClkj0Eo[Embed]>Pres Trump at CPAC, Washington, DC 2/22/2025https://rumble.com/v6o31mi-full-speech-president-donald-j.-trump-headlines-cpac-2025-22225.html (RSBN)>Pres Trump at Governors Working Session, Washington, DC 2/22/2025https://youtu.be/4iyqZsE9bkA[Embed]>TrumpVideo: WE WILL WIN 6/19/23https://rumble.com/v2v6m2a>MAKE AMERICA GREAT AGAIN, AGAIN! 10/28/21https://rumble.com/voe8gm>God Bless the USA (Donald J Trump) 10/20/16https://youtu.be/O_PC_fy0fk0[Embed]OP pastebin: http://pastebin.com/X4KiALfhprev>>501093155 →",03/21/25(Fri)14:05:55No.501100875,president donald j trump  potushttps www donaldjtrump com https www thetrumparchive com https x com realdonaldtrumphttps truthsocial com realdonaldtrumphttps rumble com c donaldtrumphttps www tiktok com realdonaldtrump president trump officehttps www whitehouse gov https www youtube com user whitehousehttps www flickr com photos whitehouse liz harrington  trump spox  https twitter com reallizusa donald j trump presidential libraryhttps www trumplibrary gov realdonaldtrump  teamtrump  trumpwarroom b trump hasnt done anything archived links https pastebin com eahgnyexnew appearances pres trump friends ireland luncheon  washington  dc   https youtu bkwvnimrm embed pres trump bilateral meeting irish taoiseach micheal martin  washington  dc   https youtu ewnfmso xs embed pres trump remarks digital assets summit  washington  dc   https youtu ompgpxavog embed pres trump address congress  washington  dc   https youtu xkfknkaezq embed vp jd vance delivers remarks national catholic prayer breakfast  washington  dc   https youtu dcybwwxa embed pres trump press conference uk pm keir starmer  washington  dc   https youtu djsanssj c embed pres trump cabinet meeting  washington  dc   https youtu omplhze  embed pres trump press conference emmanuel macron  washington  dc   https youtu f icclkjeo embed pres trump cpac  washington  dc   https rumble com vomi full speech president donald j trump headlines cpac   html  rsbn pres trump governors working session  washington  dc   https youtu iyqzsebka embed trumpvideo  win   https rumble com vvma make america great     https rumble com voegm god bless usa  donald j trump    https youtu pc fyfk embed op pastebin  http pastebin com xkialfhprev  →,['news_&_social_concern']
p501106021,WHY does this keep HAPPENING?!?!https://www.dailymail.co.uk/news/article-14515317/Married-teacher-underage-boys-gang-bang-scream-mask-brittany-fortinberry.html,03/21/25(Fri)15:11:07No.501106021,keep happening https www dailymail co uk news article  married teacher underage boys gang bang scream mask brittany fortinberry html,['news_&_social_concern']
p501094535,You now remember this,03/21/25(Fri)12:40:39No.501094535,remember,['diaries_&_daily_life']
p501099640,America was not founded by these subhuman pagans. They don't belong here. Post jeet memes.,03/21/25(Fri)13:49:40No.501099640,america founded subhuman pagans  belong  post jeet memes ,['news_&_social_concern']
p501103530,"White aryan chad from South india hereI dont understandDo white fathers ever tell their snow bunnies to dress modestly, be fully covered, and not be promiscuous? Or is it just Western culture, since women in the East don’t engage in that cuckoldry?",03/21/25(Fri)14:39:43No.501103530,white aryan chad south india herei dont understanddo white fathers ever tell snow bunnies dress modestly  fully covered  promiscuous  western culture  since women east don’t engage cuckoldry ,"['fashion_&_style', 'news_&_social_concern']"
p501098958,>kill all of our domestic chickens because fake pcr test said to>Have no eggs>Beg for eggs from countries that didn't test or genocide their chickens,03/21/25(Fri)13:40:04No.501098958, kill domestic chickens fake pcr test said eggs beg eggs countries test genocide chickens,"['news_&_social_concern', 'science_&_technology']"
p501105110,,03/21/25(Fri)14:59:17No.501105110,,
p501102838,"Trump's full response:""Well, you know, I was given the task of releasing that, because many presidents have gone through it and they haven’t released. And I said, release. We even released Social Security numbers. I didn’t want anything deleted. They said, sir, what about Social Security? People long gone. But they’re long gone, so I can’t imagine.But I said, if you don’t delete it, if you do delete it, we have people that are going to say, why did you delete it? There’s something in there. So we gave Social Security, and we gave everything. And the rest is for you to look at, Peter. You’re going to see whether or not you see anything. But we’ve given it. We’re doing it with Dr. Martin Luther King, too. They’re preparing all of that. They’re going to release everything. and whoever else they want. I mean, you know, we have nothing. We really have nothing to hide. We shouldn’t have.You know, when a lot of time goes by. But with the Kennedy files, in particular, they were going crazy on them. I don’t think there’s anything. that’s earth-shattering, but you’ll have to make that determination. In those, you know, it’s 80,000. It’s actually 88,000. And we have some additional things, as you know, come out today. And for that, you can go to the offices and you can see whatever you want to see. Everything is out there, totally open. The additional stuff is available later on today. You go over to the offices and you can have it immediately. And you’ll make a determination.""https://www.mediaite.com/tv/trump-cant-answer-when-peter-doocy-asks-simple-question-who-killed-kennedy/It's a good thing those 80,000 JFK files were released! Promises made, promises kept!",03/21/25(Fri)14:31:12No.501102838,trump full response well  know  given task releasing  many presidents gone haven’t released  said  release  even released social security numbers  didn’t want anything deleted  said  sir  social security  people long gone  they’re long gone  can’t imagine said  don’t delete  delete  people going say  delete  there’s something  gave social security  gave everything  rest look  peter  you’re going see whether see anything  we’ve given  we’re dr  martin luther king   they’re preparing  they’re going release everything  whoever else want  mean  know  nothing  really nothing hide  shouldn’t know  lot time goes  kennedy files  particular  going crazy  don’t think there’s anything  that’s earth shattering  you’ll make determination   know  it’s    it’s actually    additional things  know  come today   go offices see whatever want see  everything  totally open  additional stuff available later today  go offices immediately  you’ll make determination https www mediaite com tv trump cant answer peter doocy asks simple question killed kennedy good thing   jfk files released  promises made  promises kept ,['news_&_social_concern']
p501096289,Poilievre is afraid...he has no policy. The conservatives have no policy; they look at the opinion polls and then try to softball pander to the polls instead of having real plans and real leadership. Poilievre caved on the vax tyranny. Poilievre is sucking Hindu ass for votes...Poilievre has never been anything more than a politician. He's never worked in the free enterprise sector...https://www.youtube.com/watch?v=Kwg3BIwpZLE[Embed],03/21/25(Fri)13:04:16No.501096289,poilievre afraid policy  conservatives policy  look opinion polls try softball pander polls instead real plans real leadership  poilievre caved vax tyranny  poilievre sucking hindu ass votes poilievre never anything politician  never worked free enterprise sector https www youtube com watch v kwgbiwpzle embed ,['news_&_social_concern']
p501097749,">guy investigates government agencies for wasteful spending of tax dollars>liberals: AAAAAAAAAAAHHHHHHHHHHHHH LITERAL NAZI!!!!!!!!!!!!! *rolling on the ground screaming, pissing, and shitting themselves>vandalize people's cars because they guy owns the company, call SWAT teams to the homes of his supportersthey're getting more and more unhinged and violent over the little shit every year, by the time Trump leaves office there will be a literal civil war",03/21/25(Fri)13:23:54No.501097749, guy investigates government agencies wasteful spending tax dollars liberals  aaaaaaaaaaahhhhhhhhhhhhh literal nazi   rolling ground screaming  pissing  shitting vandalize people cars guy owns company  call swat teams homes supportersthey getting unhinged violent little shit every year  time trump leaves office literal civil war,['news_&_social_concern']
p501105820,https://youtu.be/LcVn7kn0VuM[Embed]When will they learn?,03/21/25(Fri)15:08:24No.501105820,https youtu lcvnknvum embed learn ,['diaries_&_daily_life']
p501099049,"Uh oh.. looks like theyre turning comments off, just like biden did. Sigh.",03/21/25(Fri)13:41:07No.501099049,uh oh  looks like theyre turning comments  like biden  sigh ,['news_&_social_concern']
p501099049,"Uh oh.. looks like theyre turning comments off, just like biden did. Sigh.",03/21/25(Fri)13:41:07No.501099049,uh oh  looks like theyre turning comments  like biden  sigh ,['news_&_social_concern']
p501092555,"Protestantism is to me a sort of anti-religion. Over the course of its existence, it has shattered the cultural patrimony of Europe and denuded Christianity of all its venerable religious traditions. It led Europeans down a slippery slope that passed by Liberalism, Deism and the so-called Enlightenment and crapped us out in Nihilismland, where marxist thugs, satanists and positivist pointyheads all putt about. I can't imagine why anyone wanting to convert to Christianity would choose a protestant denomination as their first preference.",03/21/25(Fri)12:13:04No.501092555,protestantism sort anti religion  course existence  shattered cultural patrimony europe denuded christianity venerable religious traditions  led europeans slippery slope passed liberalism  deism called enlightenment crapped us nihilismland  marxist thugs  satanists positivist pointyheads putt  imagine anyone wanting convert christianity would choose protestant denomination first preference ,['news_&_social_concern']
p501096666,"Hitler wrote this 100 years ago in Mein Kampf, how the fuck can anyone still deny it when he has predicted EVERYTHING. You're literally retarded if you can't see how unlikely it would be for him to just guess and arrive at almost prophetic writing. It's the Jews.",03/21/25(Fri)13:09:25No.501096666,hitler wrote  years ago mein kampf  fuck anyone still deny predicted everything  literally retarded see unlikely would guess arrive almost prophetic writing  jews ,"['arts_&_culture', 'news_&_social_concern']"
p501104662,tf vladdy gon do?,03/21/25(Fri)14:53:52No.501104662,tf vladdy gon ,[]
p501105833,REMINDER - YOU VOTED FOR HIGH GROCERY PRICEShttps://x.com/atrupar/status/1903079341010854054,03/21/25(Fri)15:08:36No.501105833,reminder   voted high grocery priceshttps x com atrupar status ,"['business_&_entrepreneurs', 'news_&_social_concern']"
p501105917,I find this disrespectful honestly. Does the CIA even bother trying at all anymore?,03/21/25(Fri)15:09:50No.501105917,find disrespectful honestly  cia even bother trying anymore ,['diaries_&_daily_life']
p501092555,"Protestantism is to me a sort of anti-religion. Over the course of its existence, it has shattered the cultural patrimony of Europe and denuded Christianity of all its venerable religious traditions. It led Europeans down a slippery slope that passed by Liberalism, Deism and the so-called Enlightenment and crapped us out in Nihilismland, where marxist thugs, satanists and positivist pointyheads all putt about. I can't imagine why anyone wanting to convert to Christianity would choose a protestant denomination as their first preference.",03/21/25(Fri)12:13:04No.501092555,protestantism sort anti religion  course existence  shattered cultural patrimony europe denuded christianity venerable religious traditions  led europeans slippery slope passed liberalism  deism called enlightenment crapped us nihilismland  marxist thugs  satanists positivist pointyheads putt  imagine anyone wanting convert christianity would choose protestant denomination first preference ,['news_&_social_concern']
p501096666,"Hitler wrote this 100 years ago in Mein Kampf, how the fuck can anyone still deny it when he has predicted EVERYTHING. You're literally retarded if you can't see how unlikely it would be for him to just guess and arrive at almost prophetic writing. It's the Jews.",03/21/25(Fri)13:09:25No.501096666,hitler wrote  years ago mein kampf  fuck anyone still deny predicted everything  literally retarded see unlikely would guess arrive almost prophetic writing  jews ,"['arts_&_culture', 'news_&_social_concern']"
p501089871,Made by boeing though so will it be bogged? Apparently it's been flying for 5 years,03/21/25(Fri)11:38:10No.501089871,made boeing though bogged  apparently flying  years,['diaries_&_daily_life']
p501100490,How is Trump destroying america? Name every step he is taking on this direction.,03/21/25(Fri)14:01:14No.501100490,trump destroying america  name every step taking direction ,['news_&_social_concern']
p501080179,Who convinced the majority that shitalians are white? They’re literally brown semitic tomatokikes,03/21/25(Fri)09:05:38No.501080179,convinced majority shitalians white  they’re literally brown semitic tomatokikes,['news_&_social_concern']
p501103671,What was the point of Assad?,03/21/25(Fri)14:41:32No.501103671,point assad ,[]
p501080933,,03/21/25(Fri)09:19:55No.501080933,,
p501105139,UK: The prime minster firmly believes his nation’s rape gang crisis is due to Islamophobia. If the English would just adopt Pakistani culture they would stop raping children.YOUR HATE IS TO BLAME FOR CHILDREN BEING RAPED.https://x.com/amuse/status/1903019271849959803,03/21/25(Fri)14:59:33No.501105139,uk  prime minster firmly believes nation’s rape gang crisis due islamophobia  english would adopt pakistani culture would stop raping children hate blame children raped https x com amuse status ,['news_&_social_concern']
p501103530,"White aryan chad from South india hereI dont understandDo white fathers ever tell their snow bunnies to dress modestly, be fully covered, and not be promiscuous? Or is it just Western culture, since women in the East don’t engage in that cuckoldry?",03/21/25(Fri)14:39:43No.501103530,white aryan chad south india herei dont understanddo white fathers ever tell snow bunnies dress modestly  fully covered  promiscuous  western culture  since women east don’t engage cuckoldry ,"['fashion_&_style', 'news_&_social_concern']"
p501097253,"india failed to attract factories from china, what went wrong?>https://x.com/BeijingDai/status/1903078818258329813/photo/1Reuters reported that India has abandoned its four-year, $23 billion PLI program. The sole purpose of this plan is to attract manufacturing to leave China and come to India, increasing the proportion of manufacturing in the Indian economy to 25% by 2025. However, the reality is that the proportion of manufacturing in India's GDP has decreased from 16% in 2015 to 13% now.India's GDP is still growing at a rate of around 6%, but mainly from the service industry. As long as India cannot succeed in manufacturing, its threat to China will only be verbal. The Chinese should never underestimate this threat. The Indians have fully demonstrated their hostility in the past few years. Of course, they lack the ability to realize this threat with poor manufacturing.I have always said that Modi's biggest strategic mistake is to make the Chinese greatly increase their vigilance against India. The Chinese government allowed Chinese mobile phones, such as Xiaomi and Vivo, to invest in India before 2019, and the mobile phone industry is now basically the only highlight of Indian manufacturing, but China will never make such a mistake again.https://www.reuters.com/markets/emerging/indias-23-bln-plan-rival-china-factories-lapse-after-it-disappoints-2025-03-21/Exclusive: India's $23 billion plan to rival China factories to lapse after it disappoints",03/21/25(Fri)13:16:54No.501097253,india failed attract factories china  went wrong https x com beijingdai status  photo reuters reported india abandoned four year    billion pli program  sole purpose plan attract manufacturing leave china come india  increasing proportion manufacturing indian economy     however  reality proportion manufacturing india gdp decreased      india gdp still growing rate around   mainly service industry  long india cannot succeed manufacturing  threat china verbal  chinese never underestimate threat  indians fully demonstrated hostility past years  course  lack ability realize threat poor manufacturing always said modi biggest strategic mistake make chinese greatly increase vigilance india  chinese government allowed chinese mobile phones  xiaomi vivo  invest india   mobile phone industry basically highlight indian manufacturing  china never make mistake https www reuters com markets emerging indias  bln plan rival china factories lapse disappoints    exclusive  india   billion plan rival china factories lapse disappoints,"['business_&_entrepreneurs', 'news_&_social_concern']"
p501102658,"antifa violence, endless new waves of vandalism, and now ordering assassination-by-cop on peoplewtf else do they need to do before people step in?or are they just hoping the right will take matters into their own hands so they can blame it on them?",03/21/25(Fri)14:28:41No.501102658,antifa violence  endless new waves vandalism  ordering assassination cop peoplewtf else need people step hoping right take matters hands blame ,['news_&_social_concern']
p501105134,"If you want to know the Blueprint for the recent ""protests"" in Serbia, Georgia, Slovakia and Hungary, look to Poland, where the NED already financed a Color Revolution in 2023. Do you think that History does repeat itself?https://en.m.wikipedia.org/wiki/2023_Polish_protests",03/21/25(Fri)14:59:30No.501105134,want know blueprint recent  protests  serbia  georgia  slovakia hungary  look poland  ned already financed color revolution   think history repeat https en wikipedia org wiki  polish protests,['news_&_social_concern']
p501106073,.,03/21/25(Fri)15:11:51No.501106073, ,
p501104049,>date a woman 13 years older than you>get called a pedo,03/21/25(Fri)14:46:19No.501104049, date woman  years older get called pedo,['diaries_&_daily_life']
p501104637,">Ending Federal Oversight on Civil Rights - Without the DOE enforcing anti-discrimination laws, schools would no longer be pressured to integrate or adhere to forced diversity measures. Local districts could establish their own policies that better reflect the values and demographics of their communities.>Redirecting Funding to Neighborhood Schools - Federal funding often takes money from wealthier areas and redistributes it to low-income districts. Without the DOE, tax dollars could stay within their own communities, ensuring that schools reflect the economic and cultural priorities of the families they serve.>Allowing Local Control Over Education Policy - Instead of being subject to one-size-fits-all federal mandates, states and districts could create education policies that cater to their own populations. This could lead to more traditional schooling environments where communities can uphold their own standards without outside influence.>Expanding School Choice and Private Education - Removing the DOE would likely lead to more school choice, including private schools, charter schools, and voucher programs. This would allow families to select schools that align with their values and academic expectations rather than being forced into government-mandated integration programs.>Eliminating Forced Integration Programs - Programs designed to mix student populations across racial and economic lines, such as busing or magnet schools, would no longer receive federal support. Schools would naturally reflect the composition of their neighborhoods, allowing for a more homogenous and culturally cohesive learning environment.By dismantling the DOE, education would return to local and parental control, ensuring that schools serve the interests of their own communities rather than being shaped by federal policies aimed at forced integration.",03/21/25(Fri)14:53:30No.501104637, ending federal oversight civil rights   without doe enforcing anti discrimination laws  schools would longer pressured integrate adhere forced diversity measures  local districts could establish policies better reflect values demographics communities redirecting funding neighborhood schools   federal funding often takes money wealthier areas redistributes low income districts  without doe  tax dollars could stay within communities  ensuring schools reflect economic cultural priorities families serve allowing local control education policy   instead subject one size fits federal mandates  states districts could create education policies cater populations  could lead traditional schooling environments communities uphold standards without outside influence expanding school choice private education   removing doe would likely lead school choice  including private schools  charter schools  voucher programs  would allow families select schools align values academic expectations rather forced government mandated integration programs eliminating forced integration programs   programs designed mix student populations across racial economic lines  busing magnet schools  would longer receive federal support  schools would naturally reflect composition neighborhoods  allowing homogenous culturally cohesive learning environment dismantling doe  education would return local parental control  ensuring schools serve interests communities rather shaped federal policies aimed forced integration ,"['learning_&_educational', 'news_&_social_concern', 'youth_&_student_life']"
p501105036,North Sentinel Island hate thread.Hate on these niggers.If you zoom in on pic rel you can see his TBC.,03/21/25(Fri)14:58:22No.501105036,north sentinel island hate thread hate niggers zoom pic rel see tbc ,['news_&_social_concern']
p501101332,"Germany the supposed ""based"" AfD party>Oh my Science! We need LEGAL immigrants not ILLEGAL ones!>""We are Israel's greatest ally!"">Led by a Dyke married to a refugeePOLAND'S supposedly ""liberal"" PM>Annouced TMD (Total Migration Death)>Signed Schießbefehle (Shooting-Orders) at the Poland-Belarus Border>He is also putting mines on that border>He is re-arming the PAF(Polish Armed Forces)Why is Poland so based? Polackbros... I kneel...",03/21/25(Fri)14:11:43No.501101332,germany supposed  based  afd party oh science  need legal immigrants illegal ones israel greatest ally led dyke married refugeepoland supposedly  liberal  pm annouced tmd  total migration death signed schießbefehle  shooting orders  poland belarus border also putting mines border arming paf polish armed forces poland based  polackbros  kneel ,['news_&_social_concern']
p501102188,i just learnt about chemtrails,03/21/25(Fri)14:22:28No.501102188,learnt chemtrails,"['news_&_social_concern', 'science_&_technology']"
p501100764,,03/21/25(Fri)14:04:47No.501100764,,
p501103637,"She is objectively nasty, has a world class RBF, and is a TDS nut.Famously, destroyed Sarah Palin with that fish in a barrel interview.Despite this, there is barely anything negative about her found through search results on Google and Youtube. How can she not have hundreds of compilations of her being a cunt???She is also protected on Google search autocomplete...Does anyone have an explanation for the lack of negativity online? Is she a mockingbird asset?",03/21/25(Fri)14:41:06No.501103637,objectively nasty  world class rbf  tds nut famously  destroyed sarah palin fish barrel interview despite  barely anything negative found search results google youtube  hundreds compilations cunt also protected google search autocomplete anyone explanation lack negativity online  mockingbird asset ,"['news_&_social_concern', 'sports']"
p501104855,"Why do americans hate mexicans so much? I can understand hating niggers, but mexicans? They are hardworking christians, literally the salt of the earth.They were the ones taking care of mowing your lawn and for cheap cleaning services and this is how you people treat them?White people charge an arm and a leg for labor work. Good luck finding affordable service.White men also overwhelmingly date latinas which means that now there will be more of them being deported.",03/21/25(Fri)14:56:16No.501104855,americans hate mexicans much  understand hating niggers  mexicans  hardworking christians  literally salt earth ones taking care mowing lawn cheap cleaning services people treat white people charge arm leg labor work  good luck finding affordable service white men also overwhelmingly date latinas means deported ,['news_&_social_concern']
p501105139,UK: The prime minster firmly believes his nation’s rape gang crisis is due to Islamophobia. If the English would just adopt Pakistani culture they would stop raping children.YOUR HATE IS TO BLAME FOR CHILDREN BEING RAPED.https://x.com/amuse/status/1903019271849959803,03/21/25(Fri)14:59:33No.501105139,uk  prime minster firmly believes nation’s rape gang crisis due islamophobia  english would adopt pakistani culture would stop raping children hate blame children raped https x com amuse status ,['news_&_social_concern']
p501102899,">yeah bro im gonna escape and live inna woods>yeah every city will be third world, full of indians, pride flags everywhere>but i wont let that get me down because im gonna live in a cabin in the woods to escape the zog bro!>it will be so trad and based, if anyone tries to steal from me i will shoot them broi don't get it, people try and destroy your country and your plan is to flee to the woods and live as a mollusc?",03/21/25(Fri)14:32:02No.501102899, yeah bro im gonna escape live inna woods yeah every city third world  full indians  pride flags everywhere wont let get im gonna live cabin woods escape zog bro trad based  anyone tries steal shoot broi get  people try destroy country plan flee woods live mollusc ,['news_&_social_concern']
p501101889,https://www.independent.co.uk/news/world/americas/us-politics/trump-commonwealth-offer-us-member-b2719470.html,03/21/25(Fri)14:18:38No.501101889,https www independent co uk news world americas us politics trump commonwealth offer us member b html,['news_&_social_concern']
p501101009,GENERATION ZYKLON AWAKENShttps://x.com/AFpost/status/1902892623074930912,03/21/25(Fri)14:07:29No.501101009,generation zyklon awakenshttps x com afpost status ,[]
p501105022,"Remember when schizos hyped up the JFK files for 60 years, then they were released, and it was actually just a massive nothingburger the whole time?pepridge farm remembers",03/21/25(Fri)14:58:12No.501105022,remember schizos hyped jfk files  years  released  actually massive nothingburger whole time pepridge farm remembers,[]
p501100764,,03/21/25(Fri)14:04:47No.501100764,,
p501092016,Don't complain that women don't want to be with you if you're still acting like a fucking child in your 20s.,03/21/25(Fri)12:04:51No.501092016,complain women want still acting like fucking child ,['news_&_social_concern']
p501097749,">guy investigates government agencies for wasteful spending of tax dollars>liberals: AAAAAAAAAAAHHHHHHHHHHHHH LITERAL NAZI!!!!!!!!!!!!! *rolling on the ground screaming, pissing, and shitting themselves>vandalize people's cars because they guy owns the company, call SWAT teams to the homes of his supportersthey're getting more and more unhinged and violent over the little shit every year, by the time Trump leaves office there will be a literal civil war",03/21/25(Fri)13:23:54No.501097749, guy investigates government agencies wasteful spending tax dollars liberals  aaaaaaaaaaahhhhhhhhhhhhh literal nazi   rolling ground screaming  pissing  shitting vandalize people cars guy owns company  call swat teams homes supportersthey getting unhinged violent little shit every year  time trump leaves office literal civil war,['news_&_social_concern']
p501098176,"Previous:>>501085852 →Day: 1122 — Daily battlefield assessment:https://isw.pub/UkraineConflictUpdatesISW▶Latest>Russian gas pipeline exploded in Sudzha shortly after the chimpout at Odesa, Kropotkinskaya oil pumping station continues to burn>Russians chimped out at Odesa, numerous arrivals>Engels Airbase hit by Ukraine, KH missile storage exploded>Trump claimed a ceasefire on infrastructure, Russia attacked infrastructure 2hrs later, Ukraine responds striking more refineries.>Gazprom reported losses of 1.078 trillion rubles ($12.7 billion at the current exchange rate) in 2024.>Macron: Europe is preparing for the ""day after"" in Ukraine. France & the UK are finalizing a plan to deploy ""a few thousand troops per nation"" in key areas like Kyiv, Odesa & Lviv for training & long-term support.>A Putin and Trump meeting is being prepared, says Putin's assistant Ushakov>Ukraine will not lift martial law or hold elections if a 30-day truce is declared, says advisor to the head of the Office of the President of Ukraine Mykhailo Podolyak>The EU recommends member states to voluntarily contribute €20-40B in military aid to Ukraine this year, creating a special fund.>A massive drone attack on Russia’s Tuapse happened overnight. Over 10 explosions were heard at the local Tuapse oil refinery>AFU have officially withdrawn from most of the Kursk SMO zone>The French Parliament has called for the seizure of frozen Russian assets to aid Ukraine▶Telegramhttps://rentry.org/telosint2023https://t.me/ukr_pics▶Intelhttps://t.me/DeepStateENhttps://odin.tradoc.army.mil/WEG (equipmentexplorer)https://ukr.warspotting.net (visually confirmed losses)▶Mapshttps://deepstatemap.live/enhttps://liveuamap.com/en▶DISPOSABLE SOLDIER (diary of a RU mobik)TOUR 1: files.catbox.moe/34fuhc.txtTOUR 2: files.catbox.moe/uj2wut.txtTOUR 3: files.catbox.moe/hmyd98.txtTOUR 4: files.catbox.moe/cdenxe.txt",03/21/25(Fri)13:29:43No.501098176,previous  →day   — daily battlefield assessment https isw pub ukraineconflictupdatesisw▶latest russian gas pipeline exploded sudzha shortly chimpout odesa  kropotkinskaya oil pumping station continues burn russians chimped odesa  numerous arrivals engels airbase hit ukraine  kh missile storage exploded trump claimed ceasefire infrastructure  russia attacked infrastructure hrs later  ukraine responds striking refineries gazprom reported losses   trillion rubles    billion current exchange rate   macron  europe preparing  day  ukraine  france   uk finalizing plan deploy  thousand troops per nation  key areas like kyiv  odesa   lviv training   long term support putin trump meeting prepared  says putin assistant ushakov ukraine lift martial law hold elections  day truce declared  says advisor head office president ukraine mykhailo podolyak eu recommends member states voluntarily contribute € b military aid ukraine year  creating special fund massive drone attack russia’s tuapse happened overnight   explosions heard local tuapse oil refinery afu officially withdrawn kursk smo zone french parliament called seizure frozen russian assets aid ukraine▶telegramhttps rentry org telosinthttps ukr pics▶intelhttps deepstateenhttps odin tradoc army mil weg  equipmentexplorer https ukr warspotting net  visually confirmed losses ▶mapshttps deepstatemap live enhttps liveuamap com en▶disposable soldier  diary ru mobik tour   files catbox moe fuhc txttour   files catbox moe ujwut txttour   files catbox moe hmyd txttour   files catbox moe cdenxe txt,['news_&_social_concern']
p501102899,">yeah bro im gonna escape and live inna woods>yeah every city will be third world, full of indians, pride flags everywhere>but i wont let that get me down because im gonna live in a cabin in the woods to escape the zog bro!>it will be so trad and based, if anyone tries to steal from me i will shoot them broi don't get it, people try and destroy your country and your plan is to flee to the woods and live as a mollusc?",03/21/25(Fri)14:32:02No.501102899, yeah bro im gonna escape live inna woods yeah every city third world  full indians  pride flags everywhere wont let get im gonna live cabin woods escape zog bro trad based  anyone tries steal shoot broi get  people try destroy country plan flee woods live mollusc ,['news_&_social_concern']
p501086999,Would you buy a beautiful Tesla car to support Elon Musk?,03/21/25(Fri)10:56:53No.501086999,would buy beautiful tesla car support elon musk ,"['business_&_entrepreneurs', 'science_&_technology']"
p501098829,"So what happened to the ""4d chess"" of Trump strong arming Netanyahu? I thought Netanyahu was bending the knee to Drumpf?How is this ""peace through strength""?",03/21/25(Fri)13:38:12No.501098829,happened  chess  trump strong arming netanyahu  thought netanyahu bending knee drumpf  peace strength ,['news_&_social_concern']
p501103671,What was the point of Assad?,03/21/25(Fri)14:41:32No.501103671,point assad ,[]
p501105906,>Make America Great Again means Make American Great Britain Again,03/21/25(Fri)15:09:37No.501105906, make america great means make american great britain,['news_&_social_concern']
p501105839,Trump didn't make any remarks about this dude's outfit uh. Wear a suit or else I'm going INSANEEEEEEE. HAVE YOU SAID THANKS? AAAAAAH,03/21/25(Fri)15:08:39No.501105839,trump make remarks dude outfit uh  wear suit else going insaneeeeeee  said thanks  aaaaaah,"['celebrity_&_pop_culture', 'fashion_&_style', 'news_&_social_concern']"
p501079694,,03/21/25(Fri)08:55:59No.501079694,,
p501105086,">nazi/nazism>fascist/fascismThese words have entirely and irreparably lost their meaning.I’m sorry, but no, disagreeing with you on any single or number of basic political points does not make me a fascist nazi.",03/21/25(Fri)14:58:59No.501105086, nazi nazism fascist fascismthese words entirely irreparably lost meaning i’m sorry   disagreeing single number basic political points make fascist nazi ,['news_&_social_concern']
p501103794,"""White people"" isn't even a real thing. We're literally all different. ""White"" is just a step toward Globalism. Be yourself, reabsorb the agency you're feeding to this psyopped phantom, and make your own actual acheivements instead of ""identifying"" with some acheivements of bygone eras.",03/21/25(Fri)14:42:55No.501103794, white people  even real thing  literally different   white  step toward globalism   reabsorb agency feeding psyopped phantom  make actual acheivements instead  identifying  acheivements bygone eras ,['news_&_social_concern']
p501051364,MORE DOCSITS RELEVANTISRAELI NUCLEAR PROGRAM SPOTTEDhttps://www.archives.gov/files/research/jfk/releases/2025/0318/206-10001-10012.pdf (pg5),03/20/25(Thu)22:32:38No.501051364,docsits relevantisraeli nuclear program spottedhttps www archives gov files research jfk releases      pdf  pg ,"['news_&_social_concern', 'science_&_technology']"
p501105134,"If you want to know the Blueprint for the recent ""protests"" in Serbia, Georgia, Slovakia and Hungary, look to Poland, where the NED already financed a Color Revolution in 2023. Do you think that History does repeat itself?https://en.m.wikipedia.org/wiki/2023_Polish_protests",03/21/25(Fri)14:59:30No.501105134,want know blueprint recent  protests  serbia  georgia  slovakia hungary  look poland  ned already financed color revolution   think history repeat https en wikipedia org wiki  polish protests,['news_&_social_concern']
p501101889,https://www.independent.co.uk/news/world/americas/us-politics/trump-commonwealth-offer-us-member-b2719470.html,03/21/25(Fri)14:18:38No.501101889,https www independent co uk news world americas us politics trump commonwealth offer us member b html,['news_&_social_concern']
p501096641,Why don't women and niggers ever try to use DEI to get jobs like this?,03/21/25(Fri)13:09:05No.501096641,women niggers ever try use dei get jobs like ,"['diaries_&_daily_life', 'news_&_social_concern']"
p501103382,>The only good russian is a dead oneWhy does this statement trigger nu/pol/ so much?,03/21/25(Fri)14:37:55No.501103382, good russian dead onewhy statement trigger nu pol  much ,['news_&_social_concern']
p501103284,WELCOME COMAC,03/21/25(Fri)14:36:54No.501103284,welcome comac,['diaries_&_daily_life']
p501066789,I didn’t feel it when I was younger. Now it’s like this cold void is constantly and consistently pulling my soul. What happens at the moment you die? Does consciousness stop? Do we go to a different realm? Do we collapse into the size of an atom? I’m fucking terrified . I can’t really watch and movies or television anymore . It’s like my consciousness is so aware of reality that I disassociate within. These feelings got worse the more I dwelled into gnostic thought processes.,03/21/25(Fri)03:56:09No.501066789,didn’t feel younger  it’s like cold void constantly consistently pulling soul  happens moment die  consciousness stop  go different realm  collapse size atom  i’m fucking terrified   can’t really watch movies television anymore   it’s like consciousness aware reality disassociate within  feelings got worse dwelled gnostic thought processes ,['film_tv_&_video']
p501089871,Made by boeing though so will it be bogged? Apparently it's been flying for 5 years,03/21/25(Fri)11:38:10No.501089871,made boeing though bogged  apparently flying  years,['diaries_&_daily_life']
p501103671,What was the point of Assad?,03/21/25(Fri)14:41:32No.501103671,point assad ,[]
p501090115,>Jewish female humourThis made me chuckle,03/21/25(Fri)11:41:23No.501090115, jewish female humourthis made chuckle,"['diaries_&_daily_life', 'news_&_social_concern']"
p501100875,"PRESIDENT DONALD J TRUMP @POTUS45https://www.donaldjtrump.com/https://www.thetrumparchive.com/https://x.com/realDonaldTrumphttps://truthsocial.com/@realDonaldTrumphttps://rumble.com/c/DonaldTrumphttps://www.tiktok.com/@realdonaldtrump>President Trump Officehttps://www.whitehouse.gov/https://www.youtube.com/user/whitehousehttps://www.flickr.com/photos/whitehouse/>Liz Harrington (Trump Spox) https://twitter.com/realLizUSA>Donald J Trump Presidential Libraryhttps://www.trumplibrary.gov/@realDonaldTrump @TeamTrump @TrumpWarRoom>b-but Trump hasnt done anything!ARCHIVED LINKS https://pastebin.com/eAhgNyeXNEW APPEARANCES>Pres Trump at Friends of Ireland Luncheon, Washington, DC 3/12/2025https://youtu.be/bKW1VniMRm0[Embed]>Pres Trump Bilateral Meeting with Irish Taoiseach Micheal Martin, Washington, DC 3/12/2025https://youtu.be/EwNFmsO_5xs[Embed]>Pres Trump Remarks at the Digital Assets Summit, Washington, DC 3/7/2025https://youtu.be/omP3GPxaVog[Embed]>Pres Trump Address to Congress, Washington, DC 3/4/2025https://youtu.be/XkFKNkAEzQ8[Embed]>VP JD Vance Delivers Remarks at the National Catholic Prayer Breakfast, Washington, DC 2/28/2025https://youtu.be/dCY0b1wWX9A[Embed]>Pres Trump Press Conference with UK PM Keir Starmer, Washington, DC 2/27/2025https://youtu.be/dJSaNSSj_4c[Embed]>Pres Trump Cabinet Meeting, Washington, DC 2/26/2025https://youtu.be/OMpL4Hze__4[Embed]>Pres Trump Press Conference with Emmanuel Macron, Washington, DC 2/24/2025https://youtu.be/F_icClkj0Eo[Embed]>Pres Trump at CPAC, Washington, DC 2/22/2025https://rumble.com/v6o31mi-full-speech-president-donald-j.-trump-headlines-cpac-2025-22225.html (RSBN)>Pres Trump at Governors Working Session, Washington, DC 2/22/2025https://youtu.be/4iyqZsE9bkA[Embed]>TrumpVideo: WE WILL WIN 6/19/23https://rumble.com/v2v6m2a>MAKE AMERICA GREAT AGAIN, AGAIN! 10/28/21https://rumble.com/voe8gm>God Bless the USA (Donald J Trump) 10/20/16https://youtu.be/O_PC_fy0fk0[Embed]OP pastebin: http://pastebin.com/X4KiALfhprev>>501093155 →",03/21/25(Fri)14:05:55No.501100875,president donald j trump  potushttps www donaldjtrump com https www thetrumparchive com https x com realdonaldtrumphttps truthsocial com realdonaldtrumphttps rumble com c donaldtrumphttps www tiktok com realdonaldtrump president trump officehttps www whitehouse gov https www youtube com user whitehousehttps www flickr com photos whitehouse liz harrington  trump spox  https twitter com reallizusa donald j trump presidential libraryhttps www trumplibrary gov realdonaldtrump  teamtrump  trumpwarroom b trump hasnt done anything archived links https pastebin com eahgnyexnew appearances pres trump friends ireland luncheon  washington  dc   https youtu bkwvnimrm embed pres trump bilateral meeting irish taoiseach micheal martin  washington  dc   https youtu ewnfmso xs embed pres trump remarks digital assets summit  washington  dc   https youtu ompgpxavog embed pres trump address congress  washington  dc   https youtu xkfknkaezq embed vp jd vance delivers remarks national catholic prayer breakfast  washington  dc   https youtu dcybwwxa embed pres trump press conference uk pm keir starmer  washington  dc   https youtu djsanssj c embed pres trump cabinet meeting  washington  dc   https youtu omplhze  embed pres trump press conference emmanuel macron  washington  dc   https youtu f icclkjeo embed pres trump cpac  washington  dc   https rumble com vomi full speech president donald j trump headlines cpac   html  rsbn pres trump governors working session  washington  dc   https youtu iyqzsebka embed trumpvideo  win   https rumble com vvma make america great     https rumble com voegm god bless usa  donald j trump    https youtu pc fyfk embed op pastebin  http pastebin com xkialfhprev  →,['news_&_social_concern']
p501104178,The libs are slated to get a majority now. Is accelerationism the only answer at this point?,03/21/25(Fri)14:47:55No.501104178,libs slated get majority  accelerationism answer point ,['news_&_social_concern']
p501095590,Should elon be in jail for market manipulation?,03/21/25(Fri)12:54:50No.501095590,elon jail market manipulation ,"['news_&_social_concern', 'science_&_technology']"
p501094167,Should all russians be expelled from European countries? I think it would lead to lasting peace.,03/21/25(Fri)12:35:14No.501094167,russians expelled european countries  think would lead lasting peace ,['news_&_social_concern']
p501103732,Wikipedia refuses to recognize English as the official US Language,03/21/25(Fri)14:42:17No.501103732,wikipedia refuses recognize english official us language,['science_&_technology']
p501092555,"Protestantism is to me a sort of anti-religion. Over the course of its existence, it has shattered the cultural patrimony of Europe and denuded Christianity of all its venerable religious traditions. It led Europeans down a slippery slope that passed by Liberalism, Deism and the so-called Enlightenment and crapped us out in Nihilismland, where marxist thugs, satanists and positivist pointyheads all putt about. I can't imagine why anyone wanting to convert to Christianity would choose a protestant denomination as their first preference.",03/21/25(Fri)12:13:04No.501092555,protestantism sort anti religion  course existence  shattered cultural patrimony europe denuded christianity venerable religious traditions  led europeans slippery slope passed liberalism  deism called enlightenment crapped us nihilismland  marxist thugs  satanists positivist pointyheads putt  imagine anyone wanting convert christianity would choose protestant denomination first preference ,['news_&_social_concern']
p501104766,They're afraid of fairy tales.,03/21/25(Fri)14:55:11No.501104766,afraid fairy tales ,['arts_&_culture']
p501096641,Why don't women and niggers ever try to use DEI to get jobs like this?,03/21/25(Fri)13:09:05No.501096641,women niggers ever try use dei get jobs like ,"['diaries_&_daily_life', 'news_&_social_concern']"
p501105839,Trump didn't make any remarks about this dude's outfit uh. Wear a suit or else I'm going INSANEEEEEEE. HAVE YOU SAID THANKS? AAAAAAH,03/21/25(Fri)15:08:39No.501105839,trump make remarks dude outfit uh  wear suit else going insaneeeeeee  said thanks  aaaaaah,"['celebrity_&_pop_culture', 'fashion_&_style', 'news_&_social_concern']"
p501100646,Am I the only organic anon here?,03/21/25(Fri)14:03:14No.501100646,organic anon ,['diaries_&_daily_life']
p501104049,>date a woman 13 years older than you>get called a pedo,03/21/25(Fri)14:46:19No.501104049, date woman  years older get called pedo,['diaries_&_daily_life']
p501103747,https://www.nikkei.com/article/DGXMZO38613680W8A201C1000000/,03/21/25(Fri)14:42:29No.501103747,https www nikkei com article dgxmzowac ,[]
p501100625,Reminder that you WILL be labeled as a traitor for not supporting this.,03/21/25(Fri)14:02:52No.501100625,reminder labeled traitor supporting ,['news_&_social_concern']
p501092016,Don't complain that women don't want to be with you if you're still acting like a fucking child in your 20s.,03/21/25(Fri)12:04:51No.501092016,complain women want still acting like fucking child ,['news_&_social_concern']
p501100181,Why are young white men across the world turning to Fascism and National Socialism?What are the implications of this?,03/21/25(Fri)13:57:13No.501100181,young white men across world turning fascism national socialism implications ,['news_&_social_concern']
p501105036,North Sentinel Island hate thread.Hate on these niggers.If you zoom in on pic rel you can see his TBC.,03/21/25(Fri)14:58:22No.501105036,north sentinel island hate thread hate niggers zoom pic rel see tbc ,['news_&_social_concern']
p501098176,"Previous:>>501085852 →Day: 1122 — Daily battlefield assessment:https://isw.pub/UkraineConflictUpdatesISW▶Latest>Russian gas pipeline exploded in Sudzha shortly after the chimpout at Odesa, Kropotkinskaya oil pumping station continues to burn>Russians chimped out at Odesa, numerous arrivals>Engels Airbase hit by Ukraine, KH missile storage exploded>Trump claimed a ceasefire on infrastructure, Russia attacked infrastructure 2hrs later, Ukraine responds striking more refineries.>Gazprom reported losses of 1.078 trillion rubles ($12.7 billion at the current exchange rate) in 2024.>Macron: Europe is preparing for the ""day after"" in Ukraine. France & the UK are finalizing a plan to deploy ""a few thousand troops per nation"" in key areas like Kyiv, Odesa & Lviv for training & long-term support.>A Putin and Trump meeting is being prepared, says Putin's assistant Ushakov>Ukraine will not lift martial law or hold elections if a 30-day truce is declared, says advisor to the head of the Office of the President of Ukraine Mykhailo Podolyak>The EU recommends member states to voluntarily contribute €20-40B in military aid to Ukraine this year, creating a special fund.>A massive drone attack on Russia’s Tuapse happened overnight. Over 10 explosions were heard at the local Tuapse oil refinery>AFU have officially withdrawn from most of the Kursk SMO zone>The French Parliament has called for the seizure of frozen Russian assets to aid Ukraine▶Telegramhttps://rentry.org/telosint2023https://t.me/ukr_pics▶Intelhttps://t.me/DeepStateENhttps://odin.tradoc.army.mil/WEG (equipmentexplorer)https://ukr.warspotting.net (visually confirmed losses)▶Mapshttps://deepstatemap.live/enhttps://liveuamap.com/en▶DISPOSABLE SOLDIER (diary of a RU mobik)TOUR 1: files.catbox.moe/34fuhc.txtTOUR 2: files.catbox.moe/uj2wut.txtTOUR 3: files.catbox.moe/hmyd98.txtTOUR 4: files.catbox.moe/cdenxe.txt",03/21/25(Fri)13:29:43No.501098176,previous  →day   — daily battlefield assessment https isw pub ukraineconflictupdatesisw▶latest russian gas pipeline exploded sudzha shortly chimpout odesa  kropotkinskaya oil pumping station continues burn russians chimped odesa  numerous arrivals engels airbase hit ukraine  kh missile storage exploded trump claimed ceasefire infrastructure  russia attacked infrastructure hrs later  ukraine responds striking refineries gazprom reported losses   trillion rubles    billion current exchange rate   macron  europe preparing  day  ukraine  france   uk finalizing plan deploy  thousand troops per nation  key areas like kyiv  odesa   lviv training   long term support putin trump meeting prepared  says putin assistant ushakov ukraine lift martial law hold elections  day truce declared  says advisor head office president ukraine mykhailo podolyak eu recommends member states voluntarily contribute € b military aid ukraine year  creating special fund massive drone attack russia’s tuapse happened overnight   explosions heard local tuapse oil refinery afu officially withdrawn kursk smo zone french parliament called seizure frozen russian assets aid ukraine▶telegramhttps rentry org telosinthttps ukr pics▶intelhttps deepstateenhttps odin tradoc army mil weg  equipmentexplorer https ukr warspotting net  visually confirmed losses ▶mapshttps deepstatemap live enhttps liveuamap com en▶disposable soldier  diary ru mobik tour   files catbox moe fuhc txttour   files catbox moe ujwut txttour   files catbox moe hmyd txttour   files catbox moe cdenxe txt,['news_&_social_concern']
p501079694,,03/21/25(Fri)08:55:59No.501079694,,
p501105428,Snow bunnies and yellow fever fags are destroying the white race on two different ends.,03/21/25(Fri)15:03:19No.501105428,snow bunnies yellow fever fags destroying white race two different ends ,['news_&_social_concern']
p501084235,Why are Americans never able to refute European leftists?,03/21/25(Fri)10:15:01No.501084235,americans never able refute european leftists ,['news_&_social_concern']
p501086795,Was 4chan ever a leftist site?Was there ever an appreciable number of leftists in this place?,03/21/25(Fri)10:53:45No.501086795,chan ever leftist site ever appreciable number leftists place ,['news_&_social_concern']
p501098176,"Previous:>>501085852 →Day: 1122 — Daily battlefield assessment:https://isw.pub/UkraineConflictUpdatesISW▶Latest>Russian gas pipeline exploded in Sudzha shortly after the chimpout at Odesa, Kropotkinskaya oil pumping station continues to burn>Russians chimped out at Odesa, numerous arrivals>Engels Airbase hit by Ukraine, KH missile storage exploded>Trump claimed a ceasefire on infrastructure, Russia attacked infrastructure 2hrs later, Ukraine responds striking more refineries.>Gazprom reported losses of 1.078 trillion rubles ($12.7 billion at the current exchange rate) in 2024.>Macron: Europe is preparing for the ""day after"" in Ukraine. France & the UK are finalizing a plan to deploy ""a few thousand troops per nation"" in key areas like Kyiv, Odesa & Lviv for training & long-term support.>A Putin and Trump meeting is being prepared, says Putin's assistant Ushakov>Ukraine will not lift martial law or hold elections if a 30-day truce is declared, says advisor to the head of the Office of the President of Ukraine Mykhailo Podolyak>The EU recommends member states to voluntarily contribute €20-40B in military aid to Ukraine this year, creating a special fund.>A massive drone attack on Russia’s Tuapse happened overnight. Over 10 explosions were heard at the local Tuapse oil refinery>AFU have officially withdrawn from most of the Kursk SMO zone>The French Parliament has called for the seizure of frozen Russian assets to aid Ukraine▶Telegramhttps://rentry.org/telosint2023https://t.me/ukr_pics▶Intelhttps://t.me/DeepStateENhttps://odin.tradoc.army.mil/WEG (equipmentexplorer)https://ukr.warspotting.net (visually confirmed losses)▶Mapshttps://deepstatemap.live/enhttps://liveuamap.com/en▶DISPOSABLE SOLDIER (diary of a RU mobik)TOUR 1: files.catbox.moe/34fuhc.txtTOUR 2: files.catbox.moe/uj2wut.txtTOUR 3: files.catbox.moe/hmyd98.txtTOUR 4: files.catbox.moe/cdenxe.txt",03/21/25(Fri)13:29:43No.501098176,previous  →day   — daily battlefield assessment https isw pub ukraineconflictupdatesisw▶latest russian gas pipeline exploded sudzha shortly chimpout odesa  kropotkinskaya oil pumping station continues burn russians chimped odesa  numerous arrivals engels airbase hit ukraine  kh missile storage exploded trump claimed ceasefire infrastructure  russia attacked infrastructure hrs later  ukraine responds striking refineries gazprom reported losses   trillion rubles    billion current exchange rate   macron  europe preparing  day  ukraine  france   uk finalizing plan deploy  thousand troops per nation  key areas like kyiv  odesa   lviv training   long term support putin trump meeting prepared  says putin assistant ushakov ukraine lift martial law hold elections  day truce declared  says advisor head office president ukraine mykhailo podolyak eu recommends member states voluntarily contribute € b military aid ukraine year  creating special fund massive drone attack russia’s tuapse happened overnight   explosions heard local tuapse oil refinery afu officially withdrawn kursk smo zone french parliament called seizure frozen russian assets aid ukraine▶telegramhttps rentry org telosinthttps ukr pics▶intelhttps deepstateenhttps odin tradoc army mil weg  equipmentexplorer https ukr warspotting net  visually confirmed losses ▶mapshttps deepstatemap live enhttps liveuamap com en▶disposable soldier  diary ru mobik tour   files catbox moe fuhc txttour   files catbox moe ujwut txttour   files catbox moe hmyd txttour   files catbox moe cdenxe txt,['news_&_social_concern']
p501106913,,03/21/25(Fri)15:23:01No.501106913,,
p501103382,>The only good russian is a dead oneWhy does this statement trigger nu/pol/ so much?,03/21/25(Fri)14:37:55No.501103382, good russian dead onewhy statement trigger nu pol  much ,['news_&_social_concern']
p501103083,The orange retard gets rebuffed by the superior man,03/21/25(Fri)14:34:27No.501103083,orange retard gets rebuffed superior man,['diaries_&_daily_life']
p501100646,Am I the only organic anon here?,03/21/25(Fri)14:03:14No.501100646,organic anon ,['diaries_&_daily_life']
p501094596,">Heathrow to resume some flights and hopes to run full operation tomorrowhttps://www.bbc.co.uk/news/live/cly24zvvwxlt>Putin would breach Ukraine deal if it is not defended, says PMhttps://www.bbc.co.uk/news/articles/cwyd0v3344qo>Government borrowing higher than expected in Februaryhttps://www.bbc.co.uk/news/articles/c0jglw54yvyo>Badenoch warns Tories of difficult local electionshttps://www.bbc.co.uk/news/articles/cvg5dpl1j4zo>Uber offers 20 hours of free childcare in bid to lure female drivershttps://www.bbc.co.uk/news/articles/cgm1pmdlvx8o",03/21/25(Fri)12:41:36No.501094596, heathrow resume flights hopes run full operation tomorrowhttps www bbc co uk news live clyzvvwxlt putin would breach ukraine deal defended  says pmhttps www bbc co uk news articles cwydvqo government borrowing higher expected februaryhttps www bbc co uk news articles cjglwyvyo badenoch warns tories difficult local electionshttps www bbc co uk news articles cvgdpljzo uber offers  hours free childcare bid lure female drivershttps www bbc co uk news articles cgmpmdlvxo,"['business_&_entrepreneurs', 'news_&_social_concern']"
p501103843,"#1 post now there. like tf who is even a nazi? let alone elon musk? like what does a present day nazi even do? post antisemitic memes online for shits and giggles?it all goes back to elon's ""nazi salute"" and if it truly was it's not like the audience was sig heiling behind him.",03/21/25(Fri)14:43:38No.501103843,# post  like tf even nazi  let alone elon musk  like present day nazi even  post antisemitic memes online shits giggles goes back elon  nazi salute  truly like audience sig heiling behind ,['news_&_social_concern']
p501102658,"antifa violence, endless new waves of vandalism, and now ordering assassination-by-cop on peoplewtf else do they need to do before people step in?or are they just hoping the right will take matters into their own hands so they can blame it on them?",03/21/25(Fri)14:28:41No.501102658,antifa violence  endless new waves vandalism  ordering assassination cop peoplewtf else need people step hoping right take matters hands blame ,['news_&_social_concern']
p501105833,REMINDER - YOU VOTED FOR HIGH GROCERY PRICEShttps://x.com/atrupar/status/1903079341010854054,03/21/25(Fri)15:08:36No.501105833,reminder   voted high grocery priceshttps x com atrupar status ,"['business_&_entrepreneurs', 'news_&_social_concern']"
p501084926,"My coworker had a mental breakdown yesterday at work and was fired. Her husband had to come pick up her stuff today because she was forcibly removed from the building.My roommate is basically catatonic now. He used to be a fun loving metalhead type guy that played Warhammer, he has since sold his all his models, sold his guitar, and only works and comes home and watches vtubers in his dark room. I barely even SEE him anymore and we live in a 2 bedroom apartment.I go outside all I see are ugly, mishaped, brown faces. And they all look miserable.I try to invite friends and coworkers out to do something, Anything. They almost always say no. Too tired. Too broke. Too sad.Our slavery is being smashed in our faces on an unprecedented scale. These kikes at the top aren't just greedy, this is full on satanic sadism. It doesn't even make sense to beat down the slaves this hard, it makes them unproductive",03/21/25(Fri)10:25:45No.501084926,coworker mental breakdown yesterday work fired  husband come pick stuff today forcibly removed building roommate basically catatonic  used fun loving metalhead type guy played warhammer  since sold models  sold guitar  works comes home watches vtubers dark room  barely even see anymore live  bedroom apartment go outside see ugly  mishaped  brown faces  look miserable try invite friends coworkers something  anything  almost always say  tired  broke  sad slavery smashed faces unprecedented scale  kikes top greedy  full satanic sadism  even make sense beat slaves hard  makes unproductive,['diaries_&_daily_life']
p501105773,"this 'log is unironically better than yours, 4cuck.",03/21/25(Fri)15:07:48No.501105773, log unironically better  cuck ,['diaries_&_daily_life']
p501105120,>talk German politics,03/21/25(Fri)14:59:21No.501105120, talk german politics,['news_&_social_concern']
p501098829,"So what happened to the ""4d chess"" of Trump strong arming Netanyahu? I thought Netanyahu was bending the knee to Drumpf?How is this ""peace through strength""?",03/21/25(Fri)13:38:12No.501098829,happened  chess  trump strong arming netanyahu  thought netanyahu bending knee drumpf  peace strength ,['news_&_social_concern']
p501105022,"Remember when schizos hyped up the JFK files for 60 years, then they were released, and it was actually just a massive nothingburger the whole time?pepridge farm remembers",03/21/25(Fri)14:58:12No.501105022,remember schizos hyped jfk files  years  released  actually massive nothingburger whole time pepridge farm remembers,[]
p501094535,You now remember this,03/21/25(Fri)12:40:39No.501094535,remember,['diaries_&_daily_life']
p501099726,If Founding Stock Americans (like Bill the Butcher) thought Euro immigrants like Irish/Italian Catholics were bad how would they feel about Indian/Mexican mass Immigration?,03/21/25(Fri)13:50:55No.501099726,founding stock americans  like bill butcher  thought euro immigrants like irish italian catholics bad would feel indian mexican mass immigration ,['news_&_social_concern']
p501106517,>Mette Frederiksen says she considers “mass migration … as a threat to the daily life in Europe.”>https://www.politico.eu/article/mette-frederiksen-denmark-jd-vance-migration-asylum-refugees/,03/21/25(Fri)15:17:57No.501106517, mette frederiksen says considers “mass migration … threat daily life europe ” https www politico eu article mette frederiksen denmark jd vance migration asylum refugees ,['news_&_social_concern']
p501100027,Why are Americans the only people in the world who defend (((car dependency)))?,03/21/25(Fri)13:55:03No.501100027,americans people world defend  car dependency ,['news_&_social_concern']
p501101841,RUSSIA HAS LAUNCHED A NUKE AT AN ISLAND IN THE BLACK SEA!!!WW3 IS HERE!!!,03/21/25(Fri)14:18:03No.501101841,russia launched nuke island black sea ww ,['news_&_social_concern']
p501101820,>White-East Asian interbreeding le bad in principle because it just is okay.,03/21/25(Fri)14:17:48No.501101820, white east asian interbreeding le bad principle okay ,['news_&_social_concern']
p501085852,"Previous:>>501076765 →Day: 1122 — Daily battlefield assessment:https://isw.pub/UkraineConflictUpdatesISW▶Latest>Russian gas pipeline exploded in Sudzha shortly after the chimpout at Odesa, Kropotkinskaya oil pumping station continues to burn>Russians chimped out at Odesa, numerous arrivals>Engels Airbase hit by Ukraine, KH missile storage exploded>Trump claimed a ceasefire on infrastructure, Russia attacked infrastructure 2hrs later, Ukraine responds striking more refineries.>Gazprom reported losses of 1.078 trillion rubles ($12.7 billion at the current exchange rate) in 2024.>Macron: Europe is preparing for the ""day after"" in Ukraine. France & the UK are finalizing a plan to deploy ""a few thousand troops per nation"" in key areas like Kyiv, Odesa & Lviv for training & long-term support.>A Putin and Trump meeting is being prepared, says Putin's assistant Ushakov>Ukraine will not lift martial law or hold elections if a 30-day truce is declared, says advisor to the head of the Office of the President of Ukraine Mykhailo Podolyak>The EU recommends member states to voluntarily contribute €20-40B in military aid to Ukraine this year, creating a special fund.>A massive drone attack on Russia’s Tuapse happened overnight. Over 10 explosions were heard at the local Tuapse oil refinery>AFU have officially withdrawn from most of the Kursk SMO zone>The French Parliament has called for the seizure of frozen Russian assets to aid Ukraine▶Telegramhttps://rentry.org/telosint2023https://t.me/ukr_pics▶Intelhttps://t.me/DeepStateENhttps://odin.tradoc.army.mil/WEG (equipmentexplorer)https://ukr.warspotting.net (visually confirmed losses)▶Mapshttps://deepstatemap.live/enhttps://liveuamap.com/en▶DISPOSABLE SOLDIER (diary of a RU mobik)TOUR 1: files.catbox.moe/34fuhc.txtTOUR 2: files.catbox.moe/uj2wut.txtTOUR 3: files.catbox.moe/hmyd98.txtTOUR 4: files.catbox.moe/cdenxe.txt",03/21/25(Fri)10:39:07No.501085852,previous  →day   — daily battlefield assessment https isw pub ukraineconflictupdatesisw▶latest russian gas pipeline exploded sudzha shortly chimpout odesa  kropotkinskaya oil pumping station continues burn russians chimped odesa  numerous arrivals engels airbase hit ukraine  kh missile storage exploded trump claimed ceasefire infrastructure  russia attacked infrastructure hrs later  ukraine responds striking refineries gazprom reported losses   trillion rubles    billion current exchange rate   macron  europe preparing  day  ukraine  france   uk finalizing plan deploy  thousand troops per nation  key areas like kyiv  odesa   lviv training   long term support putin trump meeting prepared  says putin assistant ushakov ukraine lift martial law hold elections  day truce declared  says advisor head office president ukraine mykhailo podolyak eu recommends member states voluntarily contribute € b military aid ukraine year  creating special fund massive drone attack russia’s tuapse happened overnight   explosions heard local tuapse oil refinery afu officially withdrawn kursk smo zone french parliament called seizure frozen russian assets aid ukraine▶telegramhttps rentry org telosinthttps ukr pics▶intelhttps deepstateenhttps odin tradoc army mil weg  equipmentexplorer https ukr warspotting net  visually confirmed losses ▶mapshttps deepstatemap live enhttps liveuamap com en▶disposable soldier  diary ru mobik tour   files catbox moe fuhc txttour   files catbox moe ujwut txttour   files catbox moe hmyd txttour   files catbox moe cdenxe txt,['news_&_social_concern']
p501080179,Who convinced the majority that shitalians are white? They’re literally brown semitic tomatokikes,03/21/25(Fri)09:05:38No.501080179,convinced majority shitalians white  they’re literally brown semitic tomatokikes,['news_&_social_concern']
p501100181,Why are young white men across the world turning to Fascism and National Socialism?What are the implications of this?,03/21/25(Fri)13:57:13No.501100181,young white men across world turning fascism national socialism implications ,['news_&_social_concern']
p501096289,Poilievre is afraid...he has no policy. The conservatives have no policy; they look at the opinion polls and then try to softball pander to the polls instead of having real plans and real leadership. Poilievre caved on the vax tyranny. Poilievre is sucking Hindu ass for votes...Poilievre has never been anything more than a politician. He's never worked in the free enterprise sector...https://www.youtube.com/watch?v=Kwg3BIwpZLE[Embed],03/21/25(Fri)13:04:16No.501096289,poilievre afraid policy  conservatives policy  look opinion polls try softball pander polls instead real plans real leadership  poilievre caved vax tyranny  poilievre sucking hindu ass votes poilievre never anything politician  never worked free enterprise sector https www youtube com watch v kwgbiwpzle embed ,['news_&_social_concern']
p501099362,notice something,03/21/25(Fri)13:45:26No.501099362,notice something,['diaries_&_daily_life']
p501099688,Do you think we could drain the melanin from a nigger's skin?This would solve alot of problems.,03/21/25(Fri)13:50:15No.501099688,think could drain melanin nigger skin would solve alot problems ,"['fitness_&_health', 'news_&_social_concern']"
p501102264,Why would the government hide UFOs? Who cares if aliens visited,03/21/25(Fri)14:23:30No.501102264,would government hide ufos  cares aliens visited,['news_&_social_concern']
p501105452,"Why should I hate non-whites, they have never actually caused any harm to me",03/21/25(Fri)15:03:34No.501105452,hate non whites  never actually caused harm,['news_&_social_concern']
p501100764,,03/21/25(Fri)14:04:47No.501100764,,
p501098176,"Previous:>>501085852 →Day: 1122 — Daily battlefield assessment:https://isw.pub/UkraineConflictUpdatesISW▶Latest>Russian gas pipeline exploded in Sudzha shortly after the chimpout at Odesa, Kropotkinskaya oil pumping station continues to burn>Russians chimped out at Odesa, numerous arrivals>Engels Airbase hit by Ukraine, KH missile storage exploded>Trump claimed a ceasefire on infrastructure, Russia attacked infrastructure 2hrs later, Ukraine responds striking more refineries.>Gazprom reported losses of 1.078 trillion rubles ($12.7 billion at the current exchange rate) in 2024.>Macron: Europe is preparing for the ""day after"" in Ukraine. France & the UK are finalizing a plan to deploy ""a few thousand troops per nation"" in key areas like Kyiv, Odesa & Lviv for training & long-term support.>A Putin and Trump meeting is being prepared, says Putin's assistant Ushakov>Ukraine will not lift martial law or hold elections if a 30-day truce is declared, says advisor to the head of the Office of the President of Ukraine Mykhailo Podolyak>The EU recommends member states to voluntarily contribute €20-40B in military aid to Ukraine this year, creating a special fund.>A massive drone attack on Russia’s Tuapse happened overnight. Over 10 explosions were heard at the local Tuapse oil refinery>AFU have officially withdrawn from most of the Kursk SMO zone>The French Parliament has called for the seizure of frozen Russian assets to aid Ukraine▶Telegramhttps://rentry.org/telosint2023https://t.me/ukr_pics▶Intelhttps://t.me/DeepStateENhttps://odin.tradoc.army.mil/WEG (equipmentexplorer)https://ukr.warspotting.net (visually confirmed losses)▶Mapshttps://deepstatemap.live/enhttps://liveuamap.com/en▶DISPOSABLE SOLDIER (diary of a RU mobik)TOUR 1: files.catbox.moe/34fuhc.txtTOUR 2: files.catbox.moe/uj2wut.txtTOUR 3: files.catbox.moe/hmyd98.txtTOUR 4: files.catbox.moe/cdenxe.txt",03/21/25(Fri)13:29:43No.501098176,previous  →day   — daily battlefield assessment https isw pub ukraineconflictupdatesisw▶latest russian gas pipeline exploded sudzha shortly chimpout odesa  kropotkinskaya oil pumping station continues burn russians chimped odesa  numerous arrivals engels airbase hit ukraine  kh missile storage exploded trump claimed ceasefire infrastructure  russia attacked infrastructure hrs later  ukraine responds striking refineries gazprom reported losses   trillion rubles    billion current exchange rate   macron  europe preparing  day  ukraine  france   uk finalizing plan deploy  thousand troops per nation  key areas like kyiv  odesa   lviv training   long term support putin trump meeting prepared  says putin assistant ushakov ukraine lift martial law hold elections  day truce declared  says advisor head office president ukraine mykhailo podolyak eu recommends member states voluntarily contribute € b military aid ukraine year  creating special fund massive drone attack russia’s tuapse happened overnight   explosions heard local tuapse oil refinery afu officially withdrawn kursk smo zone french parliament called seizure frozen russian assets aid ukraine▶telegramhttps rentry org telosinthttps ukr pics▶intelhttps deepstateenhttps odin tradoc army mil weg  equipmentexplorer https ukr warspotting net  visually confirmed losses ▶mapshttps deepstatemap live enhttps liveuamap com en▶disposable soldier  diary ru mobik tour   files catbox moe fuhc txttour   files catbox moe ujwut txttour   files catbox moe hmyd txttour   files catbox moe cdenxe txt,['news_&_social_concern']
p501066789,I didn’t feel it when I was younger. Now it’s like this cold void is constantly and consistently pulling my soul. What happens at the moment you die? Does consciousness stop? Do we go to a different realm? Do we collapse into the size of an atom? I’m fucking terrified . I can’t really watch and movies or television anymore . It’s like my consciousness is so aware of reality that I disassociate within. These feelings got worse the more I dwelled into gnostic thought processes.,03/21/25(Fri)03:56:09No.501066789,didn’t feel younger  it’s like cold void constantly consistently pulling soul  happens moment die  consciousness stop  go different realm  collapse size atom  i’m fucking terrified   can’t really watch movies television anymore   it’s like consciousness aware reality disassociate within  feelings got worse dwelled gnostic thought processes ,['film_tv_&_video']
p501097433,Every 27 days China opens a new nuclear power plant.,03/21/25(Fri)13:19:30No.501097433,every  days china opens new nuclear power plant ,"['news_&_social_concern', 'science_&_technology']"
p501097122,>BALTICS 100% WHITEBALTICS 100% WHITE>BALTICS 100% WHITEBALTICS 100% WHITE>BALTICS 100% WHITE,03/21/25(Fri)13:15:09No.501097122, baltics   whitebaltics   white baltics   whitebaltics   white baltics   white,"['diaries_&_daily_life', 'news_&_social_concern']"
p501106021,WHY does this keep HAPPENING?!?!https://www.dailymail.co.uk/news/article-14515317/Married-teacher-underage-boys-gang-bang-scream-mask-brittany-fortinberry.html,03/21/25(Fri)15:11:07No.501106021,keep happening https www dailymail co uk news article  married teacher underage boys gang bang scream mask brittany fortinberry html,['news_&_social_concern']
p501101332,"Germany the supposed ""based"" AfD party>Oh my Science! We need LEGAL immigrants not ILLEGAL ones!>""We are Israel's greatest ally!"">Led by a Dyke married to a refugeePOLAND'S supposedly ""liberal"" PM>Annouced TMD (Total Migration Death)>Signed Schießbefehle (Shooting-Orders) at the Poland-Belarus Border>He is also putting mines on that border>He is re-arming the PAF(Polish Armed Forces)Why is Poland so based? Polackbros... I kneel...",03/21/25(Fri)14:11:43No.501101332,germany supposed  based  afd party oh science  need legal immigrants illegal ones israel greatest ally led dyke married refugeepoland supposedly  liberal  pm annouced tmd  total migration death signed schießbefehle  shooting orders  poland belarus border also putting mines border arming paf polish armed forces poland based  polackbros  kneel ,['news_&_social_concern']
p501105070,"While everyone was distracted with the pyramid pillar conspiracy theories, Israel has just began their ground invasion of Palestine with the full backing of Donald Trump. Is this the end of Hamas and Palestine as a terrorist base?",03/21/25(Fri)14:58:50No.501105070,everyone distracted pyramid pillar conspiracy theories  israel began ground invasion palestine full backing donald trump  end hamas palestine terrorist base ,['news_&_social_concern']
p501105534,"I have tendies, I'm white and I'll vote republican.",03/21/25(Fri)15:04:38No.501105534,tendies  white vote republican ,['news_&_social_concern']
p501106517,>Mette Frederiksen says she considers “mass migration … as a threat to the daily life in Europe.”>https://www.politico.eu/article/mette-frederiksen-denmark-jd-vance-migration-asylum-refugees/,03/21/25(Fri)15:17:57No.501106517, mette frederiksen says considers “mass migration … threat daily life europe ” https www politico eu article mette frederiksen denmark jd vance migration asylum refugees ,['news_&_social_concern']
p501100646,Am I the only organic anon here?,03/21/25(Fri)14:03:14No.501100646,organic anon ,['diaries_&_daily_life']
p501099362,notice something,03/21/25(Fri)13:45:26No.501099362,notice something,['diaries_&_daily_life']
p501104049,>date a woman 13 years older than you>get called a pedo,03/21/25(Fri)14:46:19No.501104049, date woman  years older get called pedo,['diaries_&_daily_life']
p501064137,"I'm proud of Ukrainians for inflicting so much pain and suffering on scum fuck Russians invading Europe.It has been a joy to watch all the gore kino, I literally feel high when I watch Russian invaders suffer, Schadenfreude is one hell of a drug.Russians should learn not to fuck with Europeans.",03/21/25(Fri)02:52:06No.501064137,proud ukrainians inflicting much pain suffering scum fuck russians invading europe joy watch gore kino  literally feel high watch russian invaders suffer  schadenfreude one hell drug russians learn fuck europeans ,['news_&_social_concern']
p501104662,tf vladdy gon do?,03/21/25(Fri)14:53:52No.501104662,tf vladdy gon ,[]
p501106633,"If Trump is really serious about mass migration, maybe he should be hiring these guys. It seems like he's having a helluva hard time matching their numbers, even with all the unconstitutional bullshit.",03/21/25(Fri)15:19:22No.501106633,trump really serious mass migration  maybe hiring guys  seems like helluva hard time matching numbers  even unconstitutional bullshit ,['news_&_social_concern']
p501104654,>government doesn't care how many of them will die>allies don't care>they don't careare ukranians the most hated and worthless nation in the world?,03/21/25(Fri)14:53:48No.501104654, government care many die allies care careare ukranians hated worthless nation world ,['news_&_social_concern']
p501097641,Not like we can see into their soul or some bollocks,03/21/25(Fri)13:22:16No.501097641,like see soul bollocks,['music']
p501105428,Snow bunnies and yellow fever fags are destroying the white race on two different ends.,03/21/25(Fri)15:03:19No.501105428,snow bunnies yellow fever fags destroying white race two different ends ,['news_&_social_concern']
p501104662,tf vladdy gon do?,03/21/25(Fri)14:53:52No.501104662,tf vladdy gon ,[]
p501092555,"Protestantism is to me a sort of anti-religion. Over the course of its existence, it has shattered the cultural patrimony of Europe and denuded Christianity of all its venerable religious traditions. It led Europeans down a slippery slope that passed by Liberalism, Deism and the so-called Enlightenment and crapped us out in Nihilismland, where marxist thugs, satanists and positivist pointyheads all putt about. I can't imagine why anyone wanting to convert to Christianity would choose a protestant denomination as their first preference.",03/21/25(Fri)12:13:04No.501092555,protestantism sort anti religion  course existence  shattered cultural patrimony europe denuded christianity venerable religious traditions  led europeans slippery slope passed liberalism  deism called enlightenment crapped us nihilismland  marxist thugs  satanists positivist pointyheads putt  imagine anyone wanting convert christianity would choose protestant denomination first preference ,['news_&_social_concern']
p501106448,"For non-americans, would you like to have Donald Trump as your president? And yes, Elon Musk would tag along.",03/21/25(Fri)15:16:47No.501106448,non americans  would like donald trump president  yes  elon musk would tag along ,['news_&_social_concern']
p501094535,You now remember this,03/21/25(Fri)12:40:39No.501094535,remember,['diaries_&_daily_life']
p501104470,"Really?, look at it!!You are telling me that somebody bought this fucking shit?? Get the fuck out of here!!!",03/21/25(Fri)14:51:32No.501104470,really  look telling somebody bought fucking shit  get fuck ,['diaries_&_daily_life']
p501101332,"Germany the supposed ""based"" AfD party>Oh my Science! We need LEGAL immigrants not ILLEGAL ones!>""We are Israel's greatest ally!"">Led by a Dyke married to a refugeePOLAND'S supposedly ""liberal"" PM>Annouced TMD (Total Migration Death)>Signed Schießbefehle (Shooting-Orders) at the Poland-Belarus Border>He is also putting mines on that border>He is re-arming the PAF(Polish Armed Forces)Why is Poland so based? Polackbros... I kneel...",03/21/25(Fri)14:11:43No.501101332,germany supposed  based  afd party oh science  need legal immigrants illegal ones israel greatest ally led dyke married refugeepoland supposedly  liberal  pm annouced tmd  total migration death signed schießbefehle  shooting orders  poland belarus border also putting mines border arming paf polish armed forces poland based  polackbros  kneel ,['news_&_social_concern']
p501101009,GENERATION ZYKLON AWAKENShttps://x.com/AFpost/status/1902892623074930912,03/21/25(Fri)14:07:29No.501101009,generation zyklon awakenshttps x com afpost status ,[]
p501105070,"While everyone was distracted with the pyramid pillar conspiracy theories, Israel has just began their ground invasion of Palestine with the full backing of Donald Trump. Is this the end of Hamas and Palestine as a terrorist base?",03/21/25(Fri)14:58:50No.501105070,everyone distracted pyramid pillar conspiracy theories  israel began ground invasion palestine full backing donald trump  end hamas palestine terrorist base ,['news_&_social_concern']
p501102899,">yeah bro im gonna escape and live inna woods>yeah every city will be third world, full of indians, pride flags everywhere>but i wont let that get me down because im gonna live in a cabin in the woods to escape the zog bro!>it will be so trad and based, if anyone tries to steal from me i will shoot them broi don't get it, people try and destroy your country and your plan is to flee to the woods and live as a mollusc?",03/21/25(Fri)14:32:02No.501102899, yeah bro im gonna escape live inna woods yeah every city third world  full indians  pride flags everywhere wont let get im gonna live cabin woods escape zog bro trad based  anyone tries steal shoot broi get  people try destroy country plan flee woods live mollusc ,['news_&_social_concern']
p501099426,You can't be racist and pagan.You can't be pro-white and pagan.You can't be pro-christian and pagan.You can't be anti-semetic and pagan.You can't be a nazi and a pagan at the same time.,03/21/25(Fri)13:46:30No.501099426,racist pagan pro white pagan pro christian pagan anti semetic pagan nazi pagan time ,['news_&_social_concern']
p501080179,Who convinced the majority that shitalians are white? They’re literally brown semitic tomatokikes,03/21/25(Fri)09:05:38No.501080179,convinced majority shitalians white  they’re literally brown semitic tomatokikes,['news_&_social_concern']
p501098829,"So what happened to the ""4d chess"" of Trump strong arming Netanyahu? I thought Netanyahu was bending the knee to Drumpf?How is this ""peace through strength""?",03/21/25(Fri)13:38:12No.501098829,happened  chess  trump strong arming netanyahu  thought netanyahu bending knee drumpf  peace strength ,['news_&_social_concern']
p501100181,Why are young white men across the world turning to Fascism and National Socialism?What are the implications of this?,03/21/25(Fri)13:57:13No.501100181,young white men across world turning fascism national socialism implications ,['news_&_social_concern']
p501105428,Snow bunnies and yellow fever fags are destroying the white race on two different ends.,03/21/25(Fri)15:03:19No.501105428,snow bunnies yellow fever fags destroying white race two different ends ,['news_&_social_concern']
p501099465,NEW PROPAGANDA JUST DROPPED: https://youtu.be/WQYGcBcEcEU[Embed],03/21/25(Fri)13:47:09No.501099465,new propaganda dropped  https youtu wqygcbceceu embed ,['news_&_social_concern']
p501080179,Who convinced the majority that shitalians are white? They’re literally brown semitic tomatokikes,03/21/25(Fri)09:05:38No.501080179,convinced majority shitalians white  they’re literally brown semitic tomatokikes,['news_&_social_concern']
p501103382,>The only good russian is a dead oneWhy does this statement trigger nu/pol/ so much?,03/21/25(Fri)14:37:55No.501103382, good russian dead onewhy statement trigger nu pol  much ,['news_&_social_concern']
p501105165,Blaming Jews for everything is just as retarded as blaming Russians for everything.,03/21/25(Fri)15:00:02No.501105165,blaming jews everything retarded blaming russians everything ,['news_&_social_concern']
p501100875,"PRESIDENT DONALD J TRUMP @POTUS45https://www.donaldjtrump.com/https://www.thetrumparchive.com/https://x.com/realDonaldTrumphttps://truthsocial.com/@realDonaldTrumphttps://rumble.com/c/DonaldTrumphttps://www.tiktok.com/@realdonaldtrump>President Trump Officehttps://www.whitehouse.gov/https://www.youtube.com/user/whitehousehttps://www.flickr.com/photos/whitehouse/>Liz Harrington (Trump Spox) https://twitter.com/realLizUSA>Donald J Trump Presidential Libraryhttps://www.trumplibrary.gov/@realDonaldTrump @TeamTrump @TrumpWarRoom>b-but Trump hasnt done anything!ARCHIVED LINKS https://pastebin.com/eAhgNyeXNEW APPEARANCES>Pres Trump at Friends of Ireland Luncheon, Washington, DC 3/12/2025https://youtu.be/bKW1VniMRm0[Embed]>Pres Trump Bilateral Meeting with Irish Taoiseach Micheal Martin, Washington, DC 3/12/2025https://youtu.be/EwNFmsO_5xs[Embed]>Pres Trump Remarks at the Digital Assets Summit, Washington, DC 3/7/2025https://youtu.be/omP3GPxaVog[Embed]>Pres Trump Address to Congress, Washington, DC 3/4/2025https://youtu.be/XkFKNkAEzQ8[Embed]>VP JD Vance Delivers Remarks at the National Catholic Prayer Breakfast, Washington, DC 2/28/2025https://youtu.be/dCY0b1wWX9A[Embed]>Pres Trump Press Conference with UK PM Keir Starmer, Washington, DC 2/27/2025https://youtu.be/dJSaNSSj_4c[Embed]>Pres Trump Cabinet Meeting, Washington, DC 2/26/2025https://youtu.be/OMpL4Hze__4[Embed]>Pres Trump Press Conference with Emmanuel Macron, Washington, DC 2/24/2025https://youtu.be/F_icClkj0Eo[Embed]>Pres Trump at CPAC, Washington, DC 2/22/2025https://rumble.com/v6o31mi-full-speech-president-donald-j.-trump-headlines-cpac-2025-22225.html (RSBN)>Pres Trump at Governors Working Session, Washington, DC 2/22/2025https://youtu.be/4iyqZsE9bkA[Embed]>TrumpVideo: WE WILL WIN 6/19/23https://rumble.com/v2v6m2a>MAKE AMERICA GREAT AGAIN, AGAIN! 10/28/21https://rumble.com/voe8gm>God Bless the USA (Donald J Trump) 10/20/16https://youtu.be/O_PC_fy0fk0[Embed]OP pastebin: http://pastebin.com/X4KiALfhprev>>501093155 →",03/21/25(Fri)14:05:55No.501100875,president donald j trump  potushttps www donaldjtrump com https www thetrumparchive com https x com realdonaldtrumphttps truthsocial com realdonaldtrumphttps rumble com c donaldtrumphttps www tiktok com realdonaldtrump president trump officehttps www whitehouse gov https www youtube com user whitehousehttps www flickr com photos whitehouse liz harrington  trump spox  https twitter com reallizusa donald j trump presidential libraryhttps www trumplibrary gov realdonaldtrump  teamtrump  trumpwarroom b trump hasnt done anything archived links https pastebin com eahgnyexnew appearances pres trump friends ireland luncheon  washington  dc   https youtu bkwvnimrm embed pres trump bilateral meeting irish taoiseach micheal martin  washington  dc   https youtu ewnfmso xs embed pres trump remarks digital assets summit  washington  dc   https youtu ompgpxavog embed pres trump address congress  washington  dc   https youtu xkfknkaezq embed vp jd vance delivers remarks national catholic prayer breakfast  washington  dc   https youtu dcybwwxa embed pres trump press conference uk pm keir starmer  washington  dc   https youtu djsanssj c embed pres trump cabinet meeting  washington  dc   https youtu omplhze  embed pres trump press conference emmanuel macron  washington  dc   https youtu f icclkjeo embed pres trump cpac  washington  dc   https rumble com vomi full speech president donald j trump headlines cpac   html  rsbn pres trump governors working session  washington  dc   https youtu iyqzsebka embed trumpvideo  win   https rumble com vvma make america great     https rumble com voegm god bless usa  donald j trump    https youtu pc fyfk embed op pastebin  http pastebin com xkialfhprev  →,['news_&_social_concern']
p501101985,"For whoever cares to hear about it, there is massive defrauding of the taxpayers occurring at FCI Thomson in Illinois. It is a federal prison that used to be a state super max, but it got shut down after being deemed inhumane. The feds bought the vacant building and turned it into a low-security prison, and now have about 2000 inmates there. Approximately half the staff at FCI Thomson used to work at the super-max, and during that time their pay was substantially higher. Why? Because at a super-max, staff members automatically get hazard pay.So, how is the administration trying to make up for the pay reduction? Why, by putting the entire prison on lockdown continuously of course.In the feds, going on lockdown means keeping all the inmates in the 2 man cells continuously, which effectively turns the whole prison into the SHU. It has the side-effect of cutting the inmates off from any physical means of communication to the outside. And it also has the side-effect of ensuring that all the guards and staff make huge amounts of overtime whilst actually performing less work. Although their shifts become longer, all the programming and most administrative request processes become disabled. The guards at Thomson go a little bit further by only letting the kitchen staff out for a few hours during lockdowns, so the guards do not even have to take over cooking / passing out the food either (except for unlocking the small slot on the door).The general idea behind lockdowns in the feds is that they are supposed to be an extraordinary measure in response to some extreme danger. Basically, if there's a race riot or a gang war, a prison will go on lockdown. Its not supposed to be the normal status of a prison, because it will eventually make people go violent and crazy. At FCI Thomson, they spent ~3 months out of the last year on lockdown, and so far in 2025 they have spent 40 days on lockdown. We are only 3 months into the year, and this is for low-security inmates!",03/21/25(Fri)14:19:52No.501101985,whoever cares hear  massive defrauding taxpayers occurring fci thomson illinois  federal prison used state super max  got shut deemed inhumane  feds bought vacant building turned low security prison   inmates  approximately half staff fci thomson used work super max  time pay substantially higher   super max  staff members automatically get hazard pay  administration trying make pay reduction   putting entire prison lockdown continuously course feds  going lockdown means keeping inmates  man cells continuously  effectively turns whole prison shu  side effect cutting inmates physical means communication outside  also side effect ensuring guards staff make huge amounts overtime whilst actually performing less work  although shifts become longer  programming administrative request processes become disabled  guards thomson go little bit letting kitchen staff hours lockdowns  guards even take cooking   passing food either  except unlocking small slot door general idea behind lockdowns feds supposed extraordinary measure response extreme danger  basically  race riot gang war  prison go lockdown  supposed normal status prison  eventually make people go violent crazy  fci thomson  spent   months last year lockdown  far  spent  days lockdown   months year  low security inmates ,['news_&_social_concern']
p501064137,"I'm proud of Ukrainians for inflicting so much pain and suffering on scum fuck Russians invading Europe.It has been a joy to watch all the gore kino, I literally feel high when I watch Russian invaders suffer, Schadenfreude is one hell of a drug.Russians should learn not to fuck with Europeans.",03/21/25(Fri)02:52:06No.501064137,proud ukrainians inflicting much pain suffering scum fuck russians invading europe joy watch gore kino  literally feel high watch russian invaders suffer  schadenfreude one hell drug russians learn fuck europeans ,['news_&_social_concern']
p501097433,Every 27 days China opens a new nuclear power plant.,03/21/25(Fri)13:19:30No.501097433,every  days china opens new nuclear power plant ,"['news_&_social_concern', 'science_&_technology']"
p501102729,">Trump is 'open to the idea' of selling F-35 jets to Turkey if the Russia-made S-400 system is made inoperable through partially disassembling, sources tell Fox Newsallahu akbar we will blow up greece with our new stealth jets. thank you orange man.",03/21/25(Fri)14:29:37No.501102729, trump  open idea  selling f  jets turkey russia made  system made inoperable partially disassembling  sources tell fox newsallahu akbar blow greece new stealth jets  thank orange man ,"['news_&_social_concern', 'science_&_technology']"
p501103382,>The only good russian is a dead oneWhy does this statement trigger nu/pol/ so much?,03/21/25(Fri)14:37:55No.501103382, good russian dead onewhy statement trigger nu pol  much ,['news_&_social_concern']
p501086795,Was 4chan ever a leftist site?Was there ever an appreciable number of leftists in this place?,03/21/25(Fri)10:53:45No.501086795,chan ever leftist site ever appreciable number leftists place ,['news_&_social_concern']
p501102729,">Trump is 'open to the idea' of selling F-35 jets to Turkey if the Russia-made S-400 system is made inoperable through partially disassembling, sources tell Fox Newsallahu akbar we will blow up greece with our new stealth jets. thank you orange man.",03/21/25(Fri)14:29:37No.501102729, trump  open idea  selling f  jets turkey russia made  system made inoperable partially disassembling  sources tell fox newsallahu akbar blow greece new stealth jets  thank orange man ,"['news_&_social_concern', 'science_&_technology']"
p501105165,Blaming Jews for everything is just as retarded as blaming Russians for everything.,03/21/25(Fri)15:00:02No.501105165,blaming jews everything retarded blaming russians everything ,['news_&_social_concern']
p501096641,Why don't women and niggers ever try to use DEI to get jobs like this?,03/21/25(Fri)13:09:05No.501096641,women niggers ever try use dei get jobs like ,"['diaries_&_daily_life', 'news_&_social_concern']"
p501101820,>White-East Asian interbreeding le bad in principle because it just is okay.,03/21/25(Fri)14:17:48No.501101820, white east asian interbreeding le bad principle okay ,['news_&_social_concern']
p501105613,*mic drop*,03/21/25(Fri)15:05:44No.501105613, mic drop ,['music']
p501096816,Realistically what do I do? Even if I pay $1000 a month it will take me 68 months + daily compounded interest,03/21/25(Fri)13:11:22No.501096816,realistically  even pay   month take  months   daily compounded interest,['business_&_entrepreneurs']
p501105763,"Both have the right to vote, and their votes are equal.",03/21/25(Fri)15:07:42No.501105763,right vote  votes equal ,['news_&_social_concern']
p501091388,What are the political implications of black murders being portrayed as white?,03/21/25(Fri)11:56:35No.501091388,political implications black murders portrayed white ,['news_&_social_concern']
p501102658,"antifa violence, endless new waves of vandalism, and now ordering assassination-by-cop on peoplewtf else do they need to do before people step in?or are they just hoping the right will take matters into their own hands so they can blame it on them?",03/21/25(Fri)14:28:41No.501102658,antifa violence  endless new waves vandalism  ordering assassination cop peoplewtf else need people step hoping right take matters hands blame ,['news_&_social_concern']
p501101876,why work in a cubicle if russia will kill us soon,03/21/25(Fri)14:18:28No.501101876,work cubicle russia kill us soon,"['diaries_&_daily_life', 'news_&_social_concern']"
p501104439,What are the implications of this?,03/21/25(Fri)14:51:09No.501104439,implications ,['diaries_&_daily_life']
p501101824,"Pic related is the future. We need each other. Germany has no chance to reach world power level without the rest of us (location, population, economy) and the rest of us will remain irrelevant and an easy target of the Jew without an uncucked Germany.>GDP at 6,2 trillion USD, with potential to grow even bigger>Population (post deportation) at 110 million>Capital being Berlin, German being Lingua Franca>Industry>Nature>Population>Access to polar areas>Agriculture44/118 periodic table discoveries would have been Germanic, and we would have 208 total Nobel Laureates in all field.The only real issue is language - which isn't even a problem if we just create a functioning, representative state (look at India, China, Nigeria etc. They work in practise but not on paper – why? Because in spite of their language differences they aren’t even ethnically the same – we would be, brothers):All above and much, much more. We are literally the greatest people of all time. We could be self-sufficient in all areas. A Germanic Homeland, with the potential to become a great power both militarily and economically, and which already is by far in fields of culture and history, would allow us to preserve our people in a hostile world. It would allow us to counter the threads of China, India, the islamic world, the United States, Russia. I think it needs to be a serious option. All Germanics should care about their own Volk, and it extends beyond the present day borders we live in. Our people’s best interest are served by creating a cultural and strong sphere not influenced by foreign powers, backed up by a defence force that is capable of keeping us safe. That is what our Germanic State would be. No radical change in any culture, but a guarantee that we can develop our own culture without any foreigners influencing or altering it.>Scandinavian ""Tyskland"", German ""Deutschland"" and Dutch ""Duitsland"" all mean ""Land of the people"" originally",03/21/25(Fri)14:17:50No.501101824,pic related future  need  germany chance reach world power level without rest us  location  population  economy  rest us remain irrelevant easy target jew without uncucked germany gdp   trillion usd  potential grow even bigger population  post deportation   million capital berlin  german lingua franca industry nature population access polar areas agriculture  periodic table discoveries would germanic  would  total nobel laureates field real issue language   even problem create functioning  representative state  look india  china  nigeria etc  work practise paper –  spite language differences aren’t even ethnically – would  brothers much  much  literally greatest people time  could self sufficient areas  germanic homeland  potential become great power militarily economically  already far fields culture history  would allow us preserve people hostile world  would allow us counter threads china  india  islamic world  united states  russia  think needs serious option  germanics care volk  extends beyond present day borders live  people’s best interest served creating cultural strong sphere influenced foreign powers  backed defence force capable keeping us safe  germanic state would  radical change culture  guarantee develop culture without foreigners influencing altering scandinavian  tyskland  german  deutschland  dutch  duitsland  mean  land people  originally,"['business_&_entrepreneurs', 'news_&_social_concern']"
p501099640,America was not founded by these subhuman pagans. They don't belong here. Post jeet memes.,03/21/25(Fri)13:49:40No.501099640,america founded subhuman pagans  belong  post jeet memes ,['news_&_social_concern']
p501097641,Not like we can see into their soul or some bollocks,03/21/25(Fri)13:22:16No.501097641,like see soul bollocks,['music']
p501099465,NEW PROPAGANDA JUST DROPPED: https://youtu.be/WQYGcBcEcEU[Embed],03/21/25(Fri)13:47:09No.501099465,new propaganda dropped  https youtu wqygcbceceu embed ,['news_&_social_concern']
p501095545,Have you thanked a leftist today for saving the country?,03/21/25(Fri)12:54:09No.501095545,thanked leftist today saving country ,['news_&_social_concern']
p501101290,"Be selfish, think of yourself. All my male friends with kids regret their choice and the excessive time and resources they must now forego. Children are not worth the headache. I am 38, wealthy, child free, and I love it. I sleep in on the weekends and do what I want, when I want. Bout to fuck a 10/10 model tier Hungarian 21 year old sugar baby, she will be my cumdumpster for the evening. I can literally afford a new sugar baby every day because I do not have kids",03/21/25(Fri)14:11:14No.501101290,selfish  think  male friends kids regret choice excessive time resources must forego  children worth headache    wealthy  child free  love  sleep weekends want  want  bout fuck   model tier hungarian  year old sugar baby  cumdumpster evening  literally afford new sugar baby every day kids,"['diaries_&_daily_life', 'family']"
p501104654,>government doesn't care how many of them will die>allies don't care>they don't careare ukranians the most hated and worthless nation in the world?,03/21/25(Fri)14:53:48No.501104654, government care many die allies care careare ukranians hated worthless nation world ,['news_&_social_concern']
p501101290,"Be selfish, think of yourself. All my male friends with kids regret their choice and the excessive time and resources they must now forego. Children are not worth the headache. I am 38, wealthy, child free, and I love it. I sleep in on the weekends and do what I want, when I want. Bout to fuck a 10/10 model tier Hungarian 21 year old sugar baby, she will be my cumdumpster for the evening. I can literally afford a new sugar baby every day because I do not have kids",03/21/25(Fri)14:11:14No.501101290,selfish  think  male friends kids regret choice excessive time resources must forego  children worth headache    wealthy  child free  love  sleep weekends want  want  bout fuck   model tier hungarian  year old sugar baby  cumdumpster evening  literally afford new sugar baby every day kids,"['diaries_&_daily_life', 'family']"
p501066789,I didn’t feel it when I was younger. Now it’s like this cold void is constantly and consistently pulling my soul. What happens at the moment you die? Does consciousness stop? Do we go to a different realm? Do we collapse into the size of an atom? I’m fucking terrified . I can’t really watch and movies or television anymore . It’s like my consciousness is so aware of reality that I disassociate within. These feelings got worse the more I dwelled into gnostic thought processes.,03/21/25(Fri)03:56:09No.501066789,didn’t feel younger  it’s like cold void constantly consistently pulling soul  happens moment die  consciousness stop  go different realm  collapse size atom  i’m fucking terrified   can’t really watch movies television anymore   it’s like consciousness aware reality disassociate within  feelings got worse dwelled gnostic thought processes ,['film_tv_&_video']
p501104654,>government doesn't care how many of them will die>allies don't care>they don't careare ukranians the most hated and worthless nation in the world?,03/21/25(Fri)14:53:48No.501104654, government care many die allies care careare ukranians hated worthless nation world ,['news_&_social_concern']
p501101841,RUSSIA HAS LAUNCHED A NUKE AT AN ISLAND IN THE BLACK SEA!!!WW3 IS HERE!!!,03/21/25(Fri)14:18:03No.501101841,russia launched nuke island black sea ww ,['news_&_social_concern']
p501103637,"She is objectively nasty, has a world class RBF, and is a TDS nut.Famously, destroyed Sarah Palin with that fish in a barrel interview.Despite this, there is barely anything negative about her found through search results on Google and Youtube. How can she not have hundreds of compilations of her being a cunt???She is also protected on Google search autocomplete...Does anyone have an explanation for the lack of negativity online? Is she a mockingbird asset?",03/21/25(Fri)14:41:06No.501103637,objectively nasty  world class rbf  tds nut famously  destroyed sarah palin fish barrel interview despite  barely anything negative found search results google youtube  hundreds compilations cunt also protected google search autocomplete anyone explanation lack negativity online  mockingbird asset ,"['news_&_social_concern', 'sports']"
p501104439,What are the implications of this?,03/21/25(Fri)14:51:09No.501104439,implications ,['diaries_&_daily_life']
p501101889,https://www.independent.co.uk/news/world/americas/us-politics/trump-commonwealth-offer-us-member-b2719470.html,03/21/25(Fri)14:18:38No.501101889,https www independent co uk news world americas us politics trump commonwealth offer us member b html,['news_&_social_concern']
p501105036,North Sentinel Island hate thread.Hate on these niggers.If you zoom in on pic rel you can see his TBC.,03/21/25(Fri)14:58:22No.501105036,north sentinel island hate thread hate niggers zoom pic rel see tbc ,['news_&_social_concern']
p501106074,"I genuinely fucking hate women and I hate the fact that I am attracted to them still. I wish I didn't have such a high libido because all it seems to be is a huge distraction which causes me to back track in life.But anyways, I have a BPD ex GF who is attempting to sabotage my dumbass any chance she gets. We had first met 3 years ago. she is a Canadian(and fucking 10/10 gorgeous, legitmately the closest thing I've ever seen to Kim Kardashian in person) who over-stayed her traveler's visa and decided to say fuck it and just live in the US(First redflag I ignored).Her familiy is Iranian, Muslim and although being born and raised in Canada, married her first cousin years before she met me and lived in Iran for two years. I only figured out that it was her first cousin when she was explaining her family tree to me and slipped up.WHen we first met on a dating app, it was like imediately we were texting and calling every single day for most of the day. WIthin a week we were hanging out and a week after that sheTwo weeks in, she admitted to being diagnored with BPD, I was well aware of the disorder but felt like I was already in to deep. I had succumbded to a case of bitch dependence.I had brought up to her through text that I was concerned that she would eventually switch up on me due to her BPD and told her to just leave me alone for a few days. She blew up my fucking phone talking about how she never wanted to get like that towards me. Proving to me that she is fully aware of the shit she does but obviously does not care,We keep dating, she moves in with me, things are good but we fight every once in while where she projects the bullshit she does onto me, makes bullshit up, tries to manipulate and control the narriative and this infuriates me to no end.",03/21/25(Fri)15:11:52No.501106074,genuinely fucking hate women hate fact attracted still  wish high libido seems huge distraction causes back track life anyways  bpd ex gf attempting sabotage dumbass chance gets  first met  years ago  canadian fucking   gorgeous  legitmately closest thing ever seen kim kardashian person  stayed traveler visa decided say fuck live us first redflag ignored familiy iranian  muslim although born raised canada  married first cousin years met lived iran two years  figured first cousin explaining family tree slipped first met dating app  like imediately texting calling every single day day  within week hanging week shetwo weeks  admitted diagnored bpd  well aware disorder felt like already deep  succumbded case bitch dependence brought text concerned would eventually switch due bpd told leave alone days  blew fucking phone talking never wanted get like towards  proving fully aware shit obviously care keep dating  moves  things good fight every projects bullshit onto  makes bullshit  tries manipulate control narriative infuriates end ,"['diaries_&_daily_life', 'relationships']"
p501105534,"I have tendies, I'm white and I'll vote republican.",03/21/25(Fri)15:04:38No.501105534,tendies  white vote republican ,['news_&_social_concern']
p501105070,"While everyone was distracted with the pyramid pillar conspiracy theories, Israel has just began their ground invasion of Palestine with the full backing of Donald Trump. Is this the end of Hamas and Palestine as a terrorist base?",03/21/25(Fri)14:58:50No.501105070,everyone distracted pyramid pillar conspiracy theories  israel began ground invasion palestine full backing donald trump  end hamas palestine terrorist base ,['news_&_social_concern']
p501099465,NEW PROPAGANDA JUST DROPPED: https://youtu.be/WQYGcBcEcEU[Embed],03/21/25(Fri)13:47:09No.501099465,new propaganda dropped  https youtu wqygcbceceu embed ,['news_&_social_concern']
p501104654,>government doesn't care how many of them will die>allies don't care>they don't careare ukranians the most hated and worthless nation in the world?,03/21/25(Fri)14:53:48No.501104654, government care many die allies care careare ukranians hated worthless nation world ,['news_&_social_concern']
p501080179,Who convinced the majority that shitalians are white? They’re literally brown semitic tomatokikes,03/21/25(Fri)09:05:38No.501080179,convinced majority shitalians white  they’re literally brown semitic tomatokikes,['news_&_social_concern']
p501097433,Every 27 days China opens a new nuclear power plant.,03/21/25(Fri)13:19:30No.501097433,every  days china opens new nuclear power plant ,"['news_&_social_concern', 'science_&_technology']"
p501106782,Amerimutt post of the day.,03/21/25(Fri)15:21:19No.501106782,amerimutt post day ,['diaries_&_daily_life']
p501103794,"""White people"" isn't even a real thing. We're literally all different. ""White"" is just a step toward Globalism. Be yourself, reabsorb the agency you're feeding to this psyopped phantom, and make your own actual acheivements instead of ""identifying"" with some acheivements of bygone eras.",03/21/25(Fri)14:42:55No.501103794, white people  even real thing  literally different   white  step toward globalism   reabsorb agency feeding psyopped phantom  make actual acheivements instead  identifying  acheivements bygone eras ,['news_&_social_concern']
p501101824,"Pic related is the future. We need each other. Germany has no chance to reach world power level without the rest of us (location, population, economy) and the rest of us will remain irrelevant and an easy target of the Jew without an uncucked Germany.>GDP at 6,2 trillion USD, with potential to grow even bigger>Population (post deportation) at 110 million>Capital being Berlin, German being Lingua Franca>Industry>Nature>Population>Access to polar areas>Agriculture44/118 periodic table discoveries would have been Germanic, and we would have 208 total Nobel Laureates in all field.The only real issue is language - which isn't even a problem if we just create a functioning, representative state (look at India, China, Nigeria etc. They work in practise but not on paper – why? Because in spite of their language differences they aren’t even ethnically the same – we would be, brothers):All above and much, much more. We are literally the greatest people of all time. We could be self-sufficient in all areas. A Germanic Homeland, with the potential to become a great power both militarily and economically, and which already is by far in fields of culture and history, would allow us to preserve our people in a hostile world. It would allow us to counter the threads of China, India, the islamic world, the United States, Russia. I think it needs to be a serious option. All Germanics should care about their own Volk, and it extends beyond the present day borders we live in. Our people’s best interest are served by creating a cultural and strong sphere not influenced by foreign powers, backed up by a defence force that is capable of keeping us safe. That is what our Germanic State would be. No radical change in any culture, but a guarantee that we can develop our own culture without any foreigners influencing or altering it.>Scandinavian ""Tyskland"", German ""Deutschland"" and Dutch ""Duitsland"" all mean ""Land of the people"" originally",03/21/25(Fri)14:17:50No.501101824,pic related future  need  germany chance reach world power level without rest us  location  population  economy  rest us remain irrelevant easy target jew without uncucked germany gdp   trillion usd  potential grow even bigger population  post deportation   million capital berlin  german lingua franca industry nature population access polar areas agriculture  periodic table discoveries would germanic  would  total nobel laureates field real issue language   even problem create functioning  representative state  look india  china  nigeria etc  work practise paper –  spite language differences aren’t even ethnically – would  brothers much  much  literally greatest people time  could self sufficient areas  germanic homeland  potential become great power militarily economically  already far fields culture history  would allow us preserve people hostile world  would allow us counter threads china  india  islamic world  united states  russia  think needs serious option  germanics care volk  extends beyond present day borders live  people’s best interest served creating cultural strong sphere influenced foreign powers  backed defence force capable keeping us safe  germanic state would  radical change culture  guarantee develop culture without foreigners influencing altering scandinavian  tyskland  german  deutschland  dutch  duitsland  mean  land people  originally,"['business_&_entrepreneurs', 'news_&_social_concern']"
p501105606,>enter /chug/ thread>talk shit about russians and call them non-whites>enter /uhg/ thread>talk shit about ukrainians and call them non- white>infiniteseetheglitch.jpgits so easy,03/21/25(Fri)15:05:37No.501105606, enter  chug  thread talk shit russians call non whites enter  uhg  thread talk shit ukrainians call non  white infiniteseetheglitch jpgits easy,['news_&_social_concern']
p501105978,>studied hard>Had a shit office job but make good money>Have a son with wife at 25 because muh legacy meme>Didn't know you have a 1/36 chance of autist son (and increasing every year)(if you take all severe disabilities you have 5-10% depending of the country)>He is sever autist (you can't detect severe autism during pregnacy)>He is 9yo>Can't talk only makes weird noises>Only play with baby toys>He have to wear diapers because somedays he refuses to go to the bath>Some days he becomes agresive and destroys the house>He only sleeps 3-4h>No sex with wife (sex drive goes to 0 when you don't sleep a full night for years)>Only fun thing of my life is playing some vidya in the bus to work>Regret not being a comfy happy neet.,03/21/25(Fri)15:10:41No.501105978, studied hard shit office job make good money son wife  muh legacy meme know   chance autist son  increasing every year take severe disabilities    depending country sever autist  detect severe autism pregnacy yo talk makes weird noises play baby toys wear diapers somedays refuses go bath days becomes agresive destroys house sleeps  h sex wife  sex drive goes  sleep full night years fun thing life playing vidya bus work regret comfy happy neet ,"['diaries_&_daily_life', 'family']"
p501103671,What was the point of Assad?,03/21/25(Fri)14:41:32No.501103671,point assad ,[]
p501100424,"These morons were using the wrong glue.>Tesla has been forced to recall every Cybertruck it has ever sold after safety regulators raised an issue with the glue used to attach one of its stainless steel panels.>The US National Highway Traffic Safety Administration (NHTSA) will oversee the recall of 46,100 Cybertrucks, marking the eighth recall for Tesla’s electric pickup truck since deliveries to customers began just over a year ago.>A report from the NHTSA warned that an exterior panel that runs along the left and right side of the windscreen can detach while driving, creating a hazard for other drivers.https://www.the-independent.com/tech/tesla-cybertruck-recall-glue-panels-musk-b2719222.htmlRemind me why it's ""illegal"" to boycott these death traps again?",03/21/25(Fri)14:00:29No.501100424,morons using wrong glue tesla forced recall every cybertruck ever sold safety regulators raised issue glue used attach one stainless steel panels us national highway traffic safety administration  nhtsa  oversee recall   cybertrucks  marking eighth recall tesla’s electric pickup truck since deliveries customers began year ago report nhtsa warned exterior panel runs along left right side windscreen detach driving  creating hazard drivers https www independent com tech tesla cybertruck recall glue panels musk b htmlremind  illegal  boycott death traps ,"['business_&_entrepreneurs', 'news_&_social_concern']"
p501104660,Denmark is the best country in Europe and I'm tired of pretending it's not.,03/21/25(Fri)14:53:50No.501104660,denmark best country europe tired pretending ,['sports']
p501105839,Trump didn't make any remarks about this dude's outfit uh. Wear a suit or else I'm going INSANEEEEEEE. HAVE YOU SAID THANKS? AAAAAAH,03/21/25(Fri)15:08:39No.501105839,trump make remarks dude outfit uh  wear suit else going insaneeeeeee  said thanks  aaaaaah,"['celebrity_&_pop_culture', 'fashion_&_style', 'news_&_social_concern']"
p501088511,Can you go too far with a whore?,03/21/25(Fri)11:19:06No.501088511,go far whore ,[]
p501089839,"Sorry Britbros, but coffee is so much more delicious than tea. I'm on my 10th cup for the day. Black, of course. No sugar. The only way to drink coffee.",03/21/25(Fri)11:37:42No.501089839,sorry britbros  coffee much delicious tea  th cup day  black  course  sugar  way drink coffee ,"['diaries_&_daily_life', 'food_&_dining']"
p501103732,Wikipedia refuses to recognize English as the official US Language,03/21/25(Fri)14:42:17No.501103732,wikipedia refuses recognize english official us language,['science_&_technology']
p501104620,.,03/21/25(Fri)14:53:18No.501104620, ,
p501104470,"Really?, look at it!!You are telling me that somebody bought this fucking shit?? Get the fuck out of here!!!",03/21/25(Fri)14:51:32No.501104470,really  look telling somebody bought fucking shit  get fuck ,['diaries_&_daily_life']
p501100625,Reminder that you WILL be labeled as a traitor for not supporting this.,03/21/25(Fri)14:02:52No.501100625,reminder labeled traitor supporting ,['news_&_social_concern']
p501106782,Amerimutt post of the day.,03/21/25(Fri)15:21:19No.501106782,amerimutt post day ,['diaries_&_daily_life']
p501051364,MORE DOCSITS RELEVANTISRAELI NUCLEAR PROGRAM SPOTTEDhttps://www.archives.gov/files/research/jfk/releases/2025/0318/206-10001-10012.pdf (pg5),03/20/25(Thu)22:32:38No.501051364,docsits relevantisraeli nuclear program spottedhttps www archives gov files research jfk releases      pdf  pg ,"['news_&_social_concern', 'science_&_technology']"
p501080179,Who convinced the majority that shitalians are white? They’re literally brown semitic tomatokikes,03/21/25(Fri)09:05:38No.501080179,convinced majority shitalians white  they’re literally brown semitic tomatokikes,['news_&_social_concern']
p501105887,RAF now have the F-47 technology. No more illegal military experimentation on us! Nato pilot is DEAD,03/21/25(Fri)15:09:23No.501105887,raf f  technology  illegal military experimentation us  nato pilot dead,"['news_&_social_concern', 'science_&_technology']"
p501079694,,03/21/25(Fri)08:55:59No.501079694,,
p501099426,You can't be racist and pagan.You can't be pro-white and pagan.You can't be pro-christian and pagan.You can't be anti-semetic and pagan.You can't be a nazi and a pagan at the same time.,03/21/25(Fri)13:46:30No.501099426,racist pagan pro white pagan pro christian pagan anti semetic pagan nazi pagan time ,['news_&_social_concern']
p501106009,The average european city in current year,03/21/25(Fri)15:10:58No.501106009,average european city current year,['sports']
p501097433,Every 27 days China opens a new nuclear power plant.,03/21/25(Fri)13:19:30No.501097433,every  days china opens new nuclear power plant ,"['news_&_social_concern', 'science_&_technology']"
p501092555,"Protestantism is to me a sort of anti-religion. Over the course of its existence, it has shattered the cultural patrimony of Europe and denuded Christianity of all its venerable religious traditions. It led Europeans down a slippery slope that passed by Liberalism, Deism and the so-called Enlightenment and crapped us out in Nihilismland, where marxist thugs, satanists and positivist pointyheads all putt about. I can't imagine why anyone wanting to convert to Christianity would choose a protestant denomination as their first preference.",03/21/25(Fri)12:13:04No.501092555,protestantism sort anti religion  course existence  shattered cultural patrimony europe denuded christianity venerable religious traditions  led europeans slippery slope passed liberalism  deism called enlightenment crapped us nihilismland  marxist thugs  satanists positivist pointyheads putt  imagine anyone wanting convert christianity would choose protestant denomination first preference ,['news_&_social_concern']
p501096289,Poilievre is afraid...he has no policy. The conservatives have no policy; they look at the opinion polls and then try to softball pander to the polls instead of having real plans and real leadership. Poilievre caved on the vax tyranny. Poilievre is sucking Hindu ass for votes...Poilievre has never been anything more than a politician. He's never worked in the free enterprise sector...https://www.youtube.com/watch?v=Kwg3BIwpZLE[Embed],03/21/25(Fri)13:04:16No.501096289,poilievre afraid policy  conservatives policy  look opinion polls try softball pander polls instead real plans real leadership  poilievre caved vax tyranny  poilievre sucking hindu ass votes poilievre never anything politician  never worked free enterprise sector https www youtube com watch v kwgbiwpzle embed ,['news_&_social_concern']
p501093934,What now /pol/ what now!.....,03/21/25(Fri)12:31:56No.501093934, pol  ,['diaries_&_daily_life']
p501064137,"I'm proud of Ukrainians for inflicting so much pain and suffering on scum fuck Russians invading Europe.It has been a joy to watch all the gore kino, I literally feel high when I watch Russian invaders suffer, Schadenfreude is one hell of a drug.Russians should learn not to fuck with Europeans.",03/21/25(Fri)02:52:06No.501064137,proud ukrainians inflicting much pain suffering scum fuck russians invading europe joy watch gore kino  literally feel high watch russian invaders suffer  schadenfreude one hell drug russians learn fuck europeans ,['news_&_social_concern']
p501102063,Are the orcs responsible for what Sauron orders them?Pic unrelated,03/21/25(Fri)14:20:49No.501102063,orcs responsible sauron orders pic unrelated,['diaries_&_daily_life']
p501104542,SAY HIS NAME,03/21/25(Fri)14:52:17No.501104542,say name,[]
p501103273,I still dont know what a hooknose is supposed to look like and what part of the nose hooks. Can someone show me a jewish nose and circle the jewish part? I know whites with massive bird beaks and bogged nose bridges but you guys say thats a roman nose.,03/21/25(Fri)14:36:45No.501103273,still dont know hooknose supposed look like part nose hooks  someone show jewish nose circle jewish part  know whites massive bird beaks bogged nose bridges guys say thats roman nose ,['diaries_&_daily_life']
p501104766,They're afraid of fairy tales.,03/21/25(Fri)14:55:11No.501104766,afraid fairy tales ,['arts_&_culture']
p501081505,>make a nigger slave turned sword holder a Samurai>make him have sex with Japanese royalty>make him destroy Shinto shrines>make him kill actual Samurai>make japanese people non binary>make a white man an antagonist of the gameWhy would Indians do this? What do they have against Japan?,03/21/25(Fri)09:30:35No.501081505, make nigger slave turned sword holder samurai make sex japanese royalty make destroy shinto shrines make kill actual samurai make japanese people non binary make white man antagonist gamewhy would indians  japan ,['news_&_social_concern']
p501102264,Why would the government hide UFOs? Who cares if aliens visited,03/21/25(Fri)14:23:30No.501102264,would government hide ufos  cares aliens visited,['news_&_social_concern']
p501105906,>Make America Great Again means Make American Great Britain Again,03/21/25(Fri)15:09:37No.501105906, make america great means make american great britain,['news_&_social_concern']
p501094535,You now remember this,03/21/25(Fri)12:40:39No.501094535,remember,['diaries_&_daily_life']
p501100424,"These morons were using the wrong glue.>Tesla has been forced to recall every Cybertruck it has ever sold after safety regulators raised an issue with the glue used to attach one of its stainless steel panels.>The US National Highway Traffic Safety Administration (NHTSA) will oversee the recall of 46,100 Cybertrucks, marking the eighth recall for Tesla’s electric pickup truck since deliveries to customers began just over a year ago.>A report from the NHTSA warned that an exterior panel that runs along the left and right side of the windscreen can detach while driving, creating a hazard for other drivers.https://www.the-independent.com/tech/tesla-cybertruck-recall-glue-panels-musk-b2719222.htmlRemind me why it's ""illegal"" to boycott these death traps again?",03/21/25(Fri)14:00:29No.501100424,morons using wrong glue tesla forced recall every cybertruck ever sold safety regulators raised issue glue used attach one stainless steel panels us national highway traffic safety administration  nhtsa  oversee recall   cybertrucks  marking eighth recall tesla’s electric pickup truck since deliveries customers began year ago report nhtsa warned exterior panel runs along left right side windscreen detach driving  creating hazard drivers https www independent com tech tesla cybertruck recall glue panels musk b htmlremind  illegal  boycott death traps ,"['business_&_entrepreneurs', 'news_&_social_concern']"
p501101889,https://www.independent.co.uk/news/world/americas/us-politics/trump-commonwealth-offer-us-member-b2719470.html,03/21/25(Fri)14:18:38No.501101889,https www independent co uk news world americas us politics trump commonwealth offer us member b html,['news_&_social_concern']
p501105136,">Ooh, don't go telling everybody>And overlook this supposed crimeWhy are women allowed to sing about molesting children?",03/21/25(Fri)14:59:30No.501105136, ooh  go telling everybody overlook supposed crimewhy women allowed sing molesting children ,['news_&_social_concern']
p501080179,Who convinced the majority that shitalians are white? They’re literally brown semitic tomatokikes,03/21/25(Fri)09:05:38No.501080179,convinced majority shitalians white  they’re literally brown semitic tomatokikes,['news_&_social_concern']
p501102188,i just learnt about chemtrails,03/21/25(Fri)14:22:28No.501102188,learnt chemtrails,"['news_&_social_concern', 'science_&_technology']"
p501080933,,03/21/25(Fri)09:19:55No.501080933,,
p501099049,"Uh oh.. looks like theyre turning comments off, just like biden did. Sigh.",03/21/25(Fri)13:41:07No.501099049,uh oh  looks like theyre turning comments  like biden  sigh ,['news_&_social_concern']
p501100625,Reminder that you WILL be labeled as a traitor for not supporting this.,03/21/25(Fri)14:02:52No.501100625,reminder labeled traitor supporting ,['news_&_social_concern']
p501104049,>date a woman 13 years older than you>get called a pedo,03/21/25(Fri)14:46:19No.501104049, date woman  years older get called pedo,['diaries_&_daily_life']
p501097122,>BALTICS 100% WHITEBALTICS 100% WHITE>BALTICS 100% WHITEBALTICS 100% WHITE>BALTICS 100% WHITE,03/21/25(Fri)13:15:09No.501097122, baltics   whitebaltics   white baltics   whitebaltics   white baltics   white,"['diaries_&_daily_life', 'news_&_social_concern']"
p501103732,Wikipedia refuses to recognize English as the official US Language,03/21/25(Fri)14:42:17No.501103732,wikipedia refuses recognize english official us language,['science_&_technology']
p501101168,"Seriously bros, what actually stands between them and the English channel? Besides Ukrainian villages I meean. One they finish meatgrinding Pokrovsk, what stops them before reaching Calais?",03/21/25(Fri)14:09:36No.501101168,seriously bros  actually stands english channel  besides ukrainian villages meean  one finish meatgrinding pokrovsk  stops reaching calais ,['film_tv_&_video']
p501099640,America was not founded by these subhuman pagans. They don't belong here. Post jeet memes.,03/21/25(Fri)13:49:40No.501099640,america founded subhuman pagans  belong  post jeet memes ,['news_&_social_concern']
p501102729,">Trump is 'open to the idea' of selling F-35 jets to Turkey if the Russia-made S-400 system is made inoperable through partially disassembling, sources tell Fox Newsallahu akbar we will blow up greece with our new stealth jets. thank you orange man.",03/21/25(Fri)14:29:37No.501102729, trump  open idea  selling f  jets turkey russia made  system made inoperable partially disassembling  sources tell fox newsallahu akbar blow greece new stealth jets  thank orange man ,"['news_&_social_concern', 'science_&_technology']"
p501095545,Have you thanked a leftist today for saving the country?,03/21/25(Fri)12:54:09No.501095545,thanked leftist today saving country ,['news_&_social_concern']
p501081812,You can't refute this. This one and the teeth always convinces regular people.,03/21/25(Fri)09:36:08No.501081812,refute  one teeth always convinces regular people ,[]
p501103843,"#1 post now there. like tf who is even a nazi? let alone elon musk? like what does a present day nazi even do? post antisemitic memes online for shits and giggles?it all goes back to elon's ""nazi salute"" and if it truly was it's not like the audience was sig heiling behind him.",03/21/25(Fri)14:43:38No.501103843,# post  like tf even nazi  let alone elon musk  like present day nazi even  post antisemitic memes online shits giggles goes back elon  nazi salute  truly like audience sig heiling behind ,['news_&_social_concern']
p501086999,Would you buy a beautiful Tesla car to support Elon Musk?,03/21/25(Fri)10:56:53No.501086999,would buy beautiful tesla car support elon musk ,"['business_&_entrepreneurs', 'science_&_technology']"
p501105139,UK: The prime minster firmly believes his nation’s rape gang crisis is due to Islamophobia. If the English would just adopt Pakistani culture they would stop raping children.YOUR HATE IS TO BLAME FOR CHILDREN BEING RAPED.https://x.com/amuse/status/1903019271849959803,03/21/25(Fri)14:59:33No.501105139,uk  prime minster firmly believes nation’s rape gang crisis due islamophobia  english would adopt pakistani culture would stop raping children hate blame children raped https x com amuse status ,['news_&_social_concern']
p501099937,"At the end of the new Assassin's Creed game, the hulking black bull beats the absolute shit out of the boss.While this is happening, drums, Japanese rap and the words CHING CHONG WHA CHA NINJAAAAAA are song in an African chant. You can't make this shit up.Is this the final gasp of hyper cucked white lib produced games? Will this radicalize the Niponese? Will Yasuke impregnate the great Oda Nobunaga's ripe virgin sister? You be the judge /pol/",03/21/25(Fri)13:53:51No.501099937,end new assassin creed game  hulking black bull beats absolute shit boss happening  drums  japanese rap words ching chong wha cha ninjaaaaaa song african chant  make shit final gasp hyper cucked white lib produced games  radicalize niponese  yasuke impregnate great oda nobunaga ripe virgin sister  judge  pol ,['gaming']
p501095590,Should elon be in jail for market manipulation?,03/21/25(Fri)12:54:50No.501095590,elon jail market manipulation ,"['news_&_social_concern', 'science_&_technology']"
p501101290,"Be selfish, think of yourself. All my male friends with kids regret their choice and the excessive time and resources they must now forego. Children are not worth the headache. I am 38, wealthy, child free, and I love it. I sleep in on the weekends and do what I want, when I want. Bout to fuck a 10/10 model tier Hungarian 21 year old sugar baby, she will be my cumdumpster for the evening. I can literally afford a new sugar baby every day because I do not have kids",03/21/25(Fri)14:11:14No.501101290,selfish  think  male friends kids regret choice excessive time resources must forego  children worth headache    wealthy  child free  love  sleep weekends want  want  bout fuck   model tier hungarian  year old sugar baby  cumdumpster evening  literally afford new sugar baby every day kids,"['diaries_&_daily_life', 'family']"
p501105613,*mic drop*,03/21/25(Fri)15:05:44No.501105613, mic drop ,['music']
p501105471,>/pol is full of nazis>putin openly hates nazis>/pol loves putinMake it make sense,03/21/25(Fri)15:03:49No.501105471, pol full nazis putin openly hates nazis pol loves putinmake make sense,['news_&_social_concern']
p501080933,,03/21/25(Fri)09:19:55No.501080933,,
p501084235,Why are Americans never able to refute European leftists?,03/21/25(Fri)10:15:01No.501084235,americans never able refute european leftists ,['news_&_social_concern']
p501101820,>White-East Asian interbreeding le bad in principle because it just is okay.,03/21/25(Fri)14:17:48No.501101820, white east asian interbreeding le bad principle okay ,['news_&_social_concern']
p501051364,MORE DOCSITS RELEVANTISRAELI NUCLEAR PROGRAM SPOTTEDhttps://www.archives.gov/files/research/jfk/releases/2025/0318/206-10001-10012.pdf (pg5),03/20/25(Thu)22:32:38No.501051364,docsits relevantisraeli nuclear program spottedhttps www archives gov files research jfk releases      pdf  pg ,"['news_&_social_concern', 'science_&_technology']"
p501101889,https://www.independent.co.uk/news/world/americas/us-politics/trump-commonwealth-offer-us-member-b2719470.html,03/21/25(Fri)14:18:38No.501101889,https www independent co uk news world americas us politics trump commonwealth offer us member b html,['news_&_social_concern']
p501102658,"antifa violence, endless new waves of vandalism, and now ordering assassination-by-cop on peoplewtf else do they need to do before people step in?or are they just hoping the right will take matters into their own hands so they can blame it on them?",03/21/25(Fri)14:28:41No.501102658,antifa violence  endless new waves vandalism  ordering assassination cop peoplewtf else need people step hoping right take matters hands blame ,['news_&_social_concern']
p501099640,America was not founded by these subhuman pagans. They don't belong here. Post jeet memes.,03/21/25(Fri)13:49:40No.501099640,america founded subhuman pagans  belong  post jeet memes ,['news_&_social_concern']
p501101137,When did you realize abortion is the one issue that proves the left are massive hypocrites?No one who is pro-abortion can ever claim to be pro-human rights or pro-equality. The mass-murder of babies in the womb is the biggest genocide in human history.,03/21/25(Fri)14:09:10No.501101137,realize abortion one issue proves left massive hypocrites one pro abortion ever claim pro human rights pro equality  mass murder babies womb biggest genocide human history ,['news_&_social_concern']
p501102838,"Trump's full response:""Well, you know, I was given the task of releasing that, because many presidents have gone through it and they haven’t released. And I said, release. We even released Social Security numbers. I didn’t want anything deleted. They said, sir, what about Social Security? People long gone. But they’re long gone, so I can’t imagine.But I said, if you don’t delete it, if you do delete it, we have people that are going to say, why did you delete it? There’s something in there. So we gave Social Security, and we gave everything. And the rest is for you to look at, Peter. You’re going to see whether or not you see anything. But we’ve given it. We’re doing it with Dr. Martin Luther King, too. They’re preparing all of that. They’re going to release everything. and whoever else they want. I mean, you know, we have nothing. We really have nothing to hide. We shouldn’t have.You know, when a lot of time goes by. But with the Kennedy files, in particular, they were going crazy on them. I don’t think there’s anything. that’s earth-shattering, but you’ll have to make that determination. In those, you know, it’s 80,000. It’s actually 88,000. And we have some additional things, as you know, come out today. And for that, you can go to the offices and you can see whatever you want to see. Everything is out there, totally open. The additional stuff is available later on today. You go over to the offices and you can have it immediately. And you’ll make a determination.""https://www.mediaite.com/tv/trump-cant-answer-when-peter-doocy-asks-simple-question-who-killed-kennedy/It's a good thing those 80,000 JFK files were released! Promises made, promises kept!",03/21/25(Fri)14:31:12No.501102838,trump full response well  know  given task releasing  many presidents gone haven’t released  said  release  even released social security numbers  didn’t want anything deleted  said  sir  social security  people long gone  they’re long gone  can’t imagine said  don’t delete  delete  people going say  delete  there’s something  gave social security  gave everything  rest look  peter  you’re going see whether see anything  we’ve given  we’re dr  martin luther king   they’re preparing  they’re going release everything  whoever else want  mean  know  nothing  really nothing hide  shouldn’t know  lot time goes  kennedy files  particular  going crazy  don’t think there’s anything  that’s earth shattering  you’ll make determination   know  it’s    it’s actually    additional things  know  come today   go offices see whatever want see  everything  totally open  additional stuff available later today  go offices immediately  you’ll make determination https www mediaite com tv trump cant answer peter doocy asks simple question killed kennedy good thing   jfk files released  promises made  promises kept ,['news_&_social_concern']
p501106517,>Mette Frederiksen says she considers “mass migration … as a threat to the daily life in Europe.”>https://www.politico.eu/article/mette-frederiksen-denmark-jd-vance-migration-asylum-refugees/,03/21/25(Fri)15:17:57No.501106517, mette frederiksen says considers “mass migration … threat daily life europe ” https www politico eu article mette frederiksen denmark jd vance migration asylum refugees ,['news_&_social_concern']
p501097641,Not like we can see into their soul or some bollocks,03/21/25(Fri)13:22:16No.501097641,like see soul bollocks,['music']
p501103732,Wikipedia refuses to recognize English as the official US Language,03/21/25(Fri)14:42:17No.501103732,wikipedia refuses recognize english official us language,['science_&_technology']
p501099465,NEW PROPAGANDA JUST DROPPED: https://youtu.be/WQYGcBcEcEU[Embed],03/21/25(Fri)13:47:09No.501099465,new propaganda dropped  https youtu wqygcbceceu embed ,['news_&_social_concern']
p501076978,"GO WOKE, GO BR...",03/21/25(Fri)08:05:40No.501076978,go woke  go br ,['news_&_social_concern']
p501105139,UK: The prime minster firmly believes his nation’s rape gang crisis is due to Islamophobia. If the English would just adopt Pakistani culture they would stop raping children.YOUR HATE IS TO BLAME FOR CHILDREN BEING RAPED.https://x.com/amuse/status/1903019271849959803,03/21/25(Fri)14:59:33No.501105139,uk  prime minster firmly believes nation’s rape gang crisis due islamophobia  english would adopt pakistani culture would stop raping children hate blame children raped https x com amuse status ,['news_&_social_concern']
p501101841,RUSSIA HAS LAUNCHED A NUKE AT AN ISLAND IN THE BLACK SEA!!!WW3 IS HERE!!!,03/21/25(Fri)14:18:03No.501101841,russia launched nuke island black sea ww ,['news_&_social_concern']
p501104855,"Why do americans hate mexicans so much? I can understand hating niggers, but mexicans? They are hardworking christians, literally the salt of the earth.They were the ones taking care of mowing your lawn and for cheap cleaning services and this is how you people treat them?White people charge an arm and a leg for labor work. Good luck finding affordable service.White men also overwhelmingly date latinas which means that now there will be more of them being deported.",03/21/25(Fri)14:56:16No.501104855,americans hate mexicans much  understand hating niggers  mexicans  hardworking christians  literally salt earth ones taking care mowing lawn cheap cleaning services people treat white people charge arm leg labor work  good luck finding affordable service white men also overwhelmingly date latinas means deported ,['news_&_social_concern']
p501099688,Do you think we could drain the melanin from a nigger's skin?This would solve alot of problems.,03/21/25(Fri)13:50:15No.501099688,think could drain melanin nigger skin would solve alot problems ,"['fitness_&_health', 'news_&_social_concern']"
p501099688,Do you think we could drain the melanin from a nigger's skin?This would solve alot of problems.,03/21/25(Fri)13:50:15No.501099688,think could drain melanin nigger skin would solve alot problems ,"['fitness_&_health', 'news_&_social_concern']"
p501103843,"#1 post now there. like tf who is even a nazi? let alone elon musk? like what does a present day nazi even do? post antisemitic memes online for shits and giggles?it all goes back to elon's ""nazi salute"" and if it truly was it's not like the audience was sig heiling behind him.",03/21/25(Fri)14:43:38No.501103843,# post  like tf even nazi  let alone elon musk  like present day nazi even  post antisemitic memes online shits giggles goes back elon  nazi salute  truly like audience sig heiling behind ,['news_&_social_concern']
p501105452,"Why should I hate non-whites, they have never actually caused any harm to me",03/21/25(Fri)15:03:34No.501105452,hate non whites  never actually caused harm,['news_&_social_concern']
p501094596,">Heathrow to resume some flights and hopes to run full operation tomorrowhttps://www.bbc.co.uk/news/live/cly24zvvwxlt>Putin would breach Ukraine deal if it is not defended, says PMhttps://www.bbc.co.uk/news/articles/cwyd0v3344qo>Government borrowing higher than expected in Februaryhttps://www.bbc.co.uk/news/articles/c0jglw54yvyo>Badenoch warns Tories of difficult local electionshttps://www.bbc.co.uk/news/articles/cvg5dpl1j4zo>Uber offers 20 hours of free childcare in bid to lure female drivershttps://www.bbc.co.uk/news/articles/cgm1pmdlvx8o",03/21/25(Fri)12:41:36No.501094596, heathrow resume flights hopes run full operation tomorrowhttps www bbc co uk news live clyzvvwxlt putin would breach ukraine deal defended  says pmhttps www bbc co uk news articles cwydvqo government borrowing higher expected februaryhttps www bbc co uk news articles cjglwyvyo badenoch warns tories difficult local electionshttps www bbc co uk news articles cvgdpljzo uber offers  hours free childcare bid lure female drivershttps www bbc co uk news articles cgmpmdlvxo,"['business_&_entrepreneurs', 'news_&_social_concern']"
p501097641,Not like we can see into their soul or some bollocks,03/21/25(Fri)13:22:16No.501097641,like see soul bollocks,['music']
p501089839,"Sorry Britbros, but coffee is so much more delicious than tea. I'm on my 10th cup for the day. Black, of course. No sugar. The only way to drink coffee.",03/21/25(Fri)11:37:42No.501089839,sorry britbros  coffee much delicious tea  th cup day  black  course  sugar  way drink coffee ,"['diaries_&_daily_life', 'food_&_dining']"
p501086795,Was 4chan ever a leftist site?Was there ever an appreciable number of leftists in this place?,03/21/25(Fri)10:53:45No.501086795,chan ever leftist site ever appreciable number leftists place ,['news_&_social_concern']
p501089871,Made by boeing though so will it be bogged? Apparently it's been flying for 5 years,03/21/25(Fri)11:38:10No.501089871,made boeing though bogged  apparently flying  years,['diaries_&_daily_life']
p501106785,why are zoomers so much uglier than their parents?,03/21/25(Fri)15:21:23No.501106785,zoomers much uglier parents ,"['diaries_&_daily_life', 'family']"
p501100027,Why are Americans the only people in the world who defend (((car dependency)))?,03/21/25(Fri)13:55:03No.501100027,americans people world defend  car dependency ,['news_&_social_concern']
p501081812,You can't refute this. This one and the teeth always convinces regular people.,03/21/25(Fri)09:36:08No.501081812,refute  one teeth always convinces regular people ,[]
p501099362,notice something,03/21/25(Fri)13:45:26No.501099362,notice something,['diaries_&_daily_life']
p501100181,Why are young white men across the world turning to Fascism and National Socialism?What are the implications of this?,03/21/25(Fri)13:57:13No.501100181,young white men across world turning fascism national socialism implications ,['news_&_social_concern']
p501094167,Should all russians be expelled from European countries? I think it would lead to lasting peace.,03/21/25(Fri)12:35:14No.501094167,russians expelled european countries  think would lead lasting peace ,['news_&_social_concern']
p501105070,"While everyone was distracted with the pyramid pillar conspiracy theories, Israel has just began their ground invasion of Palestine with the full backing of Donald Trump. Is this the end of Hamas and Palestine as a terrorist base?",03/21/25(Fri)14:58:50No.501105070,everyone distracted pyramid pillar conspiracy theories  israel began ground invasion palestine full backing donald trump  end hamas palestine terrorist base ,['news_&_social_concern']
p501081812,You can't refute this. This one and the teeth always convinces regular people.,03/21/25(Fri)09:36:08No.501081812,refute  one teeth always convinces regular people ,[]
p501105906,>Make America Great Again means Make American Great Britain Again,03/21/25(Fri)15:09:37No.501105906, make america great means make american great britain,['news_&_social_concern']
p501102375,>scientists from english speaking country cant even speak english fluentlyBWAHAHAHA these south african dudes were diversity hireshttps://youtu.be/zAKSVhAnaQs?si=zDXoMyB6Mvu_k2hi[Embed],03/21/25(Fri)14:24:53No.501102375, scientists english speaking country cant even speak english fluentlybwahahaha south african dudes diversity hireshttps youtu zaksvhanaqs si zdxomybmvu khi embed ,"['learning_&_educational', 'news_&_social_concern']"
p501103637,"She is objectively nasty, has a world class RBF, and is a TDS nut.Famously, destroyed Sarah Palin with that fish in a barrel interview.Despite this, there is barely anything negative about her found through search results on Google and Youtube. How can she not have hundreds of compilations of her being a cunt???She is also protected on Google search autocomplete...Does anyone have an explanation for the lack of negativity online? Is she a mockingbird asset?",03/21/25(Fri)14:41:06No.501103637,objectively nasty  world class rbf  tds nut famously  destroyed sarah palin fish barrel interview despite  barely anything negative found search results google youtube  hundreds compilations cunt also protected google search autocomplete anyone explanation lack negativity online  mockingbird asset ,"['news_&_social_concern', 'sports']"
p501089389,">‘The View’ Whoopi Goldberg has a MELTDOWN and says she is “enraged” by Donald Trump saying that “There is a definite anti-White feeling in the country”>“Yeah, Sir. Nobody in your family was hung. Nobody in your family was chased because of the color of their skin. How dare you? There’s no anti-white issue here. You are perpetrating anti-humanist issues here”https://youtube.com/shorts/pu_uzPQgBaY?si=ijPsAGO98TINSBG6",03/21/25(Fri)11:31:43No.501089389, ‘the view’ whoopi goldberg meltdown says “enraged” donald trump saying “there definite anti white feeling country” “yeah  sir  nobody family hung  nobody family chased color skin  dare  there’s anti white issue  perpetrating anti humanist issues here”https youtube com shorts pu uzpqgbay si ijpsagotinsbg,['news_&_social_concern']
p501099688,Do you think we could drain the melanin from a nigger's skin?This would solve alot of problems.,03/21/25(Fri)13:50:15No.501099688,think could drain melanin nigger skin would solve alot problems ,"['fitness_&_health', 'news_&_social_concern']"
p501101876,why work in a cubicle if russia will kill us soon,03/21/25(Fri)14:18:28No.501101876,work cubicle russia kill us soon,"['diaries_&_daily_life', 'news_&_social_concern']"
p501104021,"how did he recast himself as the king of the libtards so sucessfully? guy has made ""Free Luigi"" his whole personality recently",03/21/25(Fri)14:46:01No.501104021,recast king libtards sucessfully  guy made  free luigi  whole personality recently,"['celebrity_&_pop_culture', 'news_&_social_concern']"
p501106009,The average european city in current year,03/21/25(Fri)15:10:58No.501106009,average european city current year,['sports']
p501097253,"india failed to attract factories from china, what went wrong?>https://x.com/BeijingDai/status/1903078818258329813/photo/1Reuters reported that India has abandoned its four-year, $23 billion PLI program. The sole purpose of this plan is to attract manufacturing to leave China and come to India, increasing the proportion of manufacturing in the Indian economy to 25% by 2025. However, the reality is that the proportion of manufacturing in India's GDP has decreased from 16% in 2015 to 13% now.India's GDP is still growing at a rate of around 6%, but mainly from the service industry. As long as India cannot succeed in manufacturing, its threat to China will only be verbal. The Chinese should never underestimate this threat. The Indians have fully demonstrated their hostility in the past few years. Of course, they lack the ability to realize this threat with poor manufacturing.I have always said that Modi's biggest strategic mistake is to make the Chinese greatly increase their vigilance against India. The Chinese government allowed Chinese mobile phones, such as Xiaomi and Vivo, to invest in India before 2019, and the mobile phone industry is now basically the only highlight of Indian manufacturing, but China will never make such a mistake again.https://www.reuters.com/markets/emerging/indias-23-bln-plan-rival-china-factories-lapse-after-it-disappoints-2025-03-21/Exclusive: India's $23 billion plan to rival China factories to lapse after it disappoints",03/21/25(Fri)13:16:54No.501097253,india failed attract factories china  went wrong https x com beijingdai status  photo reuters reported india abandoned four year    billion pli program  sole purpose plan attract manufacturing leave china come india  increasing proportion manufacturing indian economy     however  reality proportion manufacturing india gdp decreased      india gdp still growing rate around   mainly service industry  long india cannot succeed manufacturing  threat china verbal  chinese never underestimate threat  indians fully demonstrated hostility past years  course  lack ability realize threat poor manufacturing always said modi biggest strategic mistake make chinese greatly increase vigilance india  chinese government allowed chinese mobile phones  xiaomi vivo  invest india   mobile phone industry basically highlight indian manufacturing  china never make mistake https www reuters com markets emerging indias  bln plan rival china factories lapse disappoints    exclusive  india   billion plan rival china factories lapse disappoints,"['business_&_entrepreneurs', 'news_&_social_concern']"
p501102188,i just learnt about chemtrails,03/21/25(Fri)14:22:28No.501102188,learnt chemtrails,"['news_&_social_concern', 'science_&_technology']"
p501096816,Realistically what do I do? Even if I pay $1000 a month it will take me 68 months + daily compounded interest,03/21/25(Fri)13:11:22No.501096816,realistically  even pay   month take  months   daily compounded interest,['business_&_entrepreneurs']
p501104855,"Why do americans hate mexicans so much? I can understand hating niggers, but mexicans? They are hardworking christians, literally the salt of the earth.They were the ones taking care of mowing your lawn and for cheap cleaning services and this is how you people treat them?White people charge an arm and a leg for labor work. Good luck finding affordable service.White men also overwhelmingly date latinas which means that now there will be more of them being deported.",03/21/25(Fri)14:56:16No.501104855,americans hate mexicans much  understand hating niggers  mexicans  hardworking christians  literally salt earth ones taking care mowing lawn cheap cleaning services people treat white people charge arm leg labor work  good luck finding affordable service white men also overwhelmingly date latinas means deported ,['news_&_social_concern']
p501104660,Denmark is the best country in Europe and I'm tired of pretending it's not.,03/21/25(Fri)14:53:50No.501104660,denmark best country europe tired pretending ,['sports']
p501066789,I didn’t feel it when I was younger. Now it’s like this cold void is constantly and consistently pulling my soul. What happens at the moment you die? Does consciousness stop? Do we go to a different realm? Do we collapse into the size of an atom? I’m fucking terrified . I can’t really watch and movies or television anymore . It’s like my consciousness is so aware of reality that I disassociate within. These feelings got worse the more I dwelled into gnostic thought processes.,03/21/25(Fri)03:56:09No.501066789,didn’t feel younger  it’s like cold void constantly consistently pulling soul  happens moment die  consciousness stop  go different realm  collapse size atom  i’m fucking terrified   can’t really watch movies television anymore   it’s like consciousness aware reality disassociate within  feelings got worse dwelled gnostic thought processes ,['film_tv_&_video']
p501091388,What are the political implications of black murders being portrayed as white?,03/21/25(Fri)11:56:35No.501091388,political implications black murders portrayed white ,['news_&_social_concern']
p501097749,">guy investigates government agencies for wasteful spending of tax dollars>liberals: AAAAAAAAAAAHHHHHHHHHHHHH LITERAL NAZI!!!!!!!!!!!!! *rolling on the ground screaming, pissing, and shitting themselves>vandalize people's cars because they guy owns the company, call SWAT teams to the homes of his supportersthey're getting more and more unhinged and violent over the little shit every year, by the time Trump leaves office there will be a literal civil war",03/21/25(Fri)13:23:54No.501097749, guy investigates government agencies wasteful spending tax dollars liberals  aaaaaaaaaaahhhhhhhhhhhhh literal nazi   rolling ground screaming  pissing  shitting vandalize people cars guy owns company  call swat teams homes supportersthey getting unhinged violent little shit every year  time trump leaves office literal civil war,['news_&_social_concern']
p501103794,"""White people"" isn't even a real thing. We're literally all different. ""White"" is just a step toward Globalism. Be yourself, reabsorb the agency you're feeding to this psyopped phantom, and make your own actual acheivements instead of ""identifying"" with some acheivements of bygone eras.",03/21/25(Fri)14:42:55No.501103794, white people  even real thing  literally different   white  step toward globalism   reabsorb agency feeding psyopped phantom  make actual acheivements instead  identifying  acheivements bygone eras ,['news_&_social_concern']
p501099726,If Founding Stock Americans (like Bill the Butcher) thought Euro immigrants like Irish/Italian Catholics were bad how would they feel about Indian/Mexican mass Immigration?,03/21/25(Fri)13:50:55No.501099726,founding stock americans  like bill butcher  thought euro immigrants like irish italian catholics bad would feel indian mexican mass immigration ,['news_&_social_concern']
p501101168,"Seriously bros, what actually stands between them and the English channel? Besides Ukrainian villages I meean. One they finish meatgrinding Pokrovsk, what stops them before reaching Calais?",03/21/25(Fri)14:09:36No.501101168,seriously bros  actually stands english channel  besides ukrainian villages meean  one finish meatgrinding pokrovsk  stops reaching calais ,['film_tv_&_video']
p501105534,"I have tendies, I'm white and I'll vote republican.",03/21/25(Fri)15:04:38No.501105534,tendies  white vote republican ,['news_&_social_concern']
p501094167,Should all russians be expelled from European countries? I think it would lead to lasting peace.,03/21/25(Fri)12:35:14No.501094167,russians expelled european countries  think would lead lasting peace ,['news_&_social_concern']
p501102899,">yeah bro im gonna escape and live inna woods>yeah every city will be third world, full of indians, pride flags everywhere>but i wont let that get me down because im gonna live in a cabin in the woods to escape the zog bro!>it will be so trad and based, if anyone tries to steal from me i will shoot them broi don't get it, people try and destroy your country and your plan is to flee to the woods and live as a mollusc?",03/21/25(Fri)14:32:02No.501102899, yeah bro im gonna escape live inna woods yeah every city third world  full indians  pride flags everywhere wont let get im gonna live cabin woods escape zog bro trad based  anyone tries steal shoot broi get  people try destroy country plan flee woods live mollusc ,['news_&_social_concern']
p501099049,"Uh oh.. looks like theyre turning comments off, just like biden did. Sigh.",03/21/25(Fri)13:41:07No.501099049,uh oh  looks like theyre turning comments  like biden  sigh ,['news_&_social_concern']
p501102661,"Yes, we need to convince our leftists here to leave to europe, make all 50 states red, europe would love them",03/21/25(Fri)14:28:43No.501102661,yes  need convince leftists leave europe  make  states red  europe would love,['news_&_social_concern']
p501101820,>White-East Asian interbreeding le bad in principle because it just is okay.,03/21/25(Fri)14:17:48No.501101820, white east asian interbreeding le bad principle okay ,['news_&_social_concern']
p501051364,MORE DOCSITS RELEVANTISRAELI NUCLEAR PROGRAM SPOTTEDhttps://www.archives.gov/files/research/jfk/releases/2025/0318/206-10001-10012.pdf (pg5),03/20/25(Thu)22:32:38No.501051364,docsits relevantisraeli nuclear program spottedhttps www archives gov files research jfk releases      pdf  pg ,"['news_&_social_concern', 'science_&_technology']"
p501100181,Why are young white men across the world turning to Fascism and National Socialism?What are the implications of this?,03/21/25(Fri)13:57:13No.501100181,young white men across world turning fascism national socialism implications ,['news_&_social_concern']
p501104178,The libs are slated to get a majority now. Is accelerationism the only answer at this point?,03/21/25(Fri)14:47:55No.501104178,libs slated get majority  accelerationism answer point ,['news_&_social_concern']
p501097122,>BALTICS 100% WHITEBALTICS 100% WHITE>BALTICS 100% WHITEBALTICS 100% WHITE>BALTICS 100% WHITE,03/21/25(Fri)13:15:09No.501097122, baltics   whitebaltics   white baltics   whitebaltics   white baltics   white,"['diaries_&_daily_life', 'news_&_social_concern']"
