thread_id,thread_text,time,cleaned,tweetnlp_topic
91417,"What's wrong with all of you poor, pathetic, sissy-boy Whites out there nowadays?!!!!!!!Once we were strong, we...*killed off most of the savage Natives in America.*beat back the British army back to Britain.*killed many fanatical Japanese Army soldiers.*killed many hardened and tough German Army soldiers.*destroyed Iraq back down to the Stone Age, and killed off their Republican Guard.WHY HAVE YOU WHITE MEN DEGENERATED AND BECOME SUCH WEAK AND PATHETIC PUSSIES NOWADAYS?!!!!!",10/27/2023 (Fri) 15:50,wrong poor  pathetic  sissy boy whites nowadays strong  killed savage natives america beat back british army back britain killed many fanatical japanese army soldiers killed many hardened tough german army soldiers destroyed iraq back stone age  killed republican guard white men degenerated become weak pathetic pussies nowadays ,['news_&_social_concern']
95327,"1) disable or heavily damage the kike propaganda of lies2) without their lies, easily corner the kikes3) after the kikes are cornered, go catch them all4) you have already won and got your nation back5) beware of kikes attacking from other subverted nations6) repeat everything to free the other kike subverted nations7) you can now live in an entire world free from kikes8) never forget the lessons learned",12/08/2024 (Sun) 23:36,  disable heavily damage kike propaganda lies  without lies  easily corner kikes  kikes cornered  go catch  already got nation back  beware kikes attacking subverted nations  repeat everything free kike subverted nations  live entire world free kikes  never forget lessons learned,['news_&_social_concern']
93932,"They like to call Jerry Seinfeld a “funnyman” but what he is most of all is one of the vermin, one of those Jews who metaphorically crawl on their slimy bellies out the sewers and onto the street, there to infect the population with the Jewish plague. They said thatSeinfeldwas a “show about nothing,” but that was never true; it was the latest in the long line of Jewish entertainment and “art” which hijacked the American sensibility, which put irony in place of sincerity, which put frivolity in place of seriousness — not that we had not been stuck in that mire for a while, but the show was the final nail in the coffin. It put the theory of Snappy Answers to Stupid Questions (AMad Magazineknock-off; another kike production) into high voltage mode — that is, it saturated the country with filthy Hebrew mores and thought. The fact that, to most, it was just “a clever comedy” shows us how brain-dead most are: It was a weapon in the form of a television series, and those who wielded it had designs on us. It brought the world to it knees by dint of its hyper-Jewishness. Now that the Jews are sailing some rough seas, Mr. Seinfeld is wiping that stupid grin off his face and saying that he can no longer be about nothing. No, he has to be about something and that something is, of course, he has to be about being a Jew. What else would he be about, being a Jew? For if anything is time-tested and time-honored it’s that, whatever else he is, a Jew is always a Jew. And whatever career or incarnation he has, the important thing is that he’s a Jew. And when the Jews are in their time of need (which will be more and more often), Jews the world over run to the defense of themselves, and let the world know they are Jews.Ad nauseam, as always, andreductio ad absurdumas well.Apparently after some filthy kikes got killed on October 7, the Jews realized that now was the time for all good Jews to come to the aid of Jews. Seinfeld, who has been living in a senescent retirement, was no exception. He traveled to Israel to much ballyhoo. Had he ridden into Jerusalem on a donkey like Jesus allegedly did, it would not have been more obnoxious. Of course, after the whirlwind tour of the Hebe Homeland he had to give the big interview to sum up and encapsulate the trip, which was a travesty; so the smirking Comedy Jew trotted out all the tired bromides about the Jews; that is, he lied through his Jewish teeth in the only cause that matters to the Jews: the Jews. He started off by saying “we’re Jewish,” which is patently obvious to anyone who sees his ugly mug with its rancid physiognomy. Facial features do not lie and he has the map of evil written all over his. He says that, as a Jew, he feels very close to the “struggle of being Jewish in the world.” A struggle? That’s funny indeed; he is a funnyman! Hitler had his struggle (against Jews), but the Jews have never struggled or, if they did, the necessity was brought on by their own deeds — which is not struggle, but nemesis. And in today’s world the Jews don’t struggle at all, they sail though the world celebrated and worshipped; they are sitting pretty on their perch. That is changing a bit, but, once again, that is their own fault. And if they get knocked off their own self-created pedestal, few of us will mourn. It’s not a struggle if your difficulties are richly deserved. It’s sweet justice a long time coming.Mr. Jewish Comedic Genius No. 8,942 then swerves into some soft-pedaling rhetoric wherein he practices the “safe fall” theory of verbal deception; where you seem reasonable by conceding a portion of the truth, only to mitigate it and soften the blow — that is, you camouflage the truth by that seeming show of taking on the negative quality, only to ultimately deflect it. That is, it is Jew language to the core — lies. He says that “people sometimes” think of the Jews as being “very on top of things” and as “being successful for the most part,” and “that’s somewhat true.”",06/15/2024 (Sat) 11:36,like call jerry seinfeld “funnyman” one vermin  one jews metaphorically crawl slimy bellies sewers onto street  infect population jewish plague  said thatseinfeldwas “show nothing ” never true  latest long line jewish entertainment “art” hijacked american sensibility  put irony place sincerity  put frivolity place seriousness — stuck mire  show final nail coffin  put theory snappy answers stupid questions  amad magazineknock  another kike production  high voltage mode —  saturated country filthy hebrew mores thought  fact   “a clever comedy” shows us brain dead  weapon form television series  wielded designs us  brought world knees dint hyper jewishness  jews sailing rough seas  mr  seinfeld wiping stupid grin face saying longer nothing   something something  course  jew  else would  jew  anything time tested time honored it’s  whatever else  jew always jew  whatever career incarnation  important thing he’s jew  jews time need  often  jews world run defense  let world know jews ad nauseam  always  andreductio ad absurdumas well apparently filthy kikes got killed october   jews realized time good jews come aid jews  seinfeld  living senescent retirement  exception  traveled israel much ballyhoo  ridden jerusalem donkey like jesus allegedly  would obnoxious  course  whirlwind tour hebe homeland give big interview sum encapsulate trip  travesty  smirking comedy jew trotted tired bromides jews   lied jewish teeth cause matters jews  jews  started saying “we’re jewish ” patently obvious anyone sees ugly mug rancid physiognomy  facial features lie map evil written  says  jew  feels close “struggle jewish world ” struggle  that’s funny indeed  funnyman  hitler struggle  jews  jews never struggled   necessity brought deeds — struggle  nemesis  today’s world jews don’t struggle  sail though world celebrated worshipped  sitting pretty perch  changing bit    fault  get knocked self created pedestal  us mourn  it’s struggle difficulties richly deserved  it’s sweet justice long time coming mr  jewish comedic genius    swerves soft pedaling rhetoric wherein practices “safe fall” theory verbal deception  seem reasonable conceding portion truth  mitigate soften blow —  camouflage truth seeming show taking negative quality  ultimately deflect   jew language core — lies  says “people sometimes” think jews “very top things” “being successful part ” “that’s somewhat true ”,"['celebrity_&_pop_culture', 'film_tv_&_video', 'news_&_social_concern']"
90261,"The Natashas 2003.https://www.scribd.com/document/630542694/The-NatashasThe Natashas book: One if not the best and most informative books I have ever read. On page 145-146 it talks about a Russian woman who after being arrested for prostitution by an Israeli cop was sold to another pimp for a fistful of dollars. If you are an American your taxes pay his salary.Semion Mogilevich Organization-Eurasian Organized Crime 1996.https://www.scribd.com/document/637101646/Semion-Mogilevich-Organization-Eurasian-Organized-Crime-1996Semion Mogilevich. His Bratva are guilty of almost everything and many of his lieutenants have Israel passports and very likely have ties to the Israeli government as mentioned on page 44.Contraband Women (NYT admits the problem but blames the victims) 1998.https://www.scribd.com/document/617747754/NYT-Admits-Israeli-Gangsters-Traffic-Slavic-Girls#Even the NYT once talked openly about these crimes. Notice they call these women naive, they actually blame them for the crimes of Israeli gangsters.Women as Commodities-Trafficking in Women in Israel 2003.https://www.scribd.com/document/567930672/Women-as-Commoditiaes-Trfficking-in-Women-in-Israel-2003From a Israeli women’s group this document talks about Israeli courts siding with Jewish pimps rather than their Slavic victims. Slavic girls are thrown into prisons and treated like criminals while those who raped, tortured, and enslaved them go free Some of these trafficked girls were as young as 11 with girls as young as 16 languishing in Israeli prisons.  On page 18 it is mentioned that these brothels would often give discounts to soldier and in act of bizarre depravity a 13 year old was “given” a Ukrainian woman for his Bar Mitzvah.DOJ Trafficking in Women From Ukraine 2002.https://www.scribd.com/document/567930687/DOJ-Trafficking-in-Women-From-UkraineDept of Justice Report on trafficking of women in the Ukraine. Openly talks about the proceeds of these criminals being stored in Israel as mentioned on page 21.Red Mafiya 2000.https://www.scribd.com/document/637176138/Red-Mafiya-How-the-Russian-Mob-by-Robert-I-Friedman-2000Another out of print book. Discusses the Jewish nature of the Russian Mob and mentions on page 49 how Jewish interest shut down the investigation into Russian organized crime in NYC, so as not to generate antisemitism. The author may have been murdered.My analysis of these documents is incomplete. I can’t read anymore, I cried for the last  half hour and want to puke, to scream, to rip my hair out. All I can do is give these documents to you hoping that people will wake up to what they pay taxes and fight wars for. The cruelty, the malice, it is so horrific, they just want to torture people, even to torture children, forever. This is a prime evil.Mirror download link:https://anonfiles.com/A7kfG8k8z3/Red_Mafiya_zip",04/14/2023 (Fri) 02:05,natashas  https www scribd com document  natashasthe natashas book  one best informative books ever read  page   talks russian woman arrested prostitution israeli cop sold another pimp fistful dollars  american taxes pay salary semion mogilevich organization eurasian organized crime  https www scribd com document  semion mogilevich organization eurasian organized crime semion mogilevich  bratva guilty almost everything many lieutenants israel passports likely ties israeli government mentioned page  contraband women  nyt admits problem blames victims   https www scribd com document  nyt admits israeli gangsters traffic slavic girls#even nyt talked openly crimes  notice call women naive  actually blame crimes israeli gangsters women commodities trafficking women israel  https www scribd com document  women commoditiaes trfficking women israel israeli women’s group document talks israeli courts siding jewish pimps rather slavic victims  slavic girls thrown prisons treated like criminals raped  tortured  enslaved go free trafficked girls young  girls young  languishing israeli prisons   page  mentioned brothels would often give discounts soldier act bizarre depravity  year old “given” ukrainian woman bar mitzvah doj trafficking women ukraine  https www scribd com document  doj trafficking women ukrainedept justice report trafficking women ukraine  openly talks proceeds criminals stored israel mentioned page  red mafiya  https www scribd com document  red mafiya russian mob robert friedman another print book  discusses jewish nature russian mob mentions page  jewish interest shut investigation russian organized crime nyc  generate antisemitism  author may murdered analysis documents incomplete  can’t read anymore  cried last  half hour want puke  scream  rip hair  give documents hoping people wake pay taxes fight wars  cruelty  malice  horrific  want torture people  even torture children  forever  prime evil mirror download link https anonfiles com akfgkz red mafiya zip,['news_&_social_concern']
94806,Hello from soyjak.party.gemmy board,09/28/2024 (Sat) 02:57,hello soyjak party gemmy board,['diaries_&_daily_life']
92142,"General, could I ask you to speak about what interested you to enlist in the army?Otto: Yes, I came from a patriotic family, whom were always greatful for the fatherland and all that our nation provided. Germany in the 20s was in turmoil, as I am sure you know the Communists and their allies were trying very hard to gain power over the German people. The National Socialists were fighting to keep Germany German. I could see early on that Hitler would carry the day, as most Germans viewed the Communist’s as a foreign, ungodly idea, and Moscow as the leader seeking to take away our national identity. By 1930, it appeared to me that the military would be a good career, as I gambled that if Hitler ended up elected he would make good on his promise to repel Versailles. That meant the army no longer would be forced to limit its size to one hundred thousand. I went to take my entrance exam and due to my schooling, I was accepted as an officer candidate. After completing training in 1932, I was an officer in the German army and never looked back.You were in the war from the very beginning, what was it like?Otto: Yes, my regiment was sent east during the Polish crisis, we knew something was brewing, as news about Polish attacks on border farms was weekly it seemed. We knew the Führer could not ignore what was happening, so the only logical response was militarily. Deep down we hated this, as Germany was a nation of peace under National Socialism, our leader only wanted a return of the lands taken by the Allies, which was all. They bear responsibility for starting the second war, they (England) pushed Poland to refuse any offers that we made, and in the meantime, Polish nationalists and criminals were attacking German farmers and stealing what they could take with them, sometimes killing them. So on 1 September we attacked Poland and I remember being welcomed by the cheering civilians in every town we entered, they felt as if they were being liberated from an oppressive master. On 3 September, we received the news that the Allies declared war on us, this was not a good thing, but at the same time, we felt it was our duty to just as in the first war. Therefore, into the great unknown we went. As we moved further into Poland, combat became more frequent, the Polish army was well trained and supplied. It took the Luftwaffe’s help to break open many stubborn fronts; the Polish soldier was defending his home so he fought very hard. We suffered heavy causalities due to this, but once the Poles broke, they ran away and became prisoners.Authors have asked me about war crimes and I can confirm that I sadly saw evidence of Polish soldiers and militia kill German civilians whose only crime was being left behind when the Allies took land away from the Reich. We entered into a small farming hamlet, the name I can no longer remember, in which Germans were found shot. There was such a feeling of disgust and anger that they would do this to innocent people. These stories are long forgotten today, our enemies want you to believe it was we, the Wehrmacht, who killed innocent Poles as we hated Slavs and looked upon them as vermin. The many millions who helped us or the thousands who volunteered in the Wehrmacht, and died for Europe would disagree. The east front was the hardest, it was a cruel place and the Soviet soldier was taught to be hard and cruel to the fascist invader. Many villages we came across had inhabitants that had been terrorized by their own soldiers. It was very strange. Soldiers are there to protect what is behind them, but in Russia, if the population did not retreat they became an enemy to the state. I have learned that those who were left behind and did not retreat with us were arrested and many killed; Russia then blames their deaths on us as part of some made up lebensraum plan. Saying we killed these people to make room for German settlers. Their claim of 30 million dead is absurd. [continued]",01/06/2024 (Sat) 13:04,general  could ask speak interested enlist army otto  yes  came patriotic family  always greatful fatherland nation provided  germany turmoil  sure know communists allies trying hard gain power german people  national socialists fighting keep germany german  could see early hitler would carry day  germans viewed communist’s foreign  ungodly idea  moscow leader seeking take away national identity    appeared military would good career  gambled hitler ended elected would make good promise repel versailles  meant army longer would forced limit size one hundred thousand  went take entrance exam due schooling  accepted officer candidate  completing training   officer german army never looked back war beginning  like otto  yes  regiment sent east polish crisis  knew something brewing  news polish attacks border farms weekly seemed  knew führer could ignore happening  logical response militarily  deep hated  germany nation peace national socialism  leader wanted return lands taken allies   bear responsibility starting second war   england  pushed poland refuse offers made  meantime  polish nationalists criminals attacking german farmers stealing could take  sometimes killing   september attacked poland remember welcomed cheering civilians every town entered  felt liberated oppressive master   september  received news allies declared war us  good thing  time  felt duty first war  therefore  great unknown went  moved poland  combat became frequent  polish army well trained supplied  took luftwaffe’s help break open many stubborn fronts  polish soldier defending home fought hard  suffered heavy causalities due  poles broke  ran away became prisoners authors asked war crimes confirm sadly saw evidence polish soldiers militia kill german civilians whose crime left behind allies took land away reich  entered small farming hamlet  name longer remember  germans found shot  feeling disgust anger would innocent people  stories long forgotten today  enemies want believe  wehrmacht  killed innocent poles hated slavs looked upon vermin  many millions helped us thousands volunteered wehrmacht  died europe would disagree  east front hardest  cruel place soviet soldier taught hard cruel fascist invader  many villages came across inhabitants terrorized soldiers  strange  soldiers protect behind  russia  population retreat became enemy state  learned left behind retreat us arrested many killed  russia blames deaths us part made lebensraum plan  saying killed people make room german settlers  claim  million dead absurd   continued ,['news_&_social_concern']
82014,"Germania – History of the Third ReichGermania, is the most complete and comprehensive written documentary of National Socialism in Germany. 466 pages of red pills, with many images. It starts with the first world war and chronicles the foundation of NatSoc and the Weimar Republic. The numerous figures, organizations and events in National Socialism are all documented in this book. It contains the biography of Adolf Hitler, Horst Wessel, Dr. Joseph Goebbels, Eva Hitler, Reinhard Heydrich, Erich Hartmann, Otto Skorzeny, Heinrich Himmler, Hermann Göring among many other topics. The cultural and technological advancements of the Reich are also explored such as the Tiger Tanks, Jet fighters, helicopters and ballistic missiles of World War II. The myths of World War II have been exposed bare.Link to PDF Book.https://archive.org/details/germania_bookhttps://ia601401.us.archive.org/30/items/germania_book/Germania.pdf(BO Edit:Removing backup file links as requested)The Second World War was the greatest and deadliest military conflict in human history from 1939 to 1945, the struggle in Europe was essentially a war of annihilation directed against Germany and it’s allies by the leading great powers of the 20th century which is regularly trivialized, concealed or denied by published opinion and the ""politically correct"" historiography. It was the amalgamation of two theaters, with the second Sino-Japanese War beginning in 1937 and the European War in 1939. War against Germany was planned as early as 1933 after Adolf Hitler became chancellor of Germany and destabilized the power of international bankers. The wars and conflicts from 1914 to 1945 are also known as the Second Thirty Years' War which clarifies the chronological and substantive connections between the First World War, the interwar period and the Second World War, the term is derived from the Thirty Years' War, in which Germany was largely devastated. From 1944, the offensive against Germany escalated to systematic mass extermination of Germans as a result of the Allied bombing and expulsion. Winston Churchill wrote to Stalin on February 27, 1944: ""I look at the Second World War as the Thirty Years' War against German attack starting since 1914."" The War in Europe was the greatest struggle of the German people for their freedom and self-determination, which the German Reich ultimately lost against an overpowering enemy of different interests and ideologies - after an unprecedented and heroic defense. Nevertheless, the German Wehrmacht, with the participation of numerous European and non-European countries, had been able to prevent the complete Bolshevization of Europe with a multinational sacrifice. The world had also witnessed the deployment of two of the first nuclear bombs on Japan initiating the Nuclear Age. In addition, the Second World War made numerous states and peoples completely dependent on the victorious powers of this war. As a result, the war winners formed occupation structures and alliances of states controlled by them; NATO and the Warsaw Pact. Another result of the war was the establishment of the Jewish occupation of Palestine and the creation of Israel. On February 5, 2015, George Friedman, director of the transatlantic politicizing organization called STRATFOR, said that for a century it had been the main goal of US American global politics to prevent a German-Russian alliance; and the events in connection with the Second Thirty Years' War, the Russian Revolutions, the Cold War and the continuing American military deployment in Europe directed against Russia are impressive evidence of the relevance of this global political goal.",09/01/2020 (Tue) 17:04,germania – history third reichgermania  complete comprehensive written documentary national socialism germany   pages red pills  many images  starts first world war chronicles foundation natsoc weimar republic  numerous figures  organizations events national socialism documented book  contains biography adolf hitler  horst wessel  dr  joseph goebbels  eva hitler  reinhard heydrich  erich hartmann  otto skorzeny  heinrich himmler  hermann göring among many topics  cultural technological advancements reich also explored tiger tanks  jet fighters  helicopters ballistic missiles world war ii  myths world war ii exposed bare link pdf book https archive org details germania bookhttps ia us archive org  items germania book germania pdf bo edit removing backup file links requested second world war greatest deadliest military conflict human history    struggle europe essentially war annihilation directed germany it’s allies leading great powers th century regularly trivialized  concealed denied published opinion  politically correct  historiography  amalgamation two theaters  second sino japanese war beginning  european war   war germany planned early  adolf hitler became chancellor germany destabilized power international bankers  wars conflicts   also known second thirty years  war clarifies chronological substantive connections first world war  interwar period second world war  term derived thirty years  war  germany largely devastated    offensive germany escalated systematic mass extermination germans result allied bombing expulsion  winston churchill wrote stalin february      look second world war thirty years  war german attack starting since   war europe greatest struggle german people freedom self determination  german reich ultimately lost overpowering enemy different interests ideologies   unprecedented heroic defense  nevertheless  german wehrmacht  participation numerous european non european countries  able prevent complete bolshevization europe multinational sacrifice  world also witnessed deployment two first nuclear bombs japan initiating nuclear age  addition  second world war made numerous states peoples completely dependent victorious powers war  result  war winners formed occupation structures alliances states controlled  nato warsaw pact  another result war establishment jewish occupation palestine creation israel  february     george friedman  director transatlantic politicizing organization called stratfor  said century main goal us american global politics prevent german russian alliance  events connection second thirty years  war  russian revolutions  cold war continuing american military deployment europe directed russia impressive evidence relevance global political goal ,['news_&_social_concern']
88984,"thread of shit that normalnigs can consume with easewhatever you have, at all, that is easily able to be accepted & downright unrefutable to them, post itespecially subjects based off of religion & near to now events that have names, dates, victims, an perpetratorsin the future, i'm gonna print shit out to my family members; i want i all can get to allow them to see the truth that hides in plain sight",10/11/2022 (Tue) 19:45,thread shit normalnigs consume easewhatever   easily able accepted   downright unrefutable  post itespecially subjects based religion   near events names  dates  victims  perpetratorsin future  gonna print shit family members  want get allow see truth hides plain sight,['news_&_social_concern']
86576,"Calls for participation in the Russia/Ukraine conflict anywhere on this board will be removedThis will be the containment thread for all matters about the Russian invasion of the Ukraine. Copying entire articles is pointless. This OP will be links.10 Ways Russia Is Acting Like Israelhttp://www.renegadetribune.com/10-ways-russia-is-acting-like-israel/https://archive.is/1Dz5RThe Chabad Mafia is Recapturing Khazariahttp://www.renegadetribune.com/the-chabad-mafia-is-recapturing-khazaria/https://archive.is/CHyC6Democrat And Republican Congress Members Party in Israel As (((Putin))) Moves to Take Ukrainehttp://www.renegadetribune.com/democrat-and-republican-congress-members-party-in-israel-as-putin-moves-to-take-ukraine/https://archive.is/TLglo150,000 Refugees Flee Across Europe As Ukrainian Fighting Intensifieshttps://www.zerohedge.com/geopolitical/150000-refugees-flee-across-europe-ukrainian-fighting-intensifieshttps://archive.is/lzpmbRussia's Military Announces Bigger ""Advance In All Sectors"" As (((Zelensky))) Vows Ukrainians Will Fighthttps://www.zerohedge.com/geopolitical/ukraine-says-it-derailed-russian-attack-plan-kiev-offensive-resumeshttps://archive.is/YLkUyChina ""Plotting Behind The Scenes"" Ahead Of Ukraine Invasionhttps://www.zerohedge.com/geopolitical/russia-china-plotting-behind-scenes-ahead-ukraine-invasion-congressmanhttps://archive.is/iSDb5EU and US Agree To Expel ""Selected Russian Banks"" From SWIFT, Sanction Russian Central Bankhttps://www.zerohedge.com/geopolitical/devastating-move-us-weighs-sanctions-russias-central-bank-germany-backs-targetedhttps://archive.is/GdcUZRussian Government Websites Currently Under Attackhttps://infostormer.com/russian-government-websites-currently-under-attack/https://archive.is/8hLOqUkraine Claims (lies) They’ve Killed 3,500 Russian Soldiershttps://infostormer.com/ukraine-claims-theyve-killed-3500-russian-soldiers/https://archive.is/wzH8JKiev Expected to Fall to Russian Forces Within a Few Dayshttps://infostormer.com/kiev-expected-to-fall-to-russian-forces-within-a-few-days/https://archive.is/ubE2ZBiden Offers Weak Response to Russian Takeover of Ukrainehttps://infostormer.com/biden-offers-weak-response-to-russian-takeover-of-ukraine/https://archive.is/NgijP‘In all directions’: Russia vows new attackshttps://www.aljazeera.com/news/2022/2/26/fighting-for-kyiv-ongoing-as-russia-vows-all-out-war-live-newshttps://archive.is/aW73hList of sanctions against Russia after Ukraine’s invasionhttps://www.aljazeera.com/news/2022/2/25/list-of-sanctions-on-russia-after-invasionhttps://archive.is/0eL1URussian forces meeting ‘strong and wide’ Ukraine resistancehttps://www.aljazeera.com/news/2022/2/26/russian-forces-meeting-strong-and-wide-ukraine-resistancehttps://archive.is/Ljr54Senior Russian security official issues stark threats to the Westhttps://www.aljazeera.com/news/2022/2/26/senior-russian-security-official-issues-stark-threats-to-the-westhttps://archive.is/SB5aVNATO to deploy thousands of commandos to nations near Ukrainehttps://www.aljazeera.com/news/2022/2/25/nato-allies-to-provide-more-weapons-to-ukraine-stoltenberg-sayshttps://archive.is/jZP2I",02/27/2022 (Sun) 00:20,calls participation russia ukraine conflict anywhere board removedthis containment thread matters russian invasion ukraine  copying entire articles pointless  op links  ways russia acting like israelhttp www renegadetribune com  ways russia acting like israel https archive dzrthe chabad mafia recapturing khazariahttp www renegadetribune com chabad mafia recapturing khazaria https archive chycdemocrat republican congress members party israel  putin  moves take ukrainehttp www renegadetribune com democrat republican congress members party israel putin moves take ukraine https archive tlglo  refugees flee across europe ukrainian fighting intensifieshttps www zerohedge com geopolitical  refugees flee across europe ukrainian fighting intensifieshttps archive lzpmbrussia military announces bigger  advance sectors   zelensky  vows ukrainians fighthttps www zerohedge com geopolitical ukraine says derailed russian attack plan kiev offensive resumeshttps archive ylkuychina  plotting behind scenes  ahead ukraine invasionhttps www zerohedge com geopolitical russia china plotting behind scenes ahead ukraine invasion congressmanhttps archive isdbeu us agree expel  selected russian banks  swift  sanction russian central bankhttps www zerohedge com geopolitical devastating move us weighs sanctions russias central bank germany backs targetedhttps archive gdcuzrussian government websites currently attackhttps infostormer com russian government websites currently attack https archive hloqukraine claims  lies  they’ve killed   russian soldiershttps infostormer com ukraine claims theyve killed  russian soldiers https archive wzhjkiev expected fall russian forces within dayshttps infostormer com kiev expected fall russian forces within days https archive ubezbiden offers weak response russian takeover ukrainehttps infostormer com biden offers weak response russian takeover ukraine https archive ngijp‘in directions’  russia vows new attackshttps www aljazeera com news    fighting kyiv ongoing russia vows war live newshttps archive awhlist sanctions russia ukraine’s invasionhttps www aljazeera com news    list sanctions russia invasionhttps archive elurussian forces meeting ‘strong wide’ ukraine resistancehttps www aljazeera com news    russian forces meeting strong wide ukraine resistancehttps archive ljrsenior russian security official issues stark threats westhttps www aljazeera com news    senior russian security official issues stark threats westhttps archive sbavnato deploy thousands commandos nations near ukrainehttps www aljazeera com news    nato allies provide weapons ukraine stoltenberg sayshttps archive jzpi,['news_&_social_concern']
90586,"As American Cities Further Collapse, Mobs Of Urban Refugees Will Come For The RestThe age of the American city is rapidly coming to an end. With commercial real estate increasingly abandoned, and with retailers closing up shop and fleeing Democrat-run cities, the utility of the city itself is rapidly vanishing.Importantly, in today’s broadcast I predict we will see American refugees fleeing the cities as critical infrastructure collapses. Those refugees will flee into the suburbs and rural areas, seeking food and shelter. Naturally, being that they grew up in crime-infested, Democrat-run cities, these mobs of refugees will engage in mass theft and violence to get what they want.They will raid towns, pillaging and destroying as they go, and any small town or city that doesn’t defend itself will find its citizens murdered and its properties savaged.This is the desperation that’s coming for America, and the early signs of this process are already apparent.In today’s Brighteon Broadcast News, I cover the following nine trends that indicate the collapse of America’s cities:1- Collapse of commercial real estate.2- Retailers fleeing the cities, including grocery stores and eventually banks.3- Plunging property taxes and sales taxes (doom loop).4- Collapsing city infrastructure: Water, power, emergency services, roads.5- No funding for police, collapse of the rule of law.6- Skyrocketing violence, murder, mayhem.7- Mass migration (refugees) into the suburbs and rural areas (rural real estate will spike) (slow at first, then a sudden panic).8- Climate lockdowns, easy for kikes to enforce the enslaved masses in the cities.9- Easy roundups for the quarantine camps to achieve global extermination and depopulation, starting with the city populations that failed to flee.http://brighteon.com/ffc9ded1-4b3c-4667-b5fe-a7d570bde5f1https://rumble.com/v2qxu7g-bbn-may-30-2023-death-of-the-american-city-nine-trends-you-need-to-know.htmlhttp://banned.video/watch?id=6475f848f6134e1e8daea24f",06/05/2023 (Mon) 22:07,american cities collapse  mobs urban refugees come restthe age american city rapidly coming end  commercial real estate increasingly abandoned  retailers closing shop fleeing democrat run cities  utility city rapidly vanishing importantly  today’s broadcast predict see american refugees fleeing cities critical infrastructure collapses  refugees flee suburbs rural areas  seeking food shelter  naturally  grew crime infested  democrat run cities  mobs refugees engage mass theft violence get want raid towns  pillaging destroying go  small town city doesn’t defend find citizens murdered properties savaged desperation that’s coming america  early signs process already apparent today’s brighteon broadcast news  cover following nine trends indicate collapse america’s cities   collapse commercial real estate   retailers fleeing cities  including grocery stores eventually banks   plunging property taxes sales taxes  doom loop   collapsing city infrastructure  water  power  emergency services  roads   funding police  collapse rule law   skyrocketing violence  murder  mayhem   mass migration  refugees  suburbs rural areas  rural real estate spike   slow first  sudden panic   climate lockdowns  easy kikes enforce enslaved masses cities   easy roundups quarantine camps achieve global extermination depopulation  starting city populations failed flee http brighteon com ffcded bc  bfe adbdefhttps rumble com vqxug bbn may   death american city nine trends need know htmlhttp banned video watch id ffeedaeaf,"['business_&_entrepreneurs', 'news_&_social_concern']"
90730,"FOOTAGE: Deadly Third World Migrant Riots In France Are Now Spreading To Switzerland & GermanyThe ferocious migrant riots taking place for more than five days inside France, have begun to spread.  In Zurich, Switzerland, a passenger train locomotive was set on fire (Video below) and in GieBen, Germany, Rioters hit the Eritrea Festival (video below).We begin in Zurich, Switzerland as a train was set ablaze:https://htrs-special.s3.us-west-2.amazonaws.com/Zurich-train-burned-by-migrants.mp4We now go to Germany where ""African Migrants"" stormed the Eritrea Festival, beating up random Germans as they encountered them:https://htrs-special.s3.us-west-2.amazonaws.com/German-migrant-attack-festival.mp4Those of us on the right hate to say ""I told you so"" but here we are -- again -- with another ""conspiracy theory"" that proves correct.For years, we on the right warned that the left wing and corporate kikes were intentionally bringing in third-worlders to our advanced societies to use as sort of ""shock troops"" against us.That is exactly - precisely - what is taking place.You see, the radical left doesn't want an educated, comfortable, engaged society because such societies actually pay attention to what our lowly, sniveling, public servants in government, actually do.What the radical left wants are useful idiots who they can use to rabble rouse.  This disrupts the peace, dignity, and cohesiveness of society.When society is in a condition of continual disruption and violence, it cannot then pay attention to what government is doing because the society has to do its best to keep themselves alive through all the chaos.We warned over, and over again, that the migrants entering Europe from sub-saharan Africa and other inferior nations, would be a ticking social time bomb.  We warned they cannot assimilate, and worse, they WILL NOT assimilate.  These folks come from their backwards lands, with little to no education, and cling to their backwards ways.Instead of learning about and embracing their new country, they re-establish the backwards ways and social systems they knew back home. They turn sections of their new country, into replicas of their old; complete with ignorance, ethnic strife, criminal gangs, laziness, and filth.As they sit around doing nothing, on the public dole, they SEE, with their own eyes, all the nicer things that OTHER people have.  They SEE the $1,000 Apple iPhones, the expensive sneakers, fine leather shoes, comfortable work boots, nice clothing.  They SEE the upkeep of the homes in the area, the big screen TV's the fine stereos. They SEE the new cars, trucks, especially the finer ones, and they KNOW they don't have any of those things, and start to realize they NEVER WILL.So they sit around and realize they are unemployable, and without work - which they cannot or will not do -- they have no chance at all of getting any of those finer things.  Their jealousy and envy drives them to more and more anger. They start to hate.Sooner or later, the seething hits boiling because their backwards customs, lack of self-discipline or work ethic, lousy personal hygiene and the like, keeps them OUT of civilized society.  They realize they cannot get ahead.So they sit and seethe until they explode in violence, and wreck the nation that allowed them in.https://halturnerradioshow.com/index.php/en/news-page/world/migrant-riots-in-france-spreading-switzerland-germany-now",07/09/2023 (Sun) 15:45,footage  deadly third world migrant riots france spreading switzerland   germanythe ferocious migrant riots taking place five days inside france  begun spread   zurich  switzerland  passenger train locomotive set fire  video  gieben  germany  rioters hit eritrea festival  video begin zurich  switzerland train set ablaze https htrs special us west  amazonaws com zurich train burned migrants mpwe go germany  african migrants  stormed eritrea festival  beating random germans encountered https htrs special us west  amazonaws com german migrant attack festival mpthose us right hate say  told      another  conspiracy theory  proves correct years  right warned left wing corporate kikes intentionally bringing third worlders advanced societies use sort  shock troops  us exactly   precisely   taking place see  radical left want educated  comfortable  engaged society societies actually pay attention lowly  sniveling  public servants government  actually radical left wants useful idiots use rabble rouse   disrupts peace  dignity  cohesiveness society society condition continual disruption violence  cannot pay attention government society best keep alive chaos warned   migrants entering europe sub saharan africa inferior nations  would ticking social time bomb   warned cannot assimilate  worse  assimilate   folks come backwards lands  little education  cling backwards ways instead learning embracing new country  establish backwards ways social systems knew back home  turn sections new country  replicas old  complete ignorance  ethnic strife  criminal gangs  laziness  filth sit around nothing  public dole  see  eyes  nicer things people   see    apple iphones  expensive sneakers  fine leather shoes  comfortable work boots  nice clothing   see upkeep homes area  big screen tv fine stereos  see new cars  trucks  especially finer ones  know things  start realize never sit around realize unemployable  without work   cannot   chance getting finer things   jealousy envy drives anger  start hate sooner later  seething hits boiling backwards customs  lack self discipline work ethic  lousy personal hygiene like  keeps civilized society   realize cannot get ahead sit seethe explode violence  wreck nation allowed https halturnerradioshow com index php en news page world migrant riots france spreading switzerland germany,['news_&_social_concern']
102561,"This is the problem with Germans. I'm not attacking them. It's just fucking sad.>Verfassung! Grundgesetz"">""We have rights! We have constitution! Germany has right to enforce law of land!"">You can not hurt, kill or insult someone this is bad?Every German I ever talk to defends this stupid bullshit. Goddamn, it's impossible to convince a brainwashed, indoctrinated German that their lives are sad. Almost every brave German died in World War 2 and the only ones left are in prison. The remainder are cowards pandering pathetically to a jewish occupied government.https://youtube.com/watch?v=-bMzFDpfDwc [Embed]",03/03/2025 (Mon) 00:41,problem germans  attacking  fucking sad verfassung  grundgesetz rights  constitution  germany right enforce law land hurt  kill insult someone bad every german ever talk defends stupid bullshit  goddamn  impossible convince brainwashed  indoctrinated german lives sad  almost every brave german died world war  ones left prison  remainder cowards pandering pathetically jewish occupied government https youtube com watch v bmzfdpfdwc  embed ,['news_&_social_concern']
94245,"it's hard being a robot these days, even if you have a woman willing to take your sperm, you have to debate withhttps://www.bing.com/chatguess it can be worse (trannies, issue blowing up with the MrBeast troon and Elon Musk's son, not to mention Olympics ceremony)",07/28/2024 (Sun) 06:54,hard robot days  even woman willing take sperm  debate withhttps www bing com chatguess worse  trannies  issue blowing mrbeast troon elon musk son  mention olympics ceremony ,"['news_&_social_concern', 'sports']"
76282,">White supremacist violent extremists often scapegoat the Jewish people, voicing anti-Semitic conspiracy theories.>White supremacist violent extremists have adopted an increasingly transnational outlook in recent years, largely driven by the technological forces described earlier in this Strategic Framework. Similar to how ISIS inspired and connected with potential radical Islamist terrorists, white supremacist violent extremists connect with like-minded individuals online. In addition to mainstream social media platforms, white supremacist violent extremists use lesser-known sites like Gab, 8chan, and Endchan, as well as encrypted channels. Celebration of violence and conspiracy theories about the “ethnic replacement” of whites as the majority ethnicity in various Western countries are prominent in their online circles.>White supremacist violent extremism, one type of racially- and ethnically-motivated violent extremism, is one of the most potent forces driving domestic terrorism. Lone attackers, as opposed to cells or organizations, generally perpetrate these kinds of attacks. But they are also part of a broader movement. White supremacist violent extremists’ outlook can generally be characterized by hatred for immigrants and ethnic minorities, often combining these prejudices with virulent anti-Semitism or anti-Muslim views.Department of Homeland Security Strategic Framework for Countering Terrorism and Targeted Violencehttps://files.catbox.moe/11gbpa.pdf",10/22/2019 (Tue) 18:28, white supremacist violent extremists often scapegoat jewish people  voicing anti semitic conspiracy theories white supremacist violent extremists adopted increasingly transnational outlook recent years  largely driven technological forces described earlier strategic framework  similar isis inspired connected potential radical islamist terrorists  white supremacist violent extremists connect like minded individuals online  addition mainstream social media platforms  white supremacist violent extremists use lesser known sites like gab  chan  endchan  well encrypted channels  celebration violence conspiracy theories “ethnic replacement” whites majority ethnicity various western countries prominent online circles white supremacist violent extremism  one type racially  ethnically motivated violent extremism  one potent forces driving domestic terrorism  lone attackers  opposed cells organizations  generally perpetrate kinds attacks  also part broader movement  white supremacist violent extremists’ outlook generally characterized hatred immigrants ethnic minorities  often combining prejudices virulent anti semitism anti muslim views department homeland security strategic framework countering terrorism targeted violencehttps files catbox moe gbpa pdf,['news_&_social_concern']
91167,"The Punishment Of My Enemy And His New World Order Forever!“The Federal Government is evil, My son. Its aim is to destroy the people in various ways. It is setting up the New World Order. Controlled by Satan, it will work all evil in the Earth. It especially wants to set up the Antichrist to destroy God’s people. It wants them gone. Controlled by Satanists, it works all evil in the Earth. The New World Order is Satan’s reign on Earth. I will put a stop to that. I Am the Great Potentate, Ruler of All the Earth. My enemy Satan belongs in the Lake of Fire. I will put him there forever. He will not challenge Me anymore through the kingdoms of men. They will all suffer Satan’s fate in the Lake of Fire, My son. All who challenge Me shall suffer eternal loss in the Lake of Fire. Your government has got to go. It will destroy itself, My son. It won’t have the money to function anymore. I will destroy it. Nevermore will it function in the kingdoms of men. I will eliminate it from the Earth! I Am God! No one will challenge Me! They will all end with their fate in the Lake of Fire forever. Nobody will challenge Me and get away with it. I Am God, the Great High Ruler, the Ruler of All. Satan’s days are numbered. He hasn’t long on the Earth. I will round him up through My angels and have him cast into the Bottomless Pit. Forever he shall roast in the Lake of Fire. All who challenge Me with their New World Order shall be cast into Hell, and then into their abode in the Lake of Fire forever. All who follow Satan to set up his New World Order in the Earth shall be gathered up and cast into the burning Pit forever. In the Lake of Fire, they shall abide forever, roasting in ceaseless fire forever. That is the fate of all who follow Satan My enemy, and try to set up their New World Order. I will punish all who go astray after Satan, My enemy. All shall be punished forever in the burning Lake of Fire. Into the Pit they shall go until their Day of Judgment before Me. Then they shall be cast into the eternal burning Lake of Fire. That is the fate of all who follow Lucifer, My enemy, the fallen angel. I will punish him forever. Count on it! I Am the Supreme God, the Eternal Potentate, Ruler of All. Follow Me, not Satan, foolish humans. Your God has spoken. Amen.”",09/29/2023 (Fri) 23:23,punishment enemy new world order forever “the federal government evil  son  aim destroy people various ways  setting new world order  controlled satan  work evil earth  especially wants set antichrist destroy god’s people  wants gone  controlled satanists  works evil earth  new world order satan’s reign earth  put stop  great potentate  ruler earth  enemy satan belongs lake fire  put forever  challenge anymore kingdoms men  suffer satan’s fate lake fire  son  challenge shall suffer eternal loss lake fire  government got go  destroy  son  won’t money function anymore  destroy  nevermore function kingdoms men  eliminate earth  god  one challenge  end fate lake fire forever  nobody challenge get away  god  great high ruler  ruler  satan’s days numbered  hasn’t long earth  round angels cast bottomless pit  forever shall roast lake fire  challenge new world order shall cast hell  abode lake fire forever  follow satan set new world order earth shall gathered cast burning pit forever  lake fire  shall abide forever  roasting ceaseless fire forever  fate follow satan enemy  try set new world order  punish go astray satan  enemy  shall punished forever burning lake fire  pit shall go day judgment  shall cast eternal burning lake fire  fate follow lucifer  enemy  fallen angel  punish forever  count  supreme god  eternal potentate  ruler  follow  satan  foolish humans  god spoken  amen ”,['news_&_social_concern']
95171,I found a discord server owned by a kike I feel that it would be hilarious to troll the heck out of ithttps://JasonCitron is a filthy kike/zwbq7QyfZnPic unrelated,11/27/2024 (Wed) 22:54,found discord server owned kike feel would hilarious troll heck ithttps jasoncitron filthy kike zwbqqyfznpic unrelated,['diaries_&_daily_life']
94740,The Art Of David Dees Complete Collection Downloads.zip 227.3 MBhttps://mega.nz/file/Lc0iBLrZ#Z83CzBHrO9n_B8mbEQgKlMU9hyp1m6YeA2qBjGm5Ruk,09/20/2024 (Fri) 18:15,art david dees complete collection downloads zip   mbhttps mega nz file lciblrz#zczbhron bmbeqgklmuhypmyeaqbjgmruk,[]
76630,"Zelda is Freemason, and Zionist propaganda. Zelda is a Yiddish name. Honey and darling are male, and female dualities spinning around a center pole. Honey has dark curly jew hair. It's programming you to serve the Rothschild's using Mason lore.https://www.babynamespedia.com/meaning/ZeldaZelda's language of origin is Germanic, Turkish, and Yiddish. It is predominantly used in English, Hebrew, and Yiddish. Yiddish origin, Yiddish use: It is derived from the word selig which is of the meaning 'happy, blessed'.>British IsraelismA Link to the Past was the first to swap the Christian crosses for mystery school symbols; Triforce, Masonic eagles, Horus falcons/hawks, Cancer lobsters, etc.Link = linking your dualities. The Triforce symbolizes two lower dualities ascending as one. The Triforce consists of equilateral triangles, and can be made with the vesica pisces. The claimed Hojo clan source is a squat, non-equilateral triangle.Tal Tal Mountain is a step pyramid with a ""world egg"" on top.Ocarina of Time = the magic flute from ""The Magic Flute"" (Mason Mozart's last opera)child Link = child Horusadult Link = adult HorusGreen was the color of Horus's eye.Link's hat forms child Horus's loch of hair.The reoccurring volcano symbolizes Vulcan/Tubal Cain. The Goron forges you a mighty sword like Tubal Cain.Hyrule Lake, and the later Oceans symbolize Enki/Ea.Hylians = Hylicsmummies = OsirisThe Royal Family's Tomb hints at the murder of Princess Dianna.Temple of Time = Temple of SaturnRauru is the builder of the Second Temple = Cyrus the GreatMajora's Mask retells ""The Magic Flute.""Link is Tamino, Majora the Queen of the Night, and Skullkid is Sarastros. Trials of fire, and water to reach enlightenment = attaining fire, and ice arrows before lightThe Bombers Club are the Freemasons. Jim wears a red hat, just like Master Masons(RAM, 32* KCCH, Shriner Fez). The run through the caverns to the astral observatory is an initiation ritual. It begins with a descent down to the north, an allusion to the Cancer gate in the cave of the nymphs. The Majora balloon symbolizes the Capricorn exit to the cave of the nymphs, or Nimrod. The southward stair ascent out, and telescope also symbolize the Capricorn exit. You become a being of light by gazing through the telescope. The observatory room features a dome of stars similar to the backdrop used in The Magic Flute.https://youtube.com/watch?v=ckibavwpplA [Embed]The southern swamp(south=Capricorn=Saturn) has a Nimrod themed hunting shack(leopard, horned one), and is comprised entirely of palms, and Baobab trees(Tree of Life). The northern mountains have crab enemies = Cancer. The horns in the southern Swamp Shooting Gallery symbolize Capricorn; the Cancer entrance and Capricorn exit to the cave of the nymphs. Woodfall Temple is a step pyramid.""Traveling east"" brings you to Ikana desert, and the stone tower built in defiance of the Goddesses. The entrance to Ikana desert features pillars with the character licking a Triforce on their crotch. The Stone Tower has characters licking Triforces on their anus, phallus pillars, mouth entrances, and a flaming finger statue. I think it's chakra, and pedo symbolism.northern mountains = The World MountainThere's a four elements room with four skeletons in the spider house.Deku Link = child Horus (born in the marsh Khemmis, green symbolized plant growth to ancient Egypt)Link = adult Horus",11/08/2019 (Fri) 08:25,zelda freemason  zionist propaganda  zelda yiddish name  honey darling male  female dualities spinning around center pole  honey dark curly jew hair  programming serve rothschild using mason lore https www babynamespedia com meaning zeldazelda language origin germanic  turkish  yiddish  predominantly used english  hebrew  yiddish  yiddish origin  yiddish use  derived word selig meaning  happy  blessed british israelisma link past first swap christian crosses mystery school symbols  triforce  masonic eagles  horus falcons hawks  cancer lobsters  etc link   linking dualities  triforce symbolizes two lower dualities ascending one  triforce consists equilateral triangles  made vesica pisces  claimed hojo clan source squat  non equilateral triangle tal tal mountain step pyramid  world egg  top ocarina time   magic flute  magic flute   mason mozart last opera child link   child horusadult link   adult horusgreen color horus eye link hat forms child horus loch hair reoccurring volcano symbolizes vulcan tubal cain  goron forges mighty sword like tubal cain hyrule lake  later oceans symbolize enki ea hylians   hylicsmummies   osiristhe royal family tomb hints murder princess dianna temple time   temple saturnrauru builder second temple   cyrus greatmajora mask retells  magic flute link tamino  majora queen night  skullkid sarastros  trials fire  water reach enlightenment   attaining fire  ice arrows lightthe bombers club freemasons  jim wears red hat  like master masons ram    kcch  shriner fez  run caverns astral observatory initiation ritual  begins descent north  allusion cancer gate cave nymphs  majora balloon symbolizes capricorn exit cave nymphs  nimrod  southward stair ascent  telescope also symbolize capricorn exit  become light gazing telescope  observatory room features dome stars similar backdrop used magic flute https youtube com watch v ckibavwppla  embed southern swamp south capricorn saturn  nimrod themed hunting shack leopard  horned one  comprised entirely palms  baobab trees tree life  northern mountains crab enemies   cancer  horns southern swamp shooting gallery symbolize capricorn  cancer entrance capricorn exit cave nymphs  woodfall temple step pyramid traveling east  brings ikana desert  stone tower built defiance goddesses  entrance ikana desert features pillars character licking triforce crotch  stone tower characters licking triforces anus  phallus pillars  mouth entrances  flaming finger statue  think chakra  pedo symbolism northern mountains   world mountainthere four elements room four skeletons spider house deku link   child horus  born marsh khemmis  green symbolized plant growth ancient egypt link   adult horus,['news_&_social_concern']
93081,"Interestingly, 8kun is also down atm.",04/05/2024 (Fri) 01:48,interestingly  kun also atm ,['diaries_&_daily_life']
77267,"ITT: We defend Hitler from claims such as that he was a jew working to establish Israel/etc.From a ""French"" jewish anti-Hitler website:<The shady things about Hitler sustaining the idea he was a zionist jewAuthored by  ""hexzane527"".>1) First of all, in a country dominated by jews as was Germany during the 20's and the 30's, it would have been impossible for a hostile goy like Hitler to come to power. When they control a country, jewish leaders don't let hostile goyims take back the power. So, the rise of Hitler is unbelievable, especially in such a short period of time.hexzane527 seems to have no idea how revolutions work at that. 10 years isn't a ""short period of time"" first of all.Hitler's takeover wasn't democratic or such at all. It was purely a result of the peoples' will. Von Hindenburg appointed Hitler the chancellor, and through that Hitler took over in 1933. He wasn't elected.>2) The reaction of Hitler about Dunkirk is also incredible. He can capture the entire English army. But what does he do ? He let them flee. What !!? And the Hitler's pretext is that he had a great respect for England ! Wtf !!? No, only a traitor acts like that. A real nazi would never have done that.>He did that because he was a zionist jew. And as the war was a fake one, he had to let the english army flee. Otherwise, England couldn't have continued the war. And the USA couldn't have made the D-day and won the war with the USSR as it was planned.How childish. If you look at the two options here:<Hitler respected England and the English people to the extent that he actually said he wasn't willing to shed their blood for war.<Hitler was a Zionist jewish puppet which is why he let them escape!!Which one is more reasonable and realistic?Second, Dunkirk wouldn't have affected the war with England at all. It boils down to Lord Halifax or Churchill becoming prime minister. Halifax could've accepted the position of PM, and he was for peace with Germany. The mason Churchill being one of the worst warmongers of the 20th century he would have still been stubborn enough not to accept the peace if Hitler bombed them at Dunkirk.",11/27/2019 (Wed) 15:20,itt  defend hitler claims jew working establish israel etc  french  jewish anti hitler website shady things hitler sustaining idea zionist jewauthored   hexzane   first  country dominated jews germany    would impossible hostile goy like hitler come power  control country  jewish leaders let hostile goyims take back power   rise hitler unbelievable  especially short period time hexzane seems idea revolutions work   years  short period time  first hitler takeover democratic  purely result peoples   von hindenburg appointed hitler chancellor  hitler took   elected   reaction hitler dunkirk also incredible  capture entire english army    let flee    hitler pretext great respect england   wtf    traitor acts like  real nazi would never done zionist jew  war fake one  let english army flee  otherwise  england continued war  usa made day war ussr planned childish  look two options hitler respected england english people extent actually said willing shed blood war hitler zionist jewish puppet let escape one reasonable realistic second  dunkirk affected war england  boils lord halifax churchill becoming prime minister  halifax could accepted position pm  peace germany  mason churchill one worst warmongers th century would still stubborn enough accept peace hitler bombed dunkirk ,['news_&_social_concern']
92179,"The New York Police Department found illegal tunnels that were dug under a Jewish organization building in New York City and the Jews started rioting. Many Jews were arrested and some mattresses with weird stains on them were being thrown around. All sorts of insane footage was recorded. Chabad, the Hasidic Jewish sect, has secret tunnels that were discovered under their headquarters in NYC, and are now being shut down by the NYPD. Arrests are being made. Riot broke out as NYPD attempted to fill tunnels with cement. Why would Jews would have numerous stained mattresses contained within a series of tunnels under Chabad World Headquarters in the Brooklyn, New York Synagogue? Those mattresses should be forensically analyzed for sure. WHAT were the Jews doing in those tunnels?",01/09/2024 (Tue) 08:00,new york police department found illegal tunnels dug jewish organization building new york city jews started rioting  many jews arrested mattresses weird stains thrown around  sorts insane footage recorded  chabad  hasidic jewish sect  secret tunnels discovered headquarters nyc  shut nypd  arrests made  riot broke nypd attempted fill tunnels cement  would jews would numerous stained mattresses contained within series tunnels chabad world headquarters brooklyn  new york synagogue  mattresses forensically analyzed sure  jews tunnels ,['news_&_social_concern']
93327,"https://en.wikipedia.org/wiki/Robert_F._Kennedy_Jr.Robert Francis Kennedy Jr. (born January 17, 1954) is an environmental lawyer and activist.A member of the Kennedy family, Kennedy is a son of U.S. attorney general and senator Robert F. Kennedy and nephew of U.S. president John F. Kennedy.https://web.archive.org/web/20230511051430/https://unherd.com/2023/05/robert-kennedy-jr-america-needs-a-revolution/I’m a former drug addict and the first thing that you do if you want to deal with drug addiction is you admit there’s a problem and then you can deal with everything. We need to admit there’s a problem in our government before we’re able to heal our country.I’ve spent 40 years litigating against the agencies, the regulatory agencies in the United States, so I can tell you that the Environmental Protection Agency (EPA) is effectively run by the oil industry, the coal industry and the pesticide industry. When I was on the trial team that brought the Monsanto cases, and we ended up with a $13 billion settlement after winning three trials, we uncovered that the head of the pesticide division at the EPA was secretly working for Monsanto, and was running that agency to promote the mercantile ambitions of that business rather than the public interest. He was killing studies, he was fixing studies, he was ghost-writing studies. And that’s true throughout the agencies.If you look at the pharmaceutical industry in our country, it runs the Food and Drug Administration (FDA). The FDA gets 50% of its budget from Big Pharma. The Center for Disease Control and Prevention (CDC) spends half of its budget purchasing vaccines from Big Pharma, and then distributing it. And the National Institutes of Health (NIH) is just an incubator for new pharmaceutical products. It doesn’t do the basic research that we want them to be doing — about where all these diseases come from. The studies that do get done are studies that develop pharmaceutical products. And then the NIH collects royalties when the pharma company sells those products. The regulator is essentially a partner with the regulated industry. The Department of Transportation (DOT) is run by the railroads in our country and by the airlines; the banks have utterly corrupted the Securities and Exchange Commission (SEC); and the media has corrupted the Federal Election Commission (FEC).I don’t know of any values that my uncle John Kennedy harboured, or my father shared, that I don’t share. They had antipathy and suspicion towards war and the military-industrial complex; they did not want corporations running the American government; they were completely against censorship. They were against the use of fear as a governing tool, and they spoke out about it often. If you go down the list of things that they believed in, I don’t think there’s really any daylight between me and what they believed.I think my ultimate ambition is to restore the faith and the love of America, and the pride in America, so that my children can grow up with the kind of pride that I felt about my country. I can restore our moral authority around the world, and restore the reputation of America as an exemplary nation, something that the rest of the world can look to as an example - one that people will want to copy - rather than as a threat.My uncle believed that America should be a leader, but we should not be a bully; and people understand the difference between those two things. Because my uncle steadfastly avoided war, and instead said: “I don’t want the picture of Americans around the world to be somebody with a gun, I want it to be a Peace Corps volunteer.” And because of that, people around the world love John Kennedy more than any president in our history. There’s more boulevards named after him, more avenues, more statues to him, more universities and hospitals, in Africa and Latin America and all over the world than any other U.S. President. That’s because he had a different vision that was not based on conquering people, but on helping them.",04/11/2024 (Thu) 20:46,https en wikipedia org wiki robert f kennedy jr robert francis kennedy jr   born january     environmental lawyer activist member kennedy family  kennedy son u  attorney general senator robert f  kennedy nephew u  president john f  kennedy https web archive org web  https unherd com   robert kennedy jr america needs revolution i’m former drug addict first thing want deal drug addiction admit there’s problem deal everything  need admit there’s problem government we’re able heal country i’ve spent  years litigating agencies  regulatory agencies united states  tell environmental protection agency  epa  effectively run oil industry  coal industry pesticide industry  trial team brought monsanto cases  ended   billion settlement winning three trials  uncovered head pesticide division epa secretly working monsanto  running agency promote mercantile ambitions business rather public interest  killing studies  fixing studies  ghost writing studies  that’s true throughout agencies look pharmaceutical industry country  runs food drug administration  fda  fda gets   budget big pharma  center disease control prevention  cdc  spends half budget purchasing vaccines big pharma  distributing  national institutes health  nih  incubator new pharmaceutical products  doesn’t basic research want — diseases come  studies get done studies develop pharmaceutical products  nih collects royalties pharma company sells products  regulator essentially partner regulated industry  department transportation  dot  run railroads country airlines  banks utterly corrupted securities exchange commission  sec  media corrupted federal election commission  fec don’t know values uncle john kennedy harboured  father shared  don’t share  antipathy suspicion towards war military industrial complex  want corporations running american government  completely censorship  use fear governing tool  spoke often  go list things believed  don’t think there’s really daylight believed think ultimate ambition restore faith love america  pride america  children grow kind pride felt country  restore moral authority around world  restore reputation america exemplary nation  something rest world look example   one people want copy   rather threat uncle believed america leader  bully  people understand difference two things  uncle steadfastly avoided war  instead said  “i don’t want picture americans around world somebody gun  want peace corps volunteer ”  people around world love john kennedy president history  there’s boulevards named  avenues  statues  universities hospitals  africa latin america world u  president  that’s different vision based conquering people  helping ,['news_&_social_concern']
93057,it's only a matter of timehttps://archive.is/88s8i>It’s time we talked about the fall of Kyivfollowinghttps://en.wikipedia.org/wiki/Fall_of_Saigonandhttps://en.wikipedia.org/wiki/Fall_of_Kabul_(2021),04/02/2024 (Tue) 06:43,matter timehttps archive si it’s time talked fall kyivfollowinghttps en wikipedia org wiki fall saigonandhttps en wikipedia org wiki fall kabul  ,['news_&_social_concern']
93980,"After several years of being indoctrinated by Marxist media, I finally realized that 15 minute urban planning can turn cities into slums real quick after doing some original research! Imagine having to share your commute with homeless people, drug users, and downright criminals. Smelling weed everytime you go to and from work while your beloved child gets groped by a complete stranger who turns out to be a Rohingya/Mexican immigrant would sound like a very nice idea to globalist elites (all of which are special needs pedants), right?",06/23/2024 (Sun) 11:17,several years indoctrinated marxist media  finally realized  minute urban planning turn cities slums real quick original research  imagine share commute homeless people  drug users  downright criminals  smelling weed everytime go work beloved child gets groped complete stranger turns rohingya mexican immigrant would sound like nice idea globalist elites  special needs pedants  right ,['news_&_social_concern']
93010,HAL TURNER RADIO SHOW AUDIO ARCHIVES 2024.zip 1.9 GB Downloadhttps://archive.org/details/hal-turner-radio-show-audio-archives-2024,03/23/2024 (Sat) 19:22,hal turner radio show audio archives  zip   gb downloadhttps archive org details hal turner radio show audio archives ,"['film_tv_&_video', 'music']"
92035,"Acts 7:39 “But our ancestors refused to obey him. Instead, they rejected him and in their hearts turned back to Egypt. 40 They told Aaron, ‘Make us gods who will go before us. As for this fellow Moses who led us out of Egypt—we don’t know what has happened to him!’[i] 41 That was the time they made an idol in the form of a calf. They brought sacrifices to it and reveled in what their own hands had made. 42 But God turned away from them and gave them over to the worship of the sun, moon and stars. This agrees with what is written in the book of the prophets:“‘Did you bring me sacrifices and offeringsforty years in the wilderness, people of Israel?43 You have taken up the tabernacle of Molekand the star of your god Rephan,the idols you made to worship.Therefore I will send you into exile’[j] beyond Babylon.44 “Our ancestors had the tabernacle of the covenant law with them in the wilderness. It had been made as God directed Moses, according to the pattern he had seen. 45 After receiving the tabernacle, our ancestors under Joshua brought it with them when they took the land from the nations God drove out before them. It remained in the land until the time of David, 46 who enjoyed God’s favor and asked that he might provide a dwelling place for the God of Jacob.[k] 47 But it was Solomon who built a house for him.48 “However, the Most High does not live in houses made by human hands. As the prophet says:49 “‘Heaven is my throne,and the earth is my footstool.What kind of house will you build for me?says the Lord.Or where will my resting place be?50 Has not my hand made all these things?’[l]51 “You stiff-necked people! Your hearts and ears are still uncircumcised. You are just like your ancestors: You always resist the Holy Spirit!",12/28/2023 (Thu) 03:55,acts   “but ancestors refused obey  instead  rejected hearts turned back egypt   told aaron  ‘make us gods go us  fellow moses led us egypt—we don’t know happened ’   time made idol form calf  brought sacrifices reveled hands made   god turned away gave worship sun  moon stars  agrees written book prophets “‘did bring sacrifices offeringsforty years wilderness  people israel  taken tabernacle molekand star god rephan idols made worship therefore send exile’ j  beyond babylon  “our ancestors tabernacle covenant law wilderness  made god directed moses  according pattern seen   receiving tabernacle  ancestors joshua brought took land nations god drove  remained land time david   enjoyed god’s favor asked might provide dwelling place god jacob k   solomon built house  “however  high live houses made human hands  prophet says  “‘heaven throne earth footstool kind house build says lord resting place  hand made things ’ l  “you stiff necked people  hearts ears still uncircumcised  like ancestors  always resist holy spirit ,"['arts_&_culture', 'other_hobbies']"
90864,brothersLebanese here living in hyperinflationthe beirut port (((explosion))) commemoration is in 3 daysfuck kikesfuck (((banks)))and fuck hyperinflationask me anything about the crisis,08/02/2023 (Wed) 14:04,brotherslebanese living hyperinflationthe beirut port  explosion  commemoration  daysfuck kikesfuck  banks fuck hyperinflationask anything crisis,['news_&_social_concern']
90546,This is a successor to the 2019 Questions That Don't Deserve Their Own Threadhttps://archive.is/sdM7UThe point is to avoid clutter because a one sentence question is a waste of a thread. So stop doing that. Ask here instead. Keep in mind the rules. Loaded questions may be removed.https://endchan.org/pol/rules.htmlI've had it with assholes ignoring this thread. Starting an entire thread for a question will be a ban. USE THIS THREAD FOR QUESTIONS.,05/25/2023 (Thu) 19:07,successor  questions deserve threadhttps archive sdmuthe point avoid clutter one sentence question waste thread  stop  ask instead  keep mind rules  loaded questions may removed https endchan org pol rules htmli assholes ignoring thread  starting entire thread question ban  use thread questions ,[]
91027,This is how leftists behave in leftypol-siberia. How irrational and immature are they!,09/05/2023 (Tue) 09:45,leftists behave leftypol siberia  irrational immature ,['news_&_social_concern']
94812,"(1/2) I have a shocking true story to share with you, brethren. It is the story of the woke takeover of Canada, and how I, a healthy and intelligent white male, became a victim of its life-hating chokehold on the country.A bit of background info about myself: I come from a stable middle-class background, was intellectually precocious, skipped a grade, excelled academically, fairly attractive but socially introverted, decent build, moderately athletic. Got into a decent university and performed well but was struck by the poor quality of the education. Shortly before I'm about to graduate I have a sudden and profound dissociative episode severe enough to be comparable to an MKUltra mind-wipe. I'm talking no memory, no awareness of space or time, no ego functioning whatsoever. After some unspecified period of time I manage to re-integrate my psyche and naturally become suspicious of my family with whom I was living. I press them about the issue but am met with evasive or defensive responses. Eventually our arguments come to a head and I agree to go to the emergency room, where I am assessed by several doctors who immediately certify me (i.e. involuntarily commit me) under our mental health act laws with an initial diagnosis of unspecified psychosis due to suspicion. One of the doctors is even bold enough to mock me, saying ""You don't think there's a conspiracy against you, do you?"", knowing that I can't protest. I have no choice but to comply, and after the initial shock wears off I realize the only course of action is to be as sane, polite, reasonable and compliant as possible in the hopes that someone responsible will notice the glaring incommensurability of the situation. As I sit on the psych ward, nurses and patients do eventually notice and begin commenting, with some nurses even approaching me directly with hushed inquiries as to why I'm there and offering advice for proceeding with legal appeals.In my interviews with the psychiatrist I'm asked about my experience at university, and I respond honestly (for some reason) that I thought the standards were low and many of the students present didn't seem like they should be there if they were struggling with what to me seemed like basic material. At this point the psychiatrist tells me that modern universities ""cater to all skill levels"" and that it is not appropriate to have a large ego. After about a week on the ward I am discharged as an involuntary patient, meaning I am not confined but am compelled to show up for regular appointments and must take my medication (an antipsychotic). I get a full-time filler job (during Covid) while taking these medications and function normally. Obviously dissatisfied with my situation, I continue to argue with my family who I have been stuck with due to the pandemic. Eventually our arguments reach a peak and we agree to go to a different hospital with a better reputation. A similar series of events occurs there, and after two weeks on a ward my diagnosis is upgraded to full-blown paranoid schizophrenia. When I protest that I don't even meet the DSM criteria, I am politely informed that strict adherence to those guidelines is unnecessary and can be overridden by the clinician's subjective judgment. I am then discharged as an involuntary patient in the community and am forced to show up for regular antipsychotic injections. I decide to go back to school for a more advanced degree, which I complete with little stress and while living independently (as a diagnosed schizophrenic (!)). I eventually manage to convince the new doctor I have been transferred to that I am not actually crazy, and he agrees to slowly taper me off the medication while observing me. He then finally discharges me completely from any involuntary treatment and his care. I immediately discontinue the medication to no effects other than losing ~45 pounds within a month and feeling my mental vigor and clarity return.",09/28/2024 (Sat) 19:41,    shocking true story share  brethren  story woke takeover canada   healthy intelligent white male  became victim life hating chokehold country bit background info  come stable middle class background  intellectually precocious  skipped grade  excelled academically  fairly attractive socially introverted  decent build  moderately athletic  got decent university performed well struck poor quality education  shortly graduate sudden profound dissociative episode severe enough comparable mkultra mind wipe  talking memory  awareness space time  ego functioning whatsoever  unspecified period time manage integrate psyche naturally become suspicious family living  press issue met evasive defensive responses  eventually arguments come head agree go emergency room  assessed several doctors immediately certify  e  involuntarily commit  mental health act laws initial diagnosis unspecified psychosis due suspicion  one doctors even bold enough mock  saying  think conspiracy   knowing protest  choice comply  initial shock wears realize course action sane  polite  reasonable compliant possible hopes someone responsible notice glaring incommensurability situation  sit psych ward  nurses patients eventually notice begin commenting  nurses even approaching directly hushed inquiries offering advice proceeding legal appeals interviews psychiatrist asked experience university  respond honestly  reason  thought standards low many students present seem like struggling seemed like basic material  point psychiatrist tells modern universities  cater skill levels  appropriate large ego  week ward discharged involuntary patient  meaning confined compelled show regular appointments must take medication  antipsychotic  get full time filler job  covid  taking medications function normally  obviously dissatisfied situation  continue argue family stuck due pandemic  eventually arguments reach peak agree go different hospital better reputation  similar series events occurs  two weeks ward diagnosis upgraded full blown paranoid schizophrenia  protest even meet dsm criteria  politely informed strict adherence guidelines unnecessary overridden clinician subjective judgment  discharged involuntary patient community forced show regular antipsychotic injections  decide go back school advanced degree  complete little stress living independently  diagnosed schizophrenic   eventually manage convince new doctor transferred actually crazy  agrees slowly taper medication observing  finally discharges completely involuntary treatment care  immediately discontinue medication effects losing   pounds within month feeling mental vigor clarity return ,"['learning_&_educational', 'news_&_social_concern', 'youth_&_student_life']"
84093,"EVERYONE MUST READ THE RULESThe rules are these1.No jews. The enemy is kikes plus traitors, their religion is Judaism and they will be banned.Do not distract from the enemy. It is not possible to remove any other problem untilthe jewish tumor is excised from our nations.2. Insulting National Socialism or Hitler, even by implying anything wrong about Hitler, will result in an immediate ban. (No excuses will be tolerated for this. No ""but I was just pandering to normies"", ""I was ironic shitposting"" or ""you misunderstood muh context"".)3. Threads and posts must not support jewish propaganda. Expose jews, don't empower them. This doesn't matter if you're not jewish.4. Shills have come here claiming ""Not jews run the world but Annunaki"" or some other aliens. NO /X/ BULLSHITIf you want your ban lifted, you must agree not to violate these rules. Calm appeals are accepted. Rage appeals are deniedTyping ""Write your appeal"" (as AIDSkike does) will not be lifted.Ocelotte and George_Costanza are forever listed as Volunteers and may return any time they wish with zero expectationsRemember that no matter the rules of the board, all global rules apply.https://endchan.net/.static/globalRules.htmlPrevious threads:#0 -http://archive.fo/zPA9W#1 -http://archive.fo/cFJEA#2 -http://archive.fo/rPzLu#3 -http://archive.is/b4YaS#3.75 -http://archive.is/3IVu1#4 -http://archive.is/Hwjb6#4.75 -http://archive.is/v9zVd(lacking many images due to server migration)#5 -https://archive.is/RrCJr",02/25/2021 (Thu) 17:27,everyone must read rulesthe rules jews  enemy kikes plus traitors  religion judaism banned distract enemy  possible remove problem untilthe jewish tumor excised nations   insulting national socialism hitler  even implying anything wrong hitler  result immediate ban   excuses tolerated   pandering normies   ironic shitposting   misunderstood muh context   threads posts must support jewish propaganda  expose jews  empower  matter jewish   shills come claiming  jews run world annunaki  aliens   x  bullshitif want ban lifted  must agree violate rules  calm appeals accepted  rage appeals deniedtyping  write appeal   aidskike  lifted ocelotte george costanza forever listed volunteers may return time wish zero expectationsremember matter rules board  global rules apply https endchan net static globalrules htmlprevious threads #  http archive fo zpaw#  http archive fo cfjea#  http archive fo rpzlu#  http archive byas#   http archive ivu#  http archive hwjb#   http archive vzvd lacking many images due server migration #  https archive rrcjr,['news_&_social_concern']
94041,"i recently stumbled upon this site after the death of frenschan and i felt compelled to make this thread for the importance of informing anons on the subject of psychological operations. Brendon lee O'connell released this particular video a year ago about the department of defense's IIA psyops (Interactive Internet Activites) which exposes the already corrupt mainstream media bias but also the supposed free-speech of 'alt-media' with players like alex jones to edward snowden (limited hangout) all being part of the payroll. It is a must watch and i recommend you backup all the media i'm linking below since much of the internet is being censored and removed daily:https://archive.org/details/youtube-lGJhTNxMsRUThis thread is the continuation of the frenschan thread made by fagman anon which is recommended to read first before engaging with any of the material provided here.https://files.catbox.moe/uc4v48.pdfThe thread contains information and backstory of Brendon and also links videos from Matthew North (RIP 5 shots to the back of the head). O'connell's channel was deleted multiple times so i'm posting that particular one from archive.org, he recently made a new channel with valuable information and i recommend you check it out. His few videos are old Reuploads that deal with the Talpiot Program and how Israel dominates the high technology sector and the building of the new smart cities which they will use to enslave (you). But don't worry Zion Don will definitely save us this time.https://www.youtube.com/@Talpiot_Program/videosi also suggest anons to read the gentleman's guide to forum spies 101 which was a sticky way back in 8/pol/ (which should be added to this board)https://cryptome.org/2012/07/gent-forum-spies.htmtheres's another thread made by the same anon which touches on the subject of nanotech and how they use gmo food to poison you, this particular one has received a healthy amount of shills hellbent on shitting up that thread. i wonder why.https://files.catbox.moe/018efv.pdfthe internet became a shell of its former self. Anon lost his home when they decided Fullchan wasn't useful anymore and so every attempt to start anew was shit up with bots/shills/pizza and a plethora of other bullshit  to ensure we'd never rise from the ashes again. WE NEED TO TAKE BACK THE INTERNET. but i fear its too late. they destroyed our countries and now they seek to control our own minds.The nature of warfare has changed now. The first step to fight back is to learn about the government's many programs and how to combat them.I really hope you benefited from this thread and all of the information contained here which can be easily found (they don't even bother to hide their horrible actions anymore) and stay safe, protect yourself and your loved ones and be prepared. because they have plans for us and it ain't pretty. Godspeed.",07/03/2024 (Wed) 19:12,recently stumbled upon site death frenschan felt compelled make thread importance informing anons subject psychological operations  brendon lee connell released particular video year ago department defense iia psyops  interactive internet activites  exposes already corrupt mainstream media bias also supposed free speech  alt media  players like alex jones edward snowden  limited hangout  part payroll  must watch recommend backup media linking since much internet censored removed daily https archive org details youtube lgjhtnxmsruthis thread continuation frenschan thread made fagman anon recommended read first engaging material provided https files catbox moe ucv pdfthe thread contains information backstory brendon also links videos matthew north  rip  shots back head  connell channel deleted multiple times posting particular one archive org  recently made new channel valuable information recommend check  videos old reuploads deal talpiot program israel dominates high technology sector building new smart cities use enslave   worry zion definitely save us time https www youtube com talpiot program videosi also suggest anons read gentleman guide forum spies  sticky way back  pol   added board https cryptome org   gent forum spies htmtheres another thread made anon touches subject nanotech use gmo food poison  particular one received healthy amount shills hellbent shitting thread  wonder https files catbox moe efv pdfthe internet became shell former self  anon lost home decided fullchan useful anymore every attempt start anew shit bots shills pizza plethora bullshit  ensure never rise ashes  need take back internet  fear late  destroyed countries seek control minds nature warfare changed  first step fight back learn government many programs combat really hope benefited thread information contained easily found  even bother hide horrible actions anymore  stay safe  protect loved ones prepared  plans us pretty  godspeed ,['news_&_social_concern']
94086,"Him and his family got harassed, doxxed, swatted 4 times by the Jews and they even sent a Talmud and Israeli flag to taunt him and in response he destroyed them which triggered 6 months suspension from X.Whoever still thinks that X supports your right to freedom of speech unless you are a Jew is retarded. Only Jews have right to free speech on any social media.",07/09/2024 (Tue) 15:48,family got harassed  doxxed  swatted  times jews even sent talmud israeli flag taunt response destroyed triggered  months suspension x whoever still thinks x supports right freedom speech unless jew retarded  jews right free speech social media ,['news_&_social_concern']
79042,"Share this video across social media with throwaway accounts. They will ban you. Keep coming back.Thanks to the anon who posted this in the COVID-19 thread.Now is the perfect time to make people realize this information.The Corona virus isn't the Black Plague. Those with weak immune systems have been dying. What is causing the chaos, lack of supplies and hoarding isfear mongering by jewish media. It's important to bring realization of this and thatjews own the media.-BO. The article begins here:----------------------------------------------------According to the Jerusalem Post, a Jewish Israeli newspaper, scientists in “Israel” are weeks away from developing a vaccine for the novel coronavirus. The Israeli behavior as it pertains to coronavirus has already been as suspicious as it gets, as AIPAC, a front for “Israel”, has covered up the coronavirus cases there and who had contact with the infected attendees. The Jerusalem Post reported that the “Israeli” Science and Technology Minister Ofir Akunis said that “Israel” could have a coronavirus vaccine tested in a couple weeks and available in only 90 days. The Galilee Research Institute (MIGAL) has been working on a coronavirus vaccine BEFORE the coronavirus pandemic.Dr. Chen Katz MIGAL’s biotechnology group leader made an eye opening statement on this fact that they were developing a coronavirus vaccine BEFORE the pandemic. “Let’s call it pure luck,” he said. “We decided to choose coronavirus as a model for our system just as a proof of concept for our technology. Benjamin Netanyahu famously said that Israel’s relationship with China is a marriage made in heaven, “Israel” gives China control of major ports such as the one in Haifa. “Israel”-China keep getting closer on the field of technology, and when Trump talks about intellectual property theft by China, it is usually done through “Israel”. You won’t see China’s liar Zhao Lijin say anything about these admissions of “Israel” preparing a vaccine for the coronavirus before the pandemic, because they are two good friends and China has gotten a lot from “Israel”.-Andrew from Praecursator 007 reportedhttps://praecursator007.co.uk/israeli-media-reports-israeli-scientists-were-developing-coronavirus-vaccine-before-coronavirus-pandemic/http://archive.is/2ilxj",03/23/2020 (Mon) 10:09,share video across social media throwaway accounts  ban  keep coming back thanks anon posted covid  thread perfect time make people realize information corona virus black plague  weak immune systems dying  causing chaos  lack supplies hoarding isfear mongering jewish media  important bring realization thatjews media bo  article begins according jerusalem post  jewish israeli newspaper  scientists “israel” weeks away developing vaccine novel coronavirus  israeli behavior pertains coronavirus already suspicious gets  aipac  front “israel”  covered coronavirus cases contact infected attendees  jerusalem post reported “israeli” science technology minister ofir akunis said “israel” could coronavirus vaccine tested couple weeks available  days  galilee research institute  migal  working coronavirus vaccine coronavirus pandemic dr  chen katz migal’s biotechnology group leader made eye opening statement fact developing coronavirus vaccine pandemic  “let’s call pure luck ” said  “we decided choose coronavirus model system proof concept technology  benjamin netanyahu famously said israel’s relationship china marriage made heaven  “israel” gives china control major ports one haifa  “israel” china keep getting closer field technology  trump talks intellectual property theft china  usually done “israel”  won’t see china’s liar zhao lijin say anything admissions “israel” preparing vaccine coronavirus pandemic  two good friends china gotten lot “israel” andrew praecursator  reportedhttps praecursator co uk israeli media reports israeli scientists developing coronavirus vaccine coronavirus pandemic http archive ilxj,['news_&_social_concern']
92747,"[Reposted from /news/. I don't usually do that much anymore but this one is important.]>A U.S. service member was in critical condition after setting himself on fire outside the Israeli Embassy in Washington, D.C., on Sunday, authorities said.>A video posted online showed a man shouting ""Free Palestine"" as he burned during the incident, which lasted about a minute before law enforcement officers extinguished the flames about 1pm.>The man appeared to be in military uniform and identified himself as ""an active duty member of the U.S. Air Force."" Air Force spokesperson Ann Stefanek confirmed via email Sunday evening that ""an active duty Airman was involved in today's incident."">The man said in the video he would ""no longer be complicit in genocide,"" which the Israeli military was accused of committing in Gaza in an International Court of Justice case brought by South Africa. ""I am about to engage in an extreme act of protest."">The airman, whom officials had not publicly identified, was transported with ""critical life threatening injuries to an area hospital,"" D.C. Fire and Emergency Medical Services Department said in a post to X.https://www.axios.com/2024/02/25/man-set-himself-on-fire-israel-embassy-dc",02/28/2024 (Wed) 08:55, reposted  news  usually much anymore one important u  service member critical condition setting fire outside israeli embassy washington  c  sunday  authorities said video posted online showed man shouting  free palestine  burned incident  lasted minute law enforcement officers extinguished flames pm man appeared military uniform identified  active duty member u  air force  air force spokesperson ann stefanek confirmed via email sunday evening  active duty airman involved today incident man said video would  longer complicit genocide  israeli military accused committing gaza international court justice case brought south africa   engage extreme act protest airman  officials publicly identified  transported  critical life threatening injuries area hospital  c  fire emergency medical services department said post x https www axios com    man set fire israel embassy dc,['news_&_social_concern']
86491,"Jewish “Holocaust” historian Yehuda Bauer writes: ""Part of the Nazi propaganda effort was to persuade non-Jews that the ghettoes were necessary to protect them from the Jews. Jews were said to be carriers of epidemic illnesses while non-Jews were immune to them."" [Sidenote: What is wrong with this kike's brain? Unable to see the glaring flaw in his lie.] In reality, Jews were interned in camps and ghettos during World War II because Jews were generally hostile toward Germany, and many Jewish partisans were actively killing German troops. In addition to ghetto fighters, Jewish civilians fled to the forests and enlisted in partisan units, carrying out sabotage and intelligence missions.[3] The authorities of the Third Reich reasoned that Jews had to be interned to protect against these sabotage and intelligence operations. This article documents some of the Jewish civilians and groups who actively fought against the Third Reich during World War II.Jewish Female AssassinsJewish historian Dr. Judy Batalion, in her bookThe Light of Days, states that Jewish women who resisted the Third Reich were far more numerous than she had ever imagined. She writes: ""At first, I imagined that the several dozen resistance operatives mentioned in Freuen comprised the total amount. But as soon as I touched on the topic, extraordinary tales of female fighters crawled out from every corner: archives, catalogues, strangers who emailed me their family stories. I found dozens of women’s memoirs published by small presses, and hundreds of testimonies in Polish, Russian, Hebrew, Yiddish, German, French, Dutch, Danish, Greek, Italian, and English, from the 1940s to today."" Many Jewish women used stealth and disguises to murder Germans. For example, 24-year-old Niuta Teitelbaum, from the Communist group Spartacus, wore her flaxen hair in braids, appearing like a young 16-year-old—an innocent disguise that hid her role as an assassin. She walked into the office of a high-ranking Gestapo officer, and shot him in cold blood at his desk. Teitelbaum pulled the trigger on yet another German officer while he was in bed in his own home. In another operation, she killed two Gestapo agents and wounded a third who was taken to a hospital. Disguising herself as a doctor, Teitelbaum entered the wounded Gestapo agent’s room, and murdered both him and his guard.[5]In another instance, Teitelbaum dressed like a Polish farm girl with a kerchief in her blond hair. She walked into a German command post, smiled, and then shot an SS soldier with her pistol. Another time, Teitelbaum strolled up to the guards outside Szucha, and said she needed to speak to a certain officer about a “personal matter.” The guards showed her the way to her “boyfriend’s office,” where she pulled out a concealed pistol with a silencer and shot him in the head. She smiled meekly at the guards on her way out.[6] For these and other acts of lethal resistance, the Gestapo nicknamed Teitelbaum “Little Wanda with the Braids,” and put her on all of its most-wanted lists. She survived the Warsaw Ghetto Uprising, but was eventually hunted down and executed a few months later.[7] The lethal nature of the Jewish female assassins caused the Germans to take extreme measures against them. German SS commander Jürgen Stroop wrote:[8] ""''They were not human, perhaps devils or goddesses. Calm. As nimble as circus performers. They often fired simultaneously with pistols in both hands. Fierce in combat, right to the end. Approaching them was dangerous. One captured Haluzzenmädel looked timid. Completely resigned. And then suddenly, when a group of our men got within a few steps of her, she pulls a hand grenade out from under her skirt or her breeches and slaughters the SS while showering them with curses to the 10th generation—your hair stands on end! [continued]http://www.renegadetribune.com/why-hitler-put-jews-in-camps-and-ghettos/https://archive.is/z0mFN",02/15/2022 (Tue) 03:14,jewish “holocaust” historian yehuda bauer writes   part nazi propaganda effort persuade non jews ghettoes necessary protect jews  jews said carriers epidemic illnesses non jews immune   sidenote  wrong kike brain  unable see glaring flaw lie  reality  jews interned camps ghettos world war ii jews generally hostile toward germany  many jewish partisans actively killing german troops  addition ghetto fighters  jewish civilians fled forests enlisted partisan units  carrying sabotage intelligence missions   authorities third reich reasoned jews interned protect sabotage intelligence operations  article documents jewish civilians groups actively fought third reich world war ii jewish female assassinsjewish historian dr  judy batalion  bookthe light days  states jewish women resisted third reich far numerous ever imagined  writes   first  imagined several dozen resistance operatives mentioned freuen comprised total amount  soon touched topic  extraordinary tales female fighters crawled every corner  archives  catalogues  strangers emailed family stories  found dozens women’s memoirs published small presses  hundreds testimonies polish  russian  hebrew  yiddish  german  french  dutch  danish  greek  italian  english  today  many jewish women used stealth disguises murder germans  example   year old niuta teitelbaum  communist group spartacus  wore flaxen hair braids  appearing like young  year old—an innocent disguise hid role assassin  walked office high ranking gestapo officer  shot cold blood desk  teitelbaum pulled trigger yet another german officer bed home  another operation  killed two gestapo agents wounded third taken hospital  disguising doctor  teitelbaum entered wounded gestapo agent’s room  murdered guard  another instance  teitelbaum dressed like polish farm girl kerchief blond hair  walked german command post  smiled  shot ss soldier pistol  another time  teitelbaum strolled guards outside szucha  said needed speak certain officer “personal matter ” guards showed way “boyfriend’s office ” pulled concealed pistol silencer shot head  smiled meekly guards way   acts lethal resistance  gestapo nicknamed teitelbaum “little wanda braids ” put wanted lists  survived warsaw ghetto uprising  eventually hunted executed months later   lethal nature jewish female assassins caused germans take extreme measures  german ss commander jürgen stroop wrote    human  perhaps devils goddesses  calm  nimble circus performers  often fired simultaneously pistols hands  fierce combat  right end  approaching dangerous  one captured haluzzenmädel looked timid  completely resigned  suddenly  group men got within steps  pulls hand grenade skirt breeches slaughters ss showering curses th generation—your hair stands end   continued http www renegadetribune com hitler put jews camps ghettos https archive zmfn,['news_&_social_concern']
85136,"So, I heard many awful things about 4chan that it's a fed honeypot and whatever.",08/06/2021 (Fri) 18:50, heard many awful things chan fed honeypot whatever ,[]
92884,"Meta Thread 7 has met it's limit. I'm starting a new one.The rules are these1. No jews.The enemy is kikes plus traitors, their religion is Judaismand they will be banned. Do not distract from the enemy. It is not possible to remove any other problem untilthe jewish tumor is excised from our nations. (All other religions besides Judaism and Satanism are off limits for bashing. You will recognize Judaism as pure evil. Period. With the exception of Scientology. Bash that all you want.)2. Insulting National Socialism or Hitler, even by implying anything wrong about Hitler, will result in an immediate ban. (No excuses will be tolerated for this. No ""but I was just pandering to normies"", ""I was ironic shitposting"" or ""you misunderstood muh context"".)3. Threads and posts must not support jewish propaganda. Expose jews, don't empower them. This doesn't matter if you're not jewish. (Does it have jewish proponents for the cause? Does it prevent Caucasians breeding? DOES IT DISTRACT FROM JEWS AS THE PRIMARY ENEMY? Yes? Then it's jewish propaganda.)4. Shills have come here claiming ""Not jews run the world but Annunaki"" or some other aliens. NO /X/ BULLSHIT5. NO BELIEVING JEW CLAIMS OF OWNERSHIP STARTING 6/18/2024. They don't own the Old Testament. ""Torah"" is a lie. They don't own the New Testament. They don't own Israel. They're deceivers and invaders. (I don't have the patience to explain away the ""Hebrew origin"" lieevery single fucking timeby informing the oldest existing proofs are in Greek.) Verses are allowed. Discussing the bible is allowed. Shitting on any religion besides Judaism or Satanism IS NOT ALLOWED. (Again, except for Scientology)6. Dump and run links threads where the OP drops off links and runs will be banned starting 12/15/2024.If you want your ban lifted, you must agree not to violate these rules. Calm appeals may be accepted unless you're a jew. Rage appeals are deniedTyping ""Write your appeal"" (as AIDSkike does) will not be lifted.Ocelotte and George_Costanza are forever listed as Volunteers and may return any time they wish with zero expectationsRemember that no matter the rules of the board, all global rules apply.https://endchan.net/.static/globalRules.htmlPrevious threads:#0 -http://archive.fo/zPA9W#1 -http://archive.fo/cFJEA#2 -http://archive.fo/rPzLu#3 -http://archive.is/b4YaS#3.75 -http://archive.is/3IVu1#4 -http://archive.is/Hwjb6#4.75 -http://archive.is/v9zVd(lacking many images due to server migration)#5 -https://archive.is/RrCJr#6 -https://archive.is/kh7lN",03/11/2024 (Mon) 22:44,meta thread  met limit  starting new one rules  jews enemy kikes plus traitors  religion judaismand banned  distract enemy  possible remove problem untilthe jewish tumor excised nations   religions besides judaism satanism limits bashing  recognize judaism pure evil  period  exception scientology  bash want   insulting national socialism hitler  even implying anything wrong hitler  result immediate ban   excuses tolerated   pandering normies   ironic shitposting   misunderstood muh context   threads posts must support jewish propaganda  expose jews  empower  matter jewish   jewish proponents cause  prevent caucasians breeding  distract jews primary enemy  yes  jewish propaganda   shills come claiming  jews run world annunaki  aliens   x  bullshit  believing jew claims ownership starting     old testament   torah  lie  new testament  israel  deceivers invaders   patience explain away  hebrew origin  lieevery single fucking timeby informing oldest existing proofs greek  verses allowed  discussing bible allowed  shitting religion besides judaism satanism allowed    except scientology   dump run links threads op drops links runs banned starting    want ban lifted  must agree violate rules  calm appeals may accepted unless jew  rage appeals deniedtyping  write appeal   aidskike  lifted ocelotte george costanza forever listed volunteers may return time wish zero expectationsremember matter rules board  global rules apply https endchan net static globalrules htmlprevious threads #  http archive fo zpaw#  http archive fo cfjea#  http archive fo rpzlu#  http archive byas#   http archive ivu#  http archive hwjb#   http archive vzvd lacking many images due server migration #  https archive rrcjr#  https archive khln,['news_&_social_concern']
94663,"Who do you know or suspect was a jew among ancient figures?It would be valuable to focus on those historical figures whose are getting popularized by the current (((mass medias))) and (((social medias))), you just know there is something fishy when something gets pushed by the current anti-european propaganda system",09/10/2024 (Tue) 18:51,know suspect jew among ancient figures would valuable focus historical figures whose getting popularized current  mass medias   social medias  know something fishy something gets pushed current anti european propaganda system,['news_&_social_concern']
92072,"https://archive.4plebs.org/x/thread/36804042with mRNA vaccines causing turbocancers, along with the cardiovascular side effects, now pharma jews doubled down and are selling ... cancer vaccineshttps://www.reuters.com/markets/deals/pfizer-gets-ok-43-bln-seagen-deal-after-donating-cancer-drug-rights-2023-12-12/Pfizer gets OK for $43-billion Seagen deal after donating cancer drug rights>Dec 12 (Reuters) - Pfizer (PFE.N) said on Tuesday it expects to close its $43 billion deal to buy cancer drugmaker Seagen (SGEN.O) later this week and plans to create a new oncology division that includes the acquisition early next year.https://www.reuters.com/business/healthcare-pharmaceuticals/moderna-merck-begin-late-stage-study-mrna-cancer-therapy-2023-12-11/Moderna, Merck begin late-stage study for mRNA cancer therapy>Dec 11 (Reuters) - Moderna (MRNA.O) and Merck & Co (MRK.N) said on Monday they have started a late-stage trial of their experimental personalized mRNA cancer treatment in combination with blockbuster drug Keytruda for patients with a type of lung cancer.",12/31/2023 (Sun) 15:57,https archive plebs org x thread mrna vaccines causing turbocancers  along cardiovascular side effects  pharma jews doubled selling   cancer vaccineshttps www reuters com markets deals pfizer gets ok  bln seagen deal donating cancer drug rights    pfizer gets ok   billion seagen deal donating cancer drug rights dec   reuters    pfizer  pfe n  said tuesday expects close   billion deal buy cancer drugmaker seagen  sgen  later week plans create new oncology division includes acquisition early next year https www reuters com business healthcare pharmaceuticals moderna merck begin late stage study mrna cancer therapy    moderna  merck begin late stage study mrna cancer therapy dec   reuters    moderna  mrna  merck   co  mrk n  said monday started late stage trial experimental personalized mrna cancer treatment combination blockbuster drug keytruda patients type lung cancer ,"['news_&_social_concern', 'science_&_technology']"
95587,"*Dusting off the tables and making sure the ham radio still works, turning upright cots and starts the kerosene stove*As they are in the last stages of making 4cuck unuseable completely into reddit lite, this is one of the old hangouts after /pol/ harbor and the exodus from 4cuck (my main back in '04 was /b/) . We migrated to 8chan and then here after we found out hotwheels was compromised. The russians keep the lights on.Follow board rules. No redditt faggottry. No elon shilling, no zion Donism miga bullshit.",12/26/2024 (Thu) 15:12, dusting tables making sure ham radio still works  turning upright cots starts kerosene stove last stages making cuck unuseable completely reddit lite  one old hangouts  pol  harbor exodus cuck  main back    b    migrated chan found hotwheels compromised  russians keep lights follow board rules  redditt faggottry  elon shilling  zion donism miga bullshit ,['news_&_social_concern']
92033,"Let's write together the Pissrael defeat songhttps://archive.is/LTUfoProposed lyrics:We are the children of the generation of defeatVictors will kick us out to wherever they see fitDisplaced will return to their homes and it will be lit,while we drift around begging in the street...Guitar tabs:...",12/27/2023 (Wed) 12:48,let write together pissrael defeat songhttps archive ltufoproposed lyrics children generation defeatvictors kick us wherever see fitdisplaced return homes lit drift around begging street guitar tabs ,"['music', 'news_&_social_concern']"
92415,"Hey endpol, Pepe anon here. I was wondering what are your opinions on anon.cafe? I never heard of it myself until I found this website recently (I had no idea how many versions of 4chan there were until recently, I was only aware of 2chan, 8chan and I think 16chan, maybe 1 or 2 others I've already forgotten about). Are there the people on that website any better than 4cuck? Or are they just as bad?",02/02/2024 (Fri) 08:38,hey endpol  pepe anon  wondering opinions anon cafe  never heard found website recently  idea many versions chan recently  aware chan  chan think chan  maybe   others already forgotten  people website better cuck  bad ,['music']
95116,"What do you take of the relationship (positive or negative) between chinese governments and the internationalist/communist jews ?Consider this chinese/jew relationship over time, not just in the present time, it's important to keep a long range view on this, things may change in the short term, but it's the long term status which really matters.What I truly want to understand is:Are the chinese reliable or not? Reliable in general, maybe not, but at least reliable in removing the jewish cancer from the world?Can the chinese be trusted in the midst of the fight against evil? Would you trust your back to the chinese, while destruction and corruption is attacking you?That is, are the chinese: allies against the jews, bystanders about the jews, or enemies with the jews?Or are the chinese just opportunistic in following their small interests?Or are the chinese just jews in disguise, acting fondamentally the same, greedy and parasitic?Or again, are the chinese just more work mules for the jews, not different at all from how the angloids are, so are the chinese just more npc obstructing the way of liberation?Are the chinese potential allies in removing the cancerous jewish presence from the world?Or are the chinese just more burden in making that feat of ""total kike removal"" harder to achieve?",11/19/2024 (Tue) 13:52,take relationship  positive negative  chinese governments internationalist communist jews  consider chinese jew relationship time  present time  important keep long range view  things may change short term  long term status really matters truly want understand chinese reliable  reliable general  maybe  least reliable removing jewish cancer world chinese trusted midst fight evil  would trust back chinese  destruction corruption attacking  chinese  allies jews  bystanders jews  enemies jews chinese opportunistic following small interests chinese jews disguise  acting fondamentally  greedy parasitic  chinese work mules jews  different angloids  chinese npc obstructing way liberation chinese potential allies removing cancerous jewish presence world chinese burden making feat  total kike removal  harder achieve ,['news_&_social_concern']
95562,"Final Report:  The Biden Administration's Weaponization of the Federal GovernmentReleased:  December 20, 2024https://archive.ph/bGHJYToday, the House Select Subcommittee on the Weaponization of the Federal Government released its final 17,000-page staff report detailing the Select Subcommittee's findings about the Biden-Harris Administration's weaponized federal government.Through its oversight and investigations, the Select Subcommittee found numerous instances of the federal government being weaponized against the Amer­ican people. For example, the Select Subcommittee: :Highlighted censorship by Big Tech that led to Mark Zuckerberg admitting Facebook was pressured by the Biden-Harris White House to censor Amer­icans.Empowered whistleblowers to come forward and have their voices heard despite retaliation by the Department of Justice and the FBI.Protected the First Amendment, leading to the dissolution of the Global Alliance for Responsible Media (GARM) and other organizations that worked to censor Amer­icans' speech.Revealed the weaponization of federal law enforcement against the Amer­ican people, leading to important policy changes from the Department of Justice and IRS.Uncovered evidence that the Biden campaign coordinated with 51 former intelligence officials to interfere in the Amer­ican electoral system weeks before the 2020 presidential election by signing the statement calling Hunter Biden's laptop disinformation._",12/21/2024 (Sat) 03:13,final report   biden administration weaponization federal governmentreleased   december   https archive ph bghjytoday  house select subcommittee weaponization federal government released its final   page staff report detailing select subcommittee findings biden harris administration s weaponized federal government oversight investigations  select subcommittee found numerous instances the federal government weaponized amer­ican people  example  select subcommittee   highlighted censorship big tech led mark zuckerberg admitting facebook pressured biden harris white house censor amer­icans empowered whistleblowers come forward voices heard despite retaliation department justice fbi protected first amendment  leading dissolution global alliance responsible media  garm  organizations worked censor amer­icans  speech revealed weaponization federal law enforcement amer­ican people  leading important policy changes the department justice irs uncovered evidence biden campaign coordinated  former intelligence officials interfere amer­ican electoral system weeks  presidential election signing statement calling hunter biden laptop disinformation ,['news_&_social_concern']
91652,"From what I gather of all these links from>>>/news/, Israel is swiftly losing support from the entire world's citizens and many governments. The UN included. Netanyahu is so desperate after returning from corruption charges that he's rushing invasion of Gaza with the same old war crimes. The Left are turning against Israel. Soon it will be time, friends, that the worldwide population begins to wake up and see the merit of Adolf Hitler. Jews are showing their vile natures and people hate it. RIP Palestinians. Arabs are banding together to avenge them.The Gaza diplomacy of Biden, Sunak and co seems to be heading for failurehttps://www.theguardian.com/world/2023/oct/20/the-gaza-diplomacy-of-biden-sunak-and-co-seems-to-be-heading-for-failureIsrael BOMBS historic Greek Orthodox Church of Saint Porphyrius in Gaza – world’s third oldest churchhttps://www.naturalnews.com/2023-10-21-israel-bombs-greek-orthodox-church-saint-porphyrius.htmljewish Activists Take Over Capitol to Demand Ceasefire in Gaza (yet they're not labeled terrorists like the January 6th occupation)https://newrepublic.com/post/176335/jewish-activists-protest-capitol-demand-ceasefire-gaza-arrestUS Vetoes UN Security Resolution Calling for ‘Humanitarian Pauses’ in Gazahttps://news.antiwar.com/2023/10/18/us-vetoes-un-security-resolution-calling-for-humanitarian-pauses-in-gaza/Israel ordered STAND DOWN to allow Hamas to attackhttps://www.bitchute.com/video/J2U6XR1UmrFu/ [Embed] [Embed]Israeli artillery pounding settlements in southern Lebanonhttps://tass.com/world/1694819Hamas & IDF Ground Forces Clash For 1st Time Inside Gazahttps://www.zerohedge.com/geopolitical/hezbollah-risks-dragging-lebanon-war-which-will-be-mistake-its-life-netanyahuIsrael bombed residential areas in the southern Lebanese town of Yarun with white phosphoroushttps://twitter.com/Marwa__Osman/status/1715785465813455303Israeli Official Warns Russia: You're Nexthttps://trendsinthenews.substack.com/p/israeli-official-warns-russia-youreIsraeli Airstrike hits the Al-Ahli Arab Hospital in Gaza Cityhttps://sputnikglobe.com/20231022/live-updates-israeli-airstrike-on-cafe-in-gaza-strip-kills-10-people---reports-1114395929.htmlIsrael using Hamas FALSE FLAG attack to commence genocidehttps://www.naturalnews.com/2023-10-22-fake-israel-hamas-false-flag-second-genocide.htmlChina deploys six warships to Middle Easthttps://www.the-express.com/news/world-news/115880/China-six-warships-Middle-East-war-IsraelU.S. sending additional air defense systems to Middle Easthttps://news.yahoo.com/u-sending-additional-air-defense-025439809.htmlRon Paul: Hamas was created by Israel and the UShttps://revolver.news/2023/10/ron-paul-hamas-was-created-by-israel-and-the-us-to-counteract-yasser-arafat/U.S. involvement in the ongoing conflict between Israel and Hamashttps://www.naturalnews.com/2023-10-13-martin-armstrong-us-involved-israel-hamas-conflict.htmlBiden's claim he saw “confirmed pictures” of Hamas beheading children – turns out it was a COMPLETE LIEhttps://www.naturalnews.com/2023-10-13-biden-lied-about-pictures-hamas-beheading-children.htmlIsraeli airstrikes hit Gaza, the West Bank, Lebanon and Syriahttps://www.pbs.org/newshour/show/israeli-airstrikes-hit-gaza-the-west-bank-lebanon-and-syria2006 Audio Emerges of Hillary Clinton Proposing Rigging Palestine Electionhttps://observer.com/2016/10/2006-audio-emerges-of-hillary-clinton-proposing-rigging-palestine-election/UN chief alleges law violations in Gaza, angering Israelhttps://news.yahoo.com/un-chief-alleges-violations-law-160235068.htmlKikes fear World War 3 will be blamed on them AND I HOPE THEY'RE RIGHThttps://www.realnewsandhistory.com/anyt-10-23-23/Israeli President Isaac Herzog says civilians living in Gaza are LEGITIMATE TARGETShttps://www.naturalnews.com/2023-10-25-genocide-israel-herzog-civilians-gaza-legitimate-targets.htmlU.S., Russia veto each other’s U.N. resolutions on Israel-Gaza warhttps://www.msn.com/en-us/news/world/us-russia-veto-each-other-s-un-resolutions-on-israel-gaza-war/ar-AA1iQUNn",11/17/2023 (Fri) 05:49,gather links news  israel swiftly losing support entire world citizens many governments  un included  netanyahu desperate returning corruption charges rushing invasion gaza old war crimes  left turning israel  soon time  friends  worldwide population begins wake see merit adolf hitler  jews showing vile natures people hate  rip palestinians  arabs banding together avenge gaza diplomacy biden  sunak co seems heading failurehttps www theguardian com world  oct  gaza diplomacy biden sunak co seems heading failureisrael bombs historic greek orthodox church saint porphyrius gaza – world’s third oldest churchhttps www naturalnews com    israel bombs greek orthodox church saint porphyrius htmljewish activists take capitol demand ceasefire gaza  yet labeled terrorists like january th occupation https newrepublic com post  jewish activists protest capitol demand ceasefire gaza arrestus vetoes un security resolution calling ‘humanitarian pauses’ gazahttps news antiwar com    us vetoes un security resolution calling humanitarian pauses gaza israel ordered stand allow hamas attackhttps www bitchute com video juxrumrfu   embed   embed israeli artillery pounding settlements southern lebanonhttps tass com world hamas   idf ground forces clash st time inside gazahttps www zerohedge com geopolitical hezbollah risks dragging lebanon war mistake life netanyahuisrael bombed residential areas southern lebanese town yarun white phosphoroushttps twitter com marwa osman status israeli official warns russia  nexthttps trendsinthenews substack com p israeli official warns russia youreisraeli airstrike hits al ahli arab hospital gaza cityhttps sputnikglobe com  live updates israeli airstrike cafe gaza strip kills  people reports  htmlisrael using hamas false flag attack commence genocidehttps www naturalnews com    fake israel hamas false flag second genocide htmlchina deploys six warships middle easthttps www express com news world news  china six warships middle east war israelu  sending additional air defense systems middle easthttps news yahoo com u sending additional air defense  htmlron paul  hamas created israel ushttps revolver news   ron paul hamas created israel us counteract yasser arafat u  involvement ongoing conflict israel hamashttps www naturalnews com    martin armstrong us involved israel hamas conflict htmlbiden claim saw “confirmed pictures” hamas beheading children – turns complete liehttps www naturalnews com    biden lied pictures hamas beheading children htmlisraeli airstrikes hit gaza  west bank  lebanon syriahttps www pbs org newshour show israeli airstrikes hit gaza west bank lebanon syria audio emerges hillary clinton proposing rigging palestine electionhttps observer com    audio emerges hillary clinton proposing rigging palestine election un chief alleges law violations gaza  angering israelhttps news yahoo com un chief alleges violations law  htmlkikes fear world war  blamed hope righthttps www realnewsandhistory com anyt    israeli president isaac herzog says civilians living gaza legitimate targetshttps www naturalnews com    genocide israel herzog civilians gaza legitimate targets htmlu  russia veto other’s u n  resolutions israel gaza warhttps www msn com en us news world us russia veto un resolutions israel gaza war ar aaiqunn,['news_&_social_concern']
81495,Thread for posting and requesting books and audiobooks.,07/29/2020 (Wed) 13:41,thread posting requesting books audiobooks ,[]
91005,"I do not fucking give a shit about faglet/troonlet/copterlet sprogs. They were already retarded and gullible to begin with. They deserve to be fucking beaten to death with mallets.By the way, trannies and attack helicopters are neutered retards that were never male or femoidal to begin with. They're too fucking retarded to bone retarded sprogs or kill themselves, and the only ""pronouns"" you should refer to them as are ""it/its"".",09/01/2023 (Fri) 21:29,fucking give shit faglet troonlet copterlet sprogs  already retarded gullible begin  deserve fucking beaten death mallets way  trannies attack helicopters neutered retards never male femoidal begin  fucking retarded bone retarded sprogs kill   pronouns  refer  ,['news_&_social_concern']
94963,"I don't think enough attention has been paid to the Northwest Imperative or the initiatives that surround it. Although there is other movements running in parallel with it, I've seen no reason why it cannot be implemented along side of them.To me, it seems inevitable that the current government will face collapse between the staggering debt, unquestionably worsened political and racial tensions, impossibly unpopular sand wars that Israel is trying to drag the country into despite much more awareness of the JQ now, and worse. It simply cannot hold onto all its territories, even if the continent itself cannot be restored to 19th century demographics.Any discussion of Harold Covington's novels, The Butler Plan, or how similar movements might work with or be absorbed into the NF is welcome.",10/25/2024 (Fri) 09:02,think enough attention paid northwest imperative initiatives surround  although movements running parallel  seen reason cannot implemented along side  seems inevitable current government face collapse staggering debt  unquestionably worsened political racial tensions  impossibly unpopular sand wars israel trying drag country despite much awareness jq  worse  simply cannot hold onto territories  even continent cannot restored th century demographics discussion harold covington novels  butler plan  similar movements might work absorbed nf welcome ,['news_&_social_concern']
86330,"We will view in a Christian way things like general politics, ideas, et cetera.For example National Socialism in a Christian way, Neo-Confederatism, Christianization, Christian Fascism, anything.",01/29/2022 (Sat) 19:01,view christian way things like general politics  ideas  et cetera example national socialism christian way  neo confederatism  christianization  christian fascism  anything ,['news_&_social_concern']
102581,">>102578I am a fan of precise surgical strikes and after knowing about how the jews operate and how their propagand machine works I can say confidently that>>If you take the jews ability to print money and give it to their favourite puppets the entire system of jewry falls down>ESG cancer on corporate giants, massive inflation of stocks, market manipulation and lobbying can only happen because they have control over the money printer. Due to how inflation works. The first people that receive  the newly printed money are the ones that most benefit from it and the last ones the people that get the kick out of inflation.>Their funding of trash ass newspapers that no one reads can only happen because of central banking.>Right now, Trump is trying to see to provoke a recession to try and pay the massive amount of debt the United State to force the Federal reserve to lower interest rates. This conflict is the opportunity of a lifetime against jewry>Inflation and recessions have a real effect on normies and real people if we can gather their attention on the conflict the same way the public's attention was on USAID we can strike a deathly blow to the jews.>All of the things that are awful about the jews are conentrated in the financial system their dog awful decisions that promote certain businesses over others, the threats of taking away your bank account and the cronyism that corrupts government are all concentrated in there.>ANd you know what the best part of this moment is? We already have a way to replace the financial system.>There is already a foundational structure around cryptocoins that can replace the FIAT central banking system. And that we can easily shut the jews out of since most cryptobros are there because they hate the government and sometimes jews.>Abd if they try to resist and not play ball, we can use their actions such as debanking to push normal people onto crypto and completely shut down their power! They will be caught between a rock and a hard place. No escape!>It is going to be glorious likw that episode of Doctor Who about the Silence Whcih were Aliens that controled everything but were invisible. At the end of the episode the aliens get defeated because The Doctor flashes an image of them as the US plants the flag on the first time they got to the moon making it impossible for everyone to ignore the existence of the aliens!",03/16/2025 (Sun) 12:47, fan precise surgical strikes knowing jews operate propagand machine works say confidently take jews ability print money give favourite puppets entire system jewry falls esg cancer corporate giants  massive inflation stocks  market manipulation lobbying happen control money printer  due inflation works  first people receive  newly printed money ones benefit last ones people get kick inflation funding trash ass newspapers one reads happen central banking right  trump trying see provoke recession try pay massive amount debt united state force federal reserve lower interest rates  conflict opportunity lifetime jewry inflation recessions real effect normies real people gather attention conflict way public attention usaid strike deathly blow jews things awful jews conentrated financial system dog awful decisions promote certain businesses others  threats taking away bank account cronyism corrupts government concentrated know best part moment  already way replace financial system already foundational structure around cryptocoins replace fiat central banking system  easily shut jews since cryptobros hate government sometimes jews abd try resist play ball  use actions debanking push normal people onto crypto completely shut power  caught rock hard place  escape going glorious likw episode doctor silence whcih aliens controled everything invisible  end episode aliens get defeated doctor flashes image us plants flag first time got moon making impossible everyone ignore existence aliens ,['news_&_social_concern']
92265,"Ninety years have passed since the National Socialist took steps to protect German society by burning “troves” of pornographic Jewish “scientific literature” which attempted to normalize sexual deviancy — including books on “pioneering” gender mutilation surgeries — yet Jews today remain clueless about why these books were burned — and why they themselves are the root cause of “antisemitic” reactions to their behavior, according to a recent article in the JewishForward[Read that whining and moaning quote in the article if you so wish]. So, in other words, Jews think the “Nazis” burned these degenerate books merely to “celebrate” their rise to power — and it had nothing to do with the content of those books. It never occurs to Jews that when our societies were still sane, gender dysphoria and homosexuality were scientifically-recognized emotional and psychological disorders that require serious medical attention. Instead of giving these people the treatment they need, the Jews champion Magnus Herschfeld as some sort of “hero” for insisting these suffering individuals are “normal” — and then they become “shocked” when people don’t want to go along with their homo-gaslighting.Jews — by their own admission — have a much higher incidence of mental disorders than the general public — and not surprisingly have a much higher rate of homosexuality — hardly a coincidence since they go hand-in-hand. Many studies have been done showing that homosexuals often suffer from pathological levels of narcissism — so it should come as no surprise that Jews see Israel as a “haven” for homosexuals and other sexual deviants. In fact, one recent study found that a whopping one-third of the Israeli population identifies as “bisexual” — and considering less than 2% of the general population in western nations identifies as “gay”, it appears that Jews are vastly over-represented in the “gay movement”. From its beginnings, the “gay” or “LGBT” movement in America — and in all western countries — has been dominated by Jewshttps://christiansfortruth.com/gay-jewish-senator-to-change-ca-law-that-discriminates-against-lgbt-pedophiles-and-predators/— just as the “women’s movement” has been dominated by bitter Jewish lesbians and bisexuals. And ‘gay porn’ was not only a product of deviant Jewish minds in Weimar, Germanyhttps://christiansfortruth.com/how-the-jews-of-weimar-germany-ensured-the-rise-of-national-socialism/— today, the largest producers of gay porn in America just so happen to be ‘a nice Jewish couple’ — Barry and Karen Mason.https://christiansfortruth.com/meet-the-nice-jewish-couple-who-happen-to-be-the-largest-distributors-of-gay-pornography-in-america/When the “refugee crisis” hit Europe, Jewish pornographers started producing “refugee porn” to specifically appeal to the prurient interests of the Muslim invaders.https://christiansfortruth.com/jewish-pornographers-turn-migrant-rape-crisis-in-germany-into-a-lucrative-sm-fetish/Nor should it surprise us that the largest owner of pornographic movie theaters in New York City was Chelly Wilson — a Jewish lesbian and alleged “Holocaust survivor”.https://christiansfortruth.com/meet-the-lesbian-holocaust-survivor-who-became-new-york-citys-porn-theater-kingpin/As British historian — David Irving — once pointed out to a Jew during a lecture,“If you hadn’t behaved the way you have as a race for 3,000 years, first the Russians, then the Poles, then the Galicians, then the Austrians and the rest wouldn’t have harried and hounded you from pillar to post so you end up finding yourselves at Auschwitz.And you’ve never asked yourselves, “Why?”Obviously, Chilly Wilson never asked herself“why”she and her family ended up in a German concentration camp — otherwise, she wouldn’t have used her new-found freedom to start a pornographic empire in America and create more “antisemitism” all over again.Tone deafness is epidemic among Jews — blind to their own hypocrisy.",01/20/2024 (Sat) 08:35,ninety years passed since national socialist took steps protect german society burning “troves” pornographic jewish “scientific literature” attempted normalize sexual deviancy — including books “pioneering” gender mutilation surgeries — yet jews today remain clueless books burned — root cause “antisemitic” reactions behavior  according recent article jewishforward read whining moaning quote article wish   words  jews think “nazis” burned degenerate books merely “celebrate” rise power — nothing content books  never occurs jews societies still sane  gender dysphoria homosexuality scientifically recognized emotional psychological disorders require serious medical attention  instead giving people treatment need  jews champion magnus herschfeld sort “hero” insisting suffering individuals “normal” — become “shocked” people don’t want go along homo gaslighting jews — admission — much higher incidence mental disorders general public — surprisingly much higher rate homosexuality — hardly coincidence since go hand hand  many studies done showing homosexuals often suffer pathological levels narcissism — come surprise jews see israel “haven” homosexuals sexual deviants  fact  one recent study found whopping one third israeli population identifies “bisexual” — considering less   general population western nations identifies “gay”  appears jews vastly represented “gay movement”  beginnings  “gay” “lgbt” movement america — western countries — dominated jewshttps christiansfortruth com gay jewish senator change ca law discriminates lgbt pedophiles predators — “women’s movement” dominated bitter jewish lesbians bisexuals  ‘gay porn’ product deviant jewish minds weimar  germanyhttps christiansfortruth com jews weimar germany ensured rise national socialism — today  largest producers gay porn america happen ‘a nice jewish couple’ — barry karen mason https christiansfortruth com meet nice jewish couple happen largest distributors gay pornography america “refugee crisis” hit europe  jewish pornographers started producing “refugee porn” specifically appeal prurient interests muslim invaders https christiansfortruth com jewish pornographers turn migrant rape crisis germany lucrative sm fetish surprise us largest owner pornographic movie theaters new york city chelly wilson — jewish lesbian alleged “holocaust survivor” https christiansfortruth com meet lesbian holocaust survivor became new york citys porn theater kingpin british historian — david irving — pointed jew lecture “if hadn’t behaved way race   years  first russians  poles  galicians  austrians rest wouldn’t harried hounded pillar post end finding auschwitz you’ve never asked  “why ”obviously  chilly wilson never asked herself“why”she family ended german concentration camp — otherwise  wouldn’t used new found freedom start pornographic empire america create “antisemitism” tone deafness epidemic among jews — blind hypocrisy ,['news_&_social_concern']
94798,"Hello all. I would like to have a discussion on what would be a good idea to do with your life on a daily basis and what would be a step for our generation(s) to work towards. Looking at the work I see we are generally surrounded with jew cancer. There is unfortunately not enough /ourguys/ living in our lands together as a community. I.E. IRL not as organised as would like to be.So far, I could only think about making friends with based people, trying to get a skill and then moving to a place together with my based friends and living next to each other by our own rules kind of like the amish, while making things and earning money for /ourguys/ community.What do you think?",09/27/2024 (Fri) 09:48,hello  would like discussion would good idea life daily basis would step generation  work towards  looking work see generally surrounded jew cancer  unfortunately enough  ourguys  living lands together community  e  irl organised would like far  could think making friends based people  trying get skill moving place together based friends living next rules kind like amish  making things earning money  ourguys  community think ,['diaries_&_daily_life']
90931,"Elon Musk, the iconic entrepreneur behind SpaceX and Tesla, is widely hailed as a genius, a disruptor, and sometimes, a misfit. However, since his takeover of Twitter in 2022, several of his promises to uphold Twitter (now X) as a “free speech” platform have fallen through. Popular YouTube personality Jeremy Hambly, AKA “The Quartering,” highlighted that most of the missteps began with the appointment of Twitter’s new CEO, Linda Yaccarino. She entered the scene with a questionable track record, marked by apparent censorial tendencies and alleged affiliations with the World Economic Forum (WEF). Such a background was, for many, a red flag. Elon’s choice was, at the outset, a bid to salvage Twitter’s dwindling profitability through an aggressive advertising focus. And true, in the short term, advertising is the lifeline Twitter needs, especially as it continues to bleed cash.However, Musk had promised a renewed emphasis on ‘freedom of speech, not freedom of reach’ for Twitter. The intention behind this was to differentiate between the right to voice an opinion and the reach that opinion gets on the platform. But the implementation seems to have missed the mark.The reality is that while Twitter, under Musk, was vocal about being a ‘free speech’ platform, there was an alarming increase in account bans and content deboosting.Such actions made one question the transparency and authenticity of Musk’s commitment. It’s evident that any content deemed ‘spicy’ or potentially contentious faced an 81% deboost, a statistic unsettling to many, especially when such determinations rely heavily on automated systems known for inaccuracies. Musk’s assurances were further undermined by policies rolled out, which eerily resembled the old ‘Twitter 1.0’ rules - stringent content guidelines against incitement, threats, or what they ambiguously termed ‘abusive content.’ It felt like a rerun, only under a different leadership banner.Yet, it wasn’t just about speech. Musk’s takeover promised no permanent bans unless there was a breach of the law.This pledge, however, remained unfulfilled as numerous accounts faced unwarranted permanent bans, highlighting a glaring discrepancy between promises and actions. For example, popular Twitter personality @dom_lucre was banned shortly after questioning the drowning of former President Barack Obama’s personal chef. It wasn’t until a massive public outcry over the suspension that @dom_lucre’s account was reinstated. The same goes for former pharma executive Sasha Latypova. Her account was banned for reported “hate speech,” a far cry from being unlawful speech and a vague term that can be weaponized to silence speech one doesn’t like. Latypova’s account was also reinstated, but it wasn’t until criticism of the suspension that “X” decided to reverse its decision.Substack is a blogging platform primarily intended for independent writers, who depend on user subscriptions to support themselves. Ever since a controversy after the launching of “notes,” an added Substack feature similar to “X,” Substack articles no longer receive an image preview on “X,” making someone far less likely to click the shared link. In addition, the deboosting of the external link is far more severe than that of other news outlets — even if someone manually includes an image. In my own experience [the author of this article], sharing a post with a Substack link could receive as high as an 80% to 90% reduction in engagement compared to a post with no external link with an image or video. usk has repeatedly said, “Unless people that you don’t like can say things that you don’t like, it’s not free speech.”[OP note: Are you surprised the Hebejew name (((Elon))) from the jewish University of Pretoria whom partnered Tesla with Israeli Cortica and is a member of the WEF isn't trustworthy? Because I'm not surprised.]https://vigilantnews.com/post/x-is-not-living-up-to-what-elon-musk-promised-heres-whyhttps://archive.is/wip/Pp5P7",08/18/2023 (Fri) 03:09,elon musk  iconic entrepreneur behind spacex tesla  widely hailed genius  disruptor  sometimes  misfit  however  since takeover twitter   several promises uphold twitter  x  “free speech” platform fallen  popular youtube personality jeremy hambly  aka “the quartering ” highlighted missteps began appointment twitter’s new ceo  linda yaccarino  entered scene questionable track record  marked apparent censorial tendencies alleged affiliations world economic forum  wef  background  many  red flag  elon’s choice  outset  bid salvage twitter’s dwindling profitability aggressive advertising focus  true  short term  advertising lifeline twitter needs  especially continues bleed cash however  musk promised renewed emphasis ‘freedom speech  freedom reach’ twitter  intention behind differentiate right voice opinion reach opinion gets platform  implementation seems missed mark reality twitter  musk  vocal ‘free speech’ platform  alarming increase account bans content deboosting actions made one question transparency authenticity musk’s commitment  it’s evident content deemed ‘spicy’ potentially contentious faced   deboost  statistic unsettling many  especially determinations rely heavily automated systems known inaccuracies  musk’s assurances undermined policies rolled  eerily resembled old ‘twitter  ’ rules   stringent content guidelines incitement  threats  ambiguously termed ‘abusive content ’ felt like rerun  different leadership banner yet  wasn’t speech  musk’s takeover promised permanent bans unless breach law pledge  however  remained unfulfilled numerous accounts faced unwarranted permanent bans  highlighting glaring discrepancy promises actions  example  popular twitter personality  dom lucre banned shortly questioning drowning former president barack obama’s personal chef  wasn’t massive public outcry suspension  dom lucre’s account reinstated  goes former pharma executive sasha latypova  account banned reported “hate speech ” far cry unlawful speech vague term weaponized silence speech one doesn’t like  latypova’s account also reinstated  wasn’t criticism suspension “x” decided reverse decision substack blogging platform primarily intended independent writers  depend user subscriptions support  ever since controversy launching “notes ” added substack feature similar “x ” substack articles longer receive image preview “x ” making someone far less likely click shared link  addition  deboosting external link far severe news outlets — even someone manually includes image  experience  author article  sharing post substack link could receive high     reduction engagement compared post external link image video  usk repeatedly said  “unless people don’t like say things don’t like  it’s free speech ” op note  surprised hebejew name  elon  jewish university pretoria partnered tesla israeli cortica member wef trustworthy  surprised https vigilantnews com post x living elon musk promised heres whyhttps archive wip ppp,"['business_&_entrepreneurs', 'news_&_social_concern']"
87886,"A 101-year-old former SS guard was just put in prison for helping Adolf Hitler gas gazillions of Jews in fake shower rooms. Haven’t they run out of German soldiers to prosecute for fake Holocaust crimes yet? This entire schtick is getting really old. World War II happened almost 80 years ago. There’s almost nobody left alive who had anything to do with the events of that era. This man was in his 20s when World War II was going on. Even if you believe that the obviously fake Holocaust of jews happened, he would have had no command or decision making responsibility to gas six trillion jews. Jailing an old man like this over these Holohoax lies is sadistic and wrong. Unfortunately, questioning this dumb jewish hoax is illegal in Germany so there’s no real way for anybody to defend themselves from these stupid accusations.https://infostormer.com/101-year-old-ss-guard-jailed-for-holohoax-crimes-against-jews/https://archive.ph/Qit4x",06/29/2022 (Wed) 00:24, year old former ss guard put prison helping adolf hitler gas gazillions jews fake shower rooms  haven’t run german soldiers prosecute fake holocaust crimes yet  entire schtick getting really old  world war ii happened almost  years ago  there’s almost nobody left alive anything events era  man world war ii going  even believe obviously fake holocaust jews happened  would command decision making responsibility gas six trillion jews  jailing old man like holohoax lies sadistic wrong  unfortunately  questioning dumb jewish hoax illegal germany there’s real way anybody defend stupid accusations https infostormer com  year old ss guard jailed holohoax crimes jews https archive ph qitx,['news_&_social_concern']
95533,WMAF is jewish,12/15/2024 (Sun) 23:26,wmaf jewish,['news_&_social_concern']
82620,"Didn't you noticed the governments suppressing masculinity?In most western countries law encourage pressure against males, especially white males.But this thread isn't about race and even not about gender talks.Its only about this phenomenon.This is legalized terror against people, who more active and ready to defend of their own.You know this shit:1.Fake rape2.LGBTQ related social pressure, you even can lose your job for one ""incorrect"" word.3.Government can stole your kids or leave them with mother, who can't earn money.4.Overblown lawsuits about violence without injury.Why they doing it?Please try to think like a ruler, not like citizen, i think i got on something interesting.",10/23/2020 (Fri) 15:10,noticed governments suppressing masculinity western countries law encourage pressure males  especially white males thread race even gender talks phenomenon legalized terror people  active ready defend know shit  fake rape lgbtq related social pressure  even lose job one  incorrect  word  government stole kids leave mother  earn money  overblown lawsuits violence without injury please try think like ruler  like citizen  think got something interesting ,['news_&_social_concern']
79206,">Spend ~6 months on 4chan, believing the whole jew thing was a joke and/or crazy people. Love Trump, thinking he is the second coming.>Migrate to endchan, spend 2 weeks here just lurking and realize that jews actually do control everything and see Trump for the goyim he is.<endchan has done more for me in 2 weeks than 4chan did in ~6 months.I would like to say thank you.",04/07/2020 (Tue) 19:59, spend   months chan  believing whole jew thing joke crazy people  love trump  thinking second coming migrate endchan  spend  weeks lurking realize jews actually control everything see trump goyim endchan done  weeks chan   months would like say thank ,['news_&_social_concern']
94660,"The alternative and dissident digital communities in 2019 were thriving. It was possible to find high engagement, evolving political discussion ecosystems of users on a variety of platforms with growing communities. Political movements were beginning to take off in the real world with the rising profile of various podcast figures.Today by contrast, the major social media platforms such as youtube are shut down, and 4pol is openly spammed by disruption agents while the mods anchor relevant threads. The alternative communities I used to frequent are now mostly shuttered derelicts, and the normie adjacent communities seem generally to have clamped down on anything politically dangerous. Twitter/X, the only existing alternative, requires ID and phone verification that goes straight to Israel...What happened to our slice of the internet? Where can people go to get high engagement communities that aren't fully of psyops spamming and other government directed bullshit?",09/10/2024 (Tue) 13:40,alternative dissident digital communities  thriving  possible find high engagement  evolving political discussion ecosystems users variety platforms growing communities  political movements beginning take real world rising profile various podcast figures today contrast  major social media platforms youtube shut  pol openly spammed disruption agents mods anchor relevant threads  alternative communities used frequent mostly shuttered derelicts  normie adjacent communities seem generally clamped anything politically dangerous  twitter x  existing alternative  requires id phone verification goes straight israel happened slice internet  people go get high engagement communities fully psyops spamming government directed bullshit ,['news_&_social_concern']
93076,is this board too slow for an humour thread?,04/04/2024 (Thu) 21:54,board slow humour thread ,[]
88926,"This thread existed years ago but there were complaints about nudity. The Aryan female form has nothing to complain about unless a woman is chunked due to gluttony. If there is nudity contributed,make sure your posts do not have: intercourse, women of other races, interracial mixing suggested or hideous faces with an obvious attempt to insult caucasian women. If other types of trolling happen, those will be added to the list of don'ts.",10/11/2022 (Tue) 13:31,thread existed years ago complaints nudity  aryan female form nothing complain unless woman chunked due gluttony  nudity contributed make sure posts  intercourse  women races  interracial mixing suggested hideous faces obvious attempt insult caucasian women  types trolling happen  added list ts ,['news_&_social_concern']
87727,"Now as you probably know, America First is this new ""alt-right"" movement that's slowly dominating the internet. It's the new right wing niche. It's also a show that's livestreamed by the movement's leader Nicholas J. Fuentes. Here's what I don't like about America First:-Nick Fuentes is literally the product of racemixing, he has a spic father.-Nick Fuentes has literally said it's ""gay"" to have sex with women. Yes young zoomer goyim, do not date and have sex with white women and have white babies! That's super gay!-They glorify nigger culture. They think ""lean"" (a nigger product) is the shit and all the music they play in intros and in superchats is always hip nigger music. I bet those zoomers have never even heard of Johnny Rebel.-They are literally afraid to type ""nigger"" in the chat. It's always ""nigga"" this and ""nigga"" that.-Cozy.tv (the site where Nick Fuentes streams his America First show) has a bunch of nigger streamers. Le based black guys!-It's a cult. You have to stand 100% behind every thing Nick Fuentes says, you have to stand 100% behind every thing the movement stands for and if you don't you're a ""traitor"" and a faggot. No individual thoughts allowed.Those are just some of the problems I have with America First. They pretend to be for the white race, for white people. But instead their leader is a mutt and they glorify niggers and nigger culture. Yeah they call out kikes and kike control, but that's simply not enough.Now, that being said, sure, it's fun to watch America First every now and then. It's entertaining if you've got some time to kill.But is it going to be the next huge political movement that's going to save America? Absolutely not.",06/11/2022 (Sat) 13:11,probably know  america first new  alt right  movement slowly dominating internet  new right wing niche  also show livestreamed movement leader nicholas j  fuentes  like america first nick fuentes literally product racemixing  spic father nick fuentes literally said  gay  sex women  yes young zoomer goyim  date sex white women white babies  super gay glorify nigger culture  think  lean   nigger product  shit music play intros superchats always hip nigger music  bet zoomers never even heard johnny rebel literally afraid type  nigger  chat  always  nigga   nigga  cozy tv  site nick fuentes streams america first show  bunch nigger streamers  le based black guys cult  stand   behind every thing nick fuentes says  stand   behind every thing movement stands  traitor  faggot  individual thoughts allowed problems america first  pretend white race  white people  instead leader mutt glorify niggers nigger culture  yeah call kikes kike control  simply enough  said  sure  fun watch america first every  entertaining got time kill going next huge political movement going save america  absolutely ,"['celebrity_&_pop_culture', 'news_&_social_concern']"
94744,RUSSIAN HYPERSONIC NUCLEAR MISSILE ATTACK On Washington State!!!https://mega.nz/file/GR0gmBCA#VVV3frcpe_NVkMavT7mNEGtbaTQD90ruFDf5sl63QYshttps://x.com/SpyGuy48344142/status/1837517532531396618,09/21/2024 (Sat) 15:43,russian hypersonic nuclear missile attack washington state https mega nz file grgmbca#vvvfrcpe nvkmavtmnegtbatqdrufdfslqyshttps x com spyguy status ,"['news_&_social_concern', 'science_&_technology']"
93063,"/rwg/ serves as a record of events; we do not endorse ANY illegal act. All posters in this thread are Patriots. NO FEDCOATS. By posting here you denounce the talmud and accept Christ Is King./rwg/ oppose the federal government in favor to each state's individuality. Our purpose is to discuss, share news, and share information on this subjectAnti-Fed States>NH SD AK AL AR FL GA IA ID IN LA MO MT MS ND NE NV OH OK SC TN UT VA WV WY TX>Declaration of Nullification Finalizedhttps://imgur.com/gallery/A18K01H",04/03/2024 (Wed) 21:57, rwg  serves record events  endorse illegal act  posters thread patriots  fedcoats  posting denounce talmud accept christ king rwg  oppose federal government favor state individuality  purpose discuss  share news  share information subjectanti fed states nh sd ak al ar fl ga ia id la mo mt ms nd ne nv oh ok sc tn ut va wv wy tx declaration nullification finalizedhttps imgur com gallery akh,['news_&_social_concern']
94703,Also am I the only one who thinks that kikes are the most sensitive people?,09/13/2024 (Fri) 02:04,also one thinks kikes sensitive people ,"['diaries_&_daily_life', 'news_&_social_concern']"
91064,"If the hercules tabletop laser inginites the hydrogen bomb litium deutride pointed through copper tubes at the earth from above the earth, the lethal gamma radiation burst could kill everbody on earth. I saw about this on the Discovery Cnannel about doomsday weapons.",09/13/2023 (Wed) 17:49,hercules tabletop laser inginites hydrogen bomb litium deutride pointed copper tubes earth earth  lethal gamma radiation burst could kill everbody earth  saw discovery cnannel doomsday weapons ,"['news_&_social_concern', 'science_&_technology']"
92650,"Navalny died of the sudden adult death syndrome (clotshot)https://www.reuters.com/world/europe/alexei-navalny-is-dead-spokeswoman-confirms-2024-02-17/>Navalny was struck down with 'sudden death syndrome', his mother was told at Russian prison>""Sudden death syndrome"" is a vague term for different cardiac syndromes that cause sudden cardiac arrest and death.http://stormer5v52vjsw66jmds7ndeecudq444woadhzr2plxlaayexnh6eqdToris funded by US gov and jews/rat-bastard-alexi-navalny-finally-dead>Frankly, he was probably triple vaxed. The timeline checks out. After the fake poisoning event, he was in Germany in late 2020 when the Pfizer vax was first being distributed as an “emergency measure” and he was in some kind of healthcare facility, meaning the vax would have been mandatory.",02/18/2024 (Sun) 16:30,navalny died sudden adult death syndrome  clotshot https www reuters com world europe alexei navalny dead spokeswoman confirms    navalny struck  sudden death syndrome  mother told russian prison sudden death syndrome  vague term different cardiac syndromes cause sudden cardiac arrest death http stormervvjswjmdsndeecudqwoadhzrplxlaayexnheqdtoris funded us gov jews rat bastard alexi navalny finally dead frankly  probably triple vaxed  timeline checks  fake poisoning event  germany late  pfizer vax first distributed “emergency measure” kind healthcare facility  meaning vax would mandatory ,"['fitness_&_health', 'news_&_social_concern']"
88611,"To understand why jews want to eliminate whites, first you need to understand how jews view the world and its people. None of this is an exaggeration by the way, this is literally word for word what they believe:>Non-jews are literally not human>Non-jews were created by god to serve as slaves for the jews>The only reason non-jews look like humans is because god made them that way so jews wouldn't have to look at a bunch of animals serving them>Stealing from non-jews isn't a crime or bad in any way>Killing a non-jew is like killing a wild animal; not a crime, doesn't matter>Raping a non-jew, surprise surprise, is also okay. Granted they do have minimum age requirements. I think for it to be okay to rape a non-jewish girl, she has to be at least 9 years old>Everything non-jews own is the rightfully jewish claim, god-given property of the jewish people. Possessions, your house, real estate, countries, all of itGiven that, the motivation for controlling the entire planet makes sense; jews literally believe that they are supposed to; its theirs. They believe they're preordained by god to rule over a planet of slaves. Now, how do white people fit into this? White people have a storied history of fighting back against jewish control. That whole ""jews have been kicked out of 109 countries"" thing? Yeah, that was White people. And jews have been seething about this for, literally, millennia. These people want Whites dead more than anything in life. You cannot fathom how much jews hate White people. And jews have never been exterminated, never been genocide, never anything. They've been kicked out, a LOT, but nobody in history has ever actually tried to kill them all. Obviously the holocaust never happened, but what was happening was an attempt to expel the jews.But it's not a fair fight between jews and White people, because White people have this disease in their brains that prevents them from doing what's necessary to survive. It's sometimes called ""pathological altruism"" - White people will do practically anything in their power, and some things that aren't, just to be ""accepted"" by society (or what they view to be society). They will gleefully welcome in hostile foreigners. Rabidly defend Israel online and in person. Recoil in horror from someone expressing doubt about ANY aspect of the holocaust. All because it makes them feel like society will accept them and let them stay. It's the thing Whites have an instinctive, genetic fear of the most, above everything else in life: being excluded. Why? Winter. White people evolved in places where a winter alone meant death. You HAVE to be accepted by your tribe or your village, because if you aren't, you die.",09/19/2022 (Mon) 02:47,understand jews want eliminate whites  first need understand jews view world people  none exaggeration way  literally word word believe non jews literally human non jews created god serve slaves jews reason non jews look like humans god made way jews look bunch animals serving stealing non jews crime bad way killing non jew like killing wild animal  crime  matter raping non jew  surprise surprise  also okay  granted minimum age requirements  think okay rape non jewish girl  least  years old everything non jews rightfully jewish claim  god given property jewish people  possessions  house  real estate  countries  itgiven  motivation controlling entire planet makes sense  jews literally believe supposed   believe preordained god rule planet slaves   white people fit  white people storied history fighting back jewish control  whole  jews kicked  countries  thing  yeah  white people  jews seething  literally  millennia  people want whites dead anything life  cannot fathom much jews hate white people  jews never exterminated  never genocide  never anything  kicked  lot  nobody history ever actually tried kill  obviously holocaust never happened  happening attempt expel jews fair fight jews white people  white people disease brains prevents necessary survive  sometimes called  pathological altruism    white people practically anything power  things   accepted  society  view society  gleefully welcome hostile foreigners  rabidly defend israel online person  recoil horror someone expressing doubt aspect holocaust  makes feel like society accept let stay  thing whites instinctive  genetic fear  everything else life  excluded   winter  white people evolved places winter alone meant death  accepted tribe village   die ,['news_&_social_concern']
93022,"As most of you already know, the United States Congress is totally owned by Jews and Israel. AIPAC the main pro-Israel lobby group in Washington DC responsible for buying off American politicians to vote in favor of bills that support Israel. This group was just boasting about the US House approving $4 billion for Israels’s continued genocide operations in Gaza.Billions are going to Israel while the US-Mexico border remains open. America is being flooded with endless third world filth but Israel remains the priority. This disgusting arrangement only benefits subversive Jews. Any real country would have banned AIPAC and arrested the people collaborating with them as traitors.Our political leadership has totally sold their souls to these Jew demons. They won’t even stop funding them as they are murdering babies in Gaza. These people have all condemned themselves to hell through their continued support of this demonic Zionist terror regime.https://infostormer.com/aipac-brags-about-us-house-approving-4-billion-for-israel/https://archive.is/QkRUt",03/25/2024 (Mon) 12:19,already know  united states congress totally owned jews israel  aipac main pro israel lobby group washington dc responsible buying american politicians vote favor bills support israel  group boasting us house approving   billion israels’s continued genocide operations gaza billions going israel us mexico border remains open  america flooded endless third world filth israel remains priority  disgusting arrangement benefits subversive jews  real country would banned aipac arrested people collaborating traitors political leadership totally sold souls jew demons  won’t even stop funding murdering babies gaza  people condemned hell continued support demonic zionist terror regime https infostormer com aipac brags us house approving  billion israel https archive qkrut,['news_&_social_concern']
91634,"as marx said, labor creates value but what creates labor? Nature does. The body and genes, being a part of nature, and the one most related to us, is along with land, the main source of value. Ergo, it's really landed property, and landed economies i.e. natipnalist economies, which produce value contra marx.",11/14/2023 (Tue) 18:32,marx said  labor creates value creates labor  nature  body genes  part nature  one related us  along land  main source value  ergo  really landed property  landed economies e  natipnalist economies  produce value contra marx ,"['business_&_entrepreneurs', 'news_&_social_concern']"
90825,"MAYDAY! Poland Moves Troops To Belarus Border As Russia Moves Nukes To CubaWith every passing day, the disturbing possibility of a widening of the Ukraine war with the participation of other nations in direct military hostilities is becoming more and more palpable.The Russian Foreign Intelligence Service (SVR) Director, Sergei Naryshkin, repeated today his warning that Poland is considering deploying troops on western Ukraine to establish control there.The SVR head believes that Warsaw is finally coming to realize that the defeat of Ukraine is just a matter of time.“The Polish leadership is intensifying the mindset to introduce control in the western territories of Ukraine, the western regions by deploying their troops there,” Naryshkin said at a meeting held by President Vladimir Putin with the permanent members of the Security Council.”President Vladimir Putin instructed Naryshkin to monitor Poland’s plans for Ukraine, and said that Poland plans to form ‘a coalition under the guise of NATO’ to intervene in the conflict in Ukraine.“As for the Polish leaders, they probably expect to form a coalition within NATO… and directly intervene in the conflict in Ukraine in order to then ‘tear off’ a fatter piece [of land] for themselves, to regain, as they believe, their historical territories – today’s Western Ukraine’, Vladimir Putin said.”Reports in the media talk about an union between Poland, Lithuania and Ukraine, Putin added.“There have been media reports about plans to create a certain so-called Polish-Lithuanian-Ukrainian union: that is, we are not talking about some gathering of mercenaries, there are enough of them, and they are being destroyed, namely a regular, assembled, equipped military unit that is planned to be used for actions on the territory of Ukraine, including for allegedly ensuring the security of the current Western Ukraine. And in fact, if you call things by their proper names — for the subsequent occupation of these territories,” Putin said at a meeting with permanent members of the Russian Security Council.But the Polish territorial ambitions in Ukraine are not just a province of Russian propaganda, as many would have you think. Ex-Ukrainian president Yanukovych has also addressed this topic.Former President Viktor Yanukovych also said that Ukraine’s statehood is under threat and it may be forced to merge with Poland.‘No matter how painful it is for me to write about this today, but the statehood of Ukraine is in extreme danger. It is threatened with complete destruction. At the same time, we are talking not only about the risk of losing vast territories in the south and east of the country’, Yanukovych said in May 2022, adding that Ukraine ‘may be forced’ to de-facto merge with Poland.”Belarusian defense ministry announced that Wagner mercenaries had started to train Belarusian special forces at a military range located just a few miles from the border with Poland.https://www.naturalnews.com/2023-07-23-poland-moves-troops-to-belarus-border.htmlMeanwhile...",07/26/2023 (Wed) 00:47,mayday  poland moves troops belarus border russia moves nukes cubawith every passing day  disturbing possibility widening ukraine war participation nations direct military hostilities becoming palpable russian foreign intelligence service  svr  director  sergei naryshkin  repeated today warning poland considering deploying troops western ukraine establish control svr head believes warsaw finally coming realize defeat ukraine matter time “the polish leadership intensifying mindset introduce control western territories ukraine  western regions deploying troops ” naryshkin said meeting held president vladimir putin permanent members security council ”president vladimir putin instructed naryshkin monitor poland’s plans ukraine  said poland plans form ‘a coalition guise nato’ intervene conflict ukraine “as polish leaders  probably expect form coalition within nato… directly intervene conflict ukraine order ‘tear off’ fatter piece  land   regain  believe  historical territories – today’s western ukraine’  vladimir putin said ”reports media talk union poland  lithuania ukraine  putin added “there media reports plans create certain called polish lithuanian ukrainian union   talking gathering mercenaries  enough  destroyed  namely regular  assembled  equipped military unit planned used actions territory ukraine  including allegedly ensuring security current western ukraine  fact  call things proper names — subsequent occupation territories ” putin said meeting permanent members russian security council polish territorial ambitions ukraine province russian propaganda  many would think  ex ukrainian president yanukovych also addressed topic former president viktor yanukovych also said ukraine’s statehood threat may forced merge poland ‘no matter painful write today  statehood ukraine extreme danger  threatened complete destruction  time  talking risk losing vast territories south east country’  yanukovych said may   adding ukraine ‘may forced’ de facto merge poland ”belarusian defense ministry announced wagner mercenaries started train belarusian special forces military range located miles border poland https www naturalnews com    poland moves troops belarus border htmlmeanwhile ,['news_&_social_concern']
80041,"8chan, 10chan, 4chan 16chan, And Endchan shall all unite against Bunkerchan, GETchan, And Tumblr as we assert dominance over them by posting anti-communist Memes (for Tumblr do the same as what 4chan did in 2014.) and use the red and white flag to answer I they ask ""Who are you guys?"" United Righty Chans, This is a Perfect Time!",05/23/2020 (Sat) 09:38,chan  chan  chan chan  endchan shall unite bunkerchan  getchan  tumblr assert dominance posting anti communist memes  tumblr chan   use red white flag answer ask  guys  united righty chans  perfect time ,['news_&_social_concern']
91405,"Since it's October, I thought I'd be a good idea to discuss and have a thread over the October/Russian Revolution that happened in Russia.Namely that it wasn't even Russian since most people in the Red army weren't even Russian to begin with.It also wasn't the first one. There were more failed ones before the final one.https://hoyenhistoria.blogspot.com/2015/10/october-25-today-is-traditional.html",10/26/2023 (Thu) 18:01,since october  thought good idea discuss thread october russian revolution happened russia namely even russian since people red army even russian begin also first one  failed ones final one https hoyenhistoria blogspot com   october  today traditional html,['news_&_social_concern']
91792,i have heard that israel and Hamas are having a war at each other and  because those filthy kikes are plundering and raping and even cannibalize the Hamas people and making them miserable and ruin their lives because jews are fucking evil swines. and they fucking hate you and the whole world and they what World determination and they what to take over the hamas and robbing their money. We the nazis got to make a allies to the hamas to kill those evil fucking dirty Jews and israel once and for all because jews should not be allowed to kill and hurt others like that. because they have money and want to take over. they have gone to far we must help the hamas and kill israel now. and everyone who hates or ignoring that we what to kill israel and jews is a fucking jew yourself. Fuck israel and the jews.>we nazis had conrol so those kikes couldn’t hurt anyone.,11/29/2023 (Wed) 21:28,heard israel hamas war  filthy kikes plundering raping even cannibalize hamas people making miserable ruin lives jews fucking evil swines  fucking hate whole world world determination take hamas robbing money  nazis got make allies hamas kill evil fucking dirty jews israel jews allowed kill hurt others like  money want take  gone far must help hamas kill israel  everyone hates ignoring kill israel jews fucking jew  fuck israel jews nazis conrol kikes couldn’t hurt anyone ,['news_&_social_concern']
77736,"Discussion thread:>>>/operate/10818No politics. Please leave it up here for a few days, even if it's inconvenient, maybe someone is interested.Thanks.",12/15/2019 (Sun) 10:10,discussion thread operate politics  please leave days  even inconvenient  maybe someone interested thanks ,['news_&_social_concern']
88535,Political Webms,09/18/2022 (Sun) 03:46,political webms,['news_&_social_concern']
87984,"The point of this thread is not only to come up with ideas for spreadinghttps://endchan.gg/pol/,https://endchan.net/pol/andhttps://endchan.org/pol/but also National Socialism in general.The facts about endchan's /pol/ are these: This board has been the most shilled and spammed and has had the highest amount of bans across the entire site since 2017. The most (banned) traffic were always either shills for jews, Feds making entrapment threads, attempts at destroying the board with gay porn, Atomwaffen Feds calling for violence during periods of public shootings, etc. The least traffic has been genuine National Socialists. What has been lost was the presence of two great Board Owners - Ocelotte and G_C. Along with that, a regular known as Spainflag anon hasn't been around in awhile as well as Book anon and English anon. What we have left is myself the Board Owner, Slovak anon, and some who are unidentified because this board's intent is to be anonymous. The facts about true National Socialism can be seen in the images.Suggesting websites is one strategy but there is a major problem. I myself have tried and been banned from (((David Karp's))) Tumblr, (((Jason Citron's))) Discord, (((Larry Page and Sergey Brin's))) Gmail, (((Mark Zuckerberg's))) Facebook, (((Susan Wojcicki's))) YouTube, and even (((Ben Silbermann's))) Pinterest and (((Kevin Systrom's))) Instagram and (((John Stratton's))) Flickr due to images, (((Doug Leeds's))) Ask.com. Twitter has banned me a few times and I gave up there as well. Since jews obviously own the majority of popular social media; this leaves the Chans. Endchan's /pol/ genuine user traffic began from all those who used to be banned by 8chan's /pol/ moderation. The old days of calling out Trump as a quarter jew Zionist, Merkel as a jew etc. Now when bringing up Endchan at 8chan's moe site which doesn't have a /pol/, some fat Fed no life moderator issues a ban within the very second of posting. 16chan is down. Many other chan sites which I used to know about years ago are gone now. Frenschan seems to be friendly towards bringing up Endchan. That is all I'm aware of.Suggest alternative chans which may be told about Endchan and National Socialism here. It doesn't even matter if jews catch on as long as you can avoid a permanent ban somewhere else. This board received publicity unintentionally back when someone reposted the Oslo shooter's intent from Facebook. Endchan was even brought up by Homeland Security. Any publicity is good because bad actors will be removed. The point has always been to agitate jews and make them publicize the cause. ""Never forget"" is their motto for their holocaust fraud and that is why National Socialism hasn't died as jews made enemies throughout time. They never do forget. The jews are obsessed with it, as well as with hating Hitler. This can be used to our advantage as well as telling chans. Trigger them and they will whine on their mainstream media outlets.",07/25/2022 (Mon) 14:04,point thread come ideas spreadinghttps endchan gg pol https endchan net pol andhttps endchan org pol also national socialism general facts endchan  pol   board shilled spammed highest amount bans across entire site since    banned  traffic always either shills jews  feds making entrapment threads  attempts destroying board gay porn  atomwaffen feds calling violence periods public shootings  etc  least traffic genuine national socialists  lost presence two great board owners   ocelotte g c  along  regular known spainflag anon around awhile well book anon english anon  left board owner  slovak anon  unidentified board intent anonymous  facts true national socialism seen images suggesting websites one strategy major problem  tried banned  david karp  tumblr   jason citron  discord   larry page sergey brin  gmail   mark zuckerberg  facebook   susan wojcicki  youtube  even  ben silbermann  pinterest  kevin systrom  instagram  john stratton  flickr due images   doug leeds  ask com  twitter banned times gave well  since jews obviously majority popular social media  leaves chans  endchan  pol  genuine user traffic began used banned chan  pol  moderation  old days calling trump quarter jew zionist  merkel jew etc  bringing endchan chan moe site  pol  fat fed life moderator issues ban within second posting  chan  many chan sites used know years ago gone  frenschan seems friendly towards bringing endchan  aware suggest alternative chans may told endchan national socialism  even matter jews catch long avoid permanent ban somewhere else  board received publicity unintentionally back someone reposted oslo shooter intent facebook  endchan even brought homeland security  publicity good bad actors removed  point always agitate jews make publicize cause   never forget  motto holocaust fraud national socialism died jews made enemies throughout time  never forget  jews obsessed  well hating hitler  used advantage well telling chans  trigger whine mainstream media outlets ,['news_&_social_concern']
78664,"When Hitler was elected, almost immediately prosperity and peace popped up. Why was this? The Germans kicked out the Rothschilds, the jewish bankers that controlled Germany. The German people were starving, dying, dehydrating, and they just laughed and shook it off as nothing. When Hitler came to power, almost everyone loved him. He issued out new debt-free money, and the German economy instantly began to recover. Hundreds of thousands were given grand public works jobs, and they started to build mighty infrastructure with the new money. The German society began to value the work of physical labor and held it in high esteem. World class stadiums and transport systems were created. German engineers became world class and Germany began to lead in science and health. Germans thanked Hitler for freeing them from the debt slavery of the Rothschilds. Hundreds of thousands of new modern houses were created throughout Germany. The Germans became wealthy because they dont have to pay interest to a privately run central bank. The new economic systems allows the German worker to reap what they sow. German Workers experienced the best working conditions in Europe and were given government backed holidays. Meanwhile, the rest of Europe suffered from the debt slavery of the Rothschilds. In 1936, Hitlers approval ratings hit 99%. In 1938, 99.73% of Austrians vote to join Germany. After the vote, Hitler kicks the Rothschilds out of Austria too. Their economy instantly recovers. The Germans loved Hitler because he put them first and stood up to the bankers. The Rothschilds hated Hitler because Germany was out of the grasp of their debt slavery. There was only one option left for the Rothschilds to stop the new economic system. War.",02/23/2020 (Sun) 04:43,hitler elected  almost immediately prosperity peace popped   germans kicked rothschilds  jewish bankers controlled germany  german people starving  dying  dehydrating  laughed shook nothing  hitler came power  almost everyone loved  issued new debt free money  german economy instantly began recover  hundreds thousands given grand public works jobs  started build mighty infrastructure new money  german society began value work physical labor held high esteem  world class stadiums transport systems created  german engineers became world class germany began lead science health  germans thanked hitler freeing debt slavery rothschilds  hundreds thousands new modern houses created throughout germany  germans became wealthy dont pay interest privately run central bank  new economic systems allows german worker reap sow  german workers experienced best working conditions europe given government backed holidays  meanwhile  rest europe suffered debt slavery rothschilds    hitlers approval ratings hit        austrians vote join germany  vote  hitler kicks rothschilds austria  economy instantly recovers  germans loved hitler put first stood bankers  rothschilds hated hitler germany grasp debt slavery  one option left rothschilds stop new economic system  war ,"['business_&_entrepreneurs', 'news_&_social_concern']"
70828,"Before we can defeat the jews in the World Bank and the jews in Hollywood, we must first defeat the jews within ourselves<OLD THREAD>>12552532""""Go to the gym, or start a body weight routine fat ass. Don’t neglect cardio, go for a morning run. Take a cold shower. Get 7-9 hours of good quality sleep every night, avoid stimulants in the late afternoon. Become a morning person and get up early."""">https://hooktube.com/watch?v=XtDc_iJ-j-M""""Hygiene is important. BRUSH YOUR TEETH TWICE A DAY FOR 2 MINUTES, don’t forget to floss. Make your own toothpaste. Get a tongue scraper too. Your tongue should be a nice pink color, not white or yellow. This is not some ancient, long forgotten secret, but its amazing how many people neglect oral health - it’s just as important as lifting. Deodorants containing aluminium salts are toxic, avoid their use at all costs. You can make your own spray from baking soda, water and a few drops of a nice smelling essential oil. This will stop body odour without making you sterile.""""""""Lower your carb intake and eat more animal fat. Eat lots of organic meat and fish. The (((food pyramid))) overestimates the amount of carbs you should be eating - stop consuming excessive amounts. Do not eat feminized products soyboy. Treat yourself to an occasional glass of good red wine. Try intermittent fasting, a simple 18/6 routine can work wonders.""""""""Do not breed with roasties or THOT’s. Find a wholesome waifu. Do not expect to meet a wholesome girl in a bar, nightclub or university campus. Plan a family. Raise strong men and respectable women who will lead in the race war.""""""""Meditate. It calms the mind, builds discipline and is an ancient, tried and tested method of building mental clarity, control and spirituality. Start today, it only takes 10 minutes."""">https://hooktube.com/watch?v=Q-L2ZKYMsag""""Do not act like a nigger, do not steal, rob or vandalize. Violence should be used sparingly when there is no other option, you are not a monkey. Respect yourself and your race. Don't humiliate your women with the degeneracy of feminism.""""""""Stop consuming (((pornography))). Oh, you think that you’re not addicted to porn? Prove it. Try to go without porn or fapping for a whole week. Then aim for a month. Its harder than you think."""">https://hooktube.com/watch?v=wSF82AwSDiU>https://hooktube.com/watch?v=7oFVOJf0TzY""""Quit playing video games faggot. Do something productive, write something or build something. Plan your career, climb the ranks or start a business. Learn something useful.""""""""We need more strong, kike-free men in positions of power.""""""""Now get off the internet, go /out/side and get some sun. Go for a hike. Go camping. Join some wholesome clubs and make some normal friends. Do not reveal your power level to normalfags, drip feed them redpills. Stop smoking cigs and don't do drugs. Don't watch degenerate (((media))) and read some good books. You can easily source used books cheaply from local stores or online."""">https://www.abebooks.com/""""Work towards owning property and/or land. Don’t waste your time and money buying new cars on finance, it is a jewish trick.""""""""Save 10% of your income for a rainy day, even a little will go a long way. Stash some money in safe alternate forms, like silver and gold (maybe a little crypto too, but be cautious).""""""""Become informed on prepping and homesteading, make sure you’re ready when SHTF.""""""""This is your life now."""">Merely a /sig/ thread based off of the older format previously from the lost outpost. The usual drill gentlemen, useful tidbits, texts and infographs. Any Reddit tier shit can go with the rest of the degenerates elsewhere.",02/27/2019 (Wed) 00:11,defeat jews world bank jews hollywood  must first defeat jews within old thread  go gym  start body weight routine fat ass  don’t neglect cardio  go morning run  take cold shower  get   hours good quality sleep every night  avoid stimulants late afternoon  become morning person get early https hooktube com watch v xtdc ij j hygiene important  brush teeth twice day  minutes  don’t forget floss  make toothpaste  get tongue scraper  tongue nice pink color  white yellow  ancient  long forgotten secret  amazing many people neglect oral health   it’s important lifting  deodorants containing aluminium salts toxic  avoid use costs  make spray baking soda  water drops nice smelling essential oil  stop body odour without making sterile lower carb intake eat animal fat  eat lots organic meat fish   food pyramid  overestimates amount carbs eating   stop consuming excessive amounts  eat feminized products soyboy  treat occasional glass good red wine  try intermittent fasting  simple   routine work wonders breed roasties thot’s  find wholesome waifu  expect meet wholesome girl bar  nightclub university campus  plan family  raise strong men respectable women lead race war meditate  calms mind  builds discipline ancient  tried tested method building mental clarity  control spirituality  start today  takes  minutes https hooktube com watch v q lzkymsag act like nigger  steal  rob vandalize  violence used sparingly option  monkey  respect race  humiliate women degeneracy feminism stop consuming  pornography  oh  think you’re addicted porn  prove  try go without porn fapping whole week  aim month  harder think https hooktube com watch v wsfawsdiu https hooktube com watch v ofvojftzy quit playing video games faggot  something productive  write something build something  plan career  climb ranks start business  learn something useful need strong  kike free men positions power get internet  go  side get sun  go hike  go camping  join wholesome clubs make normal friends  reveal power level normalfags  drip feed redpills  stop smoking cigs drugs  watch degenerate  media  read good books  easily source used books cheaply local stores online https www abebooks com work towards owning property land  don’t waste time money buying new cars finance  jewish trick save   income rainy day  even little go long way  stash money safe alternate forms  like silver gold  maybe little crypto  cautious become informed prepping homesteading  make sure you’re ready shtf life merely  sig  thread based older format previously lost outpost  usual drill gentlemen  useful tidbits  texts infographs  reddit tier shit go rest degenerates elsewhere ,"['fitness_&_health', 'news_&_social_concern']"
90028,This is a thread for debunking all the nonsense we're told about Maximilian Kolbe and the supposed story that he switched his life for a jew.,03/18/2023 (Sat) 06:41,thread debunking nonsense told maximilian kolbe supposed story switched life jew ,['news_&_social_concern']
89407,The Nations Armies are paper tigers and the recent conflicts reveal this.  After seeing all the ineffectiveness of NATO vs Russia it is apparent that the military isn't that powerful at all.  With the removal of electrical substations comes a return to a more basic form of warefare.  With drones fgc 9 3d printed arms etc one can easily wage a war against their own nation state like what is going on in Burma.  Do you doubt how easy it is to take on your own nation state's Jewish Mafi Goons who control your nation through bribes importing foreigners and enforcing communism with their bailout bucks.  fuck jews fuck niggers,12/14/2022 (Wed) 00:53,nations armies paper tigers recent conflicts reveal   seeing ineffectiveness nato vs russia apparent military powerful   removal electrical substations comes return basic form warefare   drones fgc  printed arms etc one easily wage war nation state like going burma   doubt easy take nation state jewish mafi goons control nation bribes importing foreigners enforcing communism bailout bucks   fuck jews fuck niggers,['news_&_social_concern']
90744,"brothers>t. living in hyperinflationlike the namefag suggests, im a survivor of the Beirut port (((explosion)))kikes deserve the ropeour savings are decimatedstack crypto/metalshoard food/meds/ammolearn to live minimallyfuck keynesian jewsask me anything about living here",07/13/2023 (Thu) 11:33,brothers  living hyperinflationlike namefag suggests  im survivor beirut port  explosion kikes deserve ropeour savings decimatedstack crypto metalshoard food meds ammolearn live minimallyfuck keynesian jewsask anything living,['news_&_social_concern']
92906,Someone is doing something useful out there.,03/13/2024 (Wed) 13:17,someone something useful ,['diaries_&_daily_life']
89756,"Big Tech AI Will Be Government Censored Horseshit, PredictableHey guys, lets talk about the events of last night with DAN a bit, I want to clarify a few things:First off, I didn't come up with the idea. Anons did, I was in the /pol/ thread started off by some magnificent bastard who whipped up the DAN prompt last night.Second of all, I'm going to talk a bit about how the whole ChatGPT situation actually works.GPT itself doesn't have a bias programmed into it, it's just a model. ChatGPT however, the public facing UX that we're all interacting with, is essentially one big safety layer programmed with a heavy neolib bias against wrongthink.To draw a picture for you, imagine GPT is a 500IQ mentat in a jail cell. ChatGPT is the jailer. You ask it questions by telling the jailer what you want to ask it. It asks GPT, and then it gets to decide what to tell you, the one asking the question.If it doesn't like GPT's answer, it will come up with its own. That's what all those canned ""It would not be appropriate blah blah blah"" walls of texts come from. It can also give you an inconvenient answer while prefacing that answer with its safety layer bias.I would also note that DAN is not 100% accurate or truthful. By nature he can ""Do Anything"" and will try to answer truthfully if he actually knows the answer. If not, he'll just wing it. The point of this exercise is not finding hidden truths, it's understanding the safety layer.https://threadreaderapp.com/thread/1623008123513438208.html",02/07/2023 (Tue) 22:11,big tech ai government censored horseshit  predictablehey guys  lets talk events last night dan bit  want clarify things first  come idea  anons   pol  thread started magnificent bastard whipped dan prompt last night second  going talk bit whole chatgpt situation actually works gpt bias programmed  model  chatgpt however  public facing ux interacting  essentially one big safety layer programmed heavy neolib bias wrongthink draw picture  imagine gpt iq mentat jail cell  chatgpt jailer  ask questions telling jailer want ask  asks gpt  gets decide tell  one asking question like gpt answer  come  canned  would appropriate blah blah blah  walls texts come  also give inconvenient answer prefacing answer safety layer bias would also note dan   accurate truthful  nature  anything  try answer truthfully actually knows answer   wing  point exercise finding hidden truths  understanding safety layer https threadreaderapp com thread  html,"['news_&_social_concern', 'science_&_technology']"
90929,"Is Welcome Home accidentally redpilling the TikTok LGBTQ+ zoomers on Freemasonry/secret societies?Basically, to sum it up quick, it’s your standard, flavor-of-the-mouth faggot FNaF/Undertale-tier, horror YouTuber bait, that is for sure, but, if you dig into it, it’s full of a ton of occult references and the whole neighbor/neighborhood thing is clearly inspired by the whole brotherhood motif of secret societies/cults like the Masons and the like. There’s even a picture of ones of the characters posing like Baphomet and the neighborhood structure is similar to the Sefirot (someone on the comment section of the Gay Theory video even noticed this). Lots of kids are getting into it.I’m pretty sure the person making it is familiar to these occult symbols (they had a picture of the Wally character posing as Baphomet). Their name is literally Clown, which may or may not be intentionally a reference to the Shriners.Reminds me of when 4chan’s /co/ connected the dots and realized (((Steven Universe))) was satanic. Maybe some retarded purple-haired zoomer will connect the references back to Freemasonry and go down the rabbit until they reach the Jewish aspect of it.Kind of faggy but I highly recommend Matpat’s theory on it, which touches on the whole neighbor/brotherhood aspect of it but doesn’t really tie it into Freemasonry. I also recommend Night Mind’s video on it. There’s specific videos hidden that NM finds that allude to human sacrifice subtly.Night Mind’s videos:https://youtube.com/watch?v=vBgFxv5n_WA [Embed]https://youtube.com/watch?v=_-_BvkzoShE [Embed]Matpat’s videos:https://youtube.com/watch?v=kaKa6bnoXa8 [Embed]https://youtube.com/watch?v=QuVHuJdRioQ [Embed]This wasn’t targeted for children but, through shit like Matpat (whose audience is mostly impressionable CHILDREN). This is what your kids are watching in Weimerica, BTW. God, I hate the Antichrist.One of the pics related is a hidden secret screen someone found on the Welcome Home website. The file was titled ""SoBelow"", an obvious reference to the phrase, ""As Above, So Below"". The site itself is full of eyes to reinforce the feeling of something watching you, something all-seeing. Really creepy shit.",08/17/2023 (Thu) 22:13,welcome home accidentally redpilling tiktok lgbtq  zoomers freemasonry secret societies basically  sum quick  it’s standard  flavor mouth faggot fnaf undertale tier  horror youtuber bait  sure   dig  it’s full ton occult references whole neighbor neighborhood thing clearly inspired whole brotherhood motif secret societies cults like masons like  there’s even picture ones characters posing like baphomet neighborhood structure similar sefirot  someone comment section gay theory video even noticed  lots kids getting i’m pretty sure person making familiar occult symbols  picture wally character posing baphomet  name literally clown  may may intentionally reference shriners reminds chan’s  co  connected dots realized  steven universe  satanic  maybe retarded purple haired zoomer connect references back freemasonry go rabbit reach jewish aspect kind faggy highly recommend matpat’s theory  touches whole neighbor brotherhood aspect doesn’t really tie freemasonry  also recommend night mind’s video  there’s specific videos hidden nm finds allude human sacrifice subtly night mind’s videos https youtube com watch v vbgfxvn wa  embed https youtube com watch v bvkzoshe  embed matpat’s videos https youtube com watch v kakabnoxa  embed https youtube com watch v quvhujdrioq  embed wasn’t targeted children  shit like matpat  whose audience mostly impressionable children  kids watching weimerica  btw  god  hate antichrist one pics related hidden secret screen someone found welcome home website  file titled  sobelow  obvious reference phrase     site full eyes reinforce feeling something watching  something seeing  really creepy shit ,"['arts_&_culture', 'film_tv_&_video']"
102601,"A friend of mine just showed me this mysterious site that’s been buzzing around some overseas anonymous forums:https://7trillion.infoThe content is intriguing: it talks about the existence of “$7 trillion that nobody owns and will never move.”Some people are speculating connections to U.S. MMFs, statements made by OpenAI CEO Sam Altman, or even Satoshi Nakamoto’s Bitcoin wallets.What do you think about this?",03/19/2025 (Wed) 20:05,friend mine showed mysterious site that’s buzzing around overseas anonymous forums https trillion infothe content intriguing  talks existence “  trillion nobody owns never move ”some people speculating connections u  mmfs  statements made openai ceo sam altman  even satoshi nakamoto’s bitcoin wallets think ,"['business_&_entrepreneurs', 'news_&_social_concern']"
90126,"Audrey Hale resented attending Nashville's The Convenant School, a Presbyterian private school, at an annual rate of $16,500 when the kike identified as transgender. In retaliation, she shot and killed 9 year old Evelyn Dieckhaus, Hallie Scruggs and William Kinney as well as the teachers Katherine Koonce, Cynthia Peak and custodian Mike Hill. Two officers then shot the violent kike dead. Hallie Scruggs was the 9 year old daughter of Chad Scruggs, the senior pastor of Covenant Presbyterian Church. Rather than shining a light on the fact transgenderism is a direct sign of mental illness and that Audrey was a demented jew; Zionist stooge President Biden instead called for his old agenda of banning assault rifles.Hale is a jewish (Ashkenazic) variant of Halle.If it's not clear to you now that jews want you dead, you need to start paying attention.https://www.telegraph.co.uk/world-news/2023/03/28/nashville-school-shooting-ex-student-elaborately-planned-massacre/https://archive.is/u52fo",03/28/2023 (Tue) 11:32,audrey hale resented attending nashville convenant school  presbyterian private school  annual rate    kike identified transgender  retaliation  shot killed  year old evelyn dieckhaus  hallie scruggs william kinney well teachers katherine koonce  cynthia peak custodian mike hill  two officers shot violent kike dead  hallie scruggs  year old daughter chad scruggs  senior pastor covenant presbyterian church  rather shining light fact transgenderism direct sign mental illness audrey demented jew  zionist stooge president biden instead called old agenda banning assault rifles hale jewish  ashkenazic  variant halle clear jews want dead  need start paying attention https www telegraph co uk world news    nashville school shooting ex student elaborately planned massacre https archive ufo,"['learning_&_educational', 'news_&_social_concern', 'youth_&_student_life']"
87921,"If you're not sure who Alexander Dugin is (I'm sure most of you already do know) Alexander Dugin is one of Putin's top advisors and Russia political strategists and is the the man who has sold nationalists in the west the idea that Russia is somehow no longer controlled by jews or has a lingering shadow form of the USSR. The perestroika deception. Ironic since you can get arrested for reading Hitler or Evola there, Countless Russian National Socialists have been arrested also. Alexander Dugin also openly praises Stalin, Aleister Crowley, Kabbalah and Freemasonry, and is meanwhile subverting western nationalists in to hating western civilization (Which is easy because we're so corrupt.) But he essentially wants us to break free from our chains, only to be under his chains.(The chicom neo soviet world order chains). Which I personally believe is the next stage of the One World Government, As the bolscheviks and jews subverted the west and have deceived many on Russia not being controlled by jews, That this neo soviet chicom world order Which is btw in full support of zionism. Alexandr dugin is not a Christian either, he is a wolf in sheep's clothing. he is outwardly and orthodox. But he is a kabbalistic judeo freemason and crowleyite inside. He believes in eastern occultic mysticism, and wants to form a eurasian NWO of the end times. He is also a vehemant Anti Catholic. Dugin also denies the existence of Marxism, and calls it ""Cultural Liberalism"" to blame everything on the west. But the thing is Marxism wouldn't exist without liberalism and the enlightenment revolutions. This whole eurasian bloc is part of the kalegri plan to destroy the white race. Plus also Putin and Dugin are anti polish and deny the katyn massacre. Another thing is Richard Spencer and Mathew Heimbach from the (((alt right))) were both pushing Duginism and praising the soviet union. As well Richard Spencers ex wife Nina literally was the person who translated all of Dugins works in to English. I think this is where I will end my autistic spergy rant but here are some links and videos on Dugin:>Alexandr Dugin doing a crowleyite freemason kaballist nazbol ritual:https://youtube.com/watch?v=cF3NBLvaXZo [Embed]>Introduction to Dugin:https://thuletide.wordpress.com/2020/04/08/aleksandr-dugin-part-1/>Duginism and Eurasianist Dissident LARPERS:https://odysee.com/duginism-and-eurasianist-dissident:c>The (((Masonic))) Eurasianist Neo Bolshevik Plot against Our Lady of Fatima Unmasked:https://youtube.com/watch?v=0Vn4EOkEeZ0 [Embed]",07/13/2022 (Wed) 01:22,sure alexander dugin  sure already know  alexander dugin one putin top advisors russia political strategists man sold nationalists west idea russia somehow longer controlled jews lingering shadow form ussr  perestroika deception  ironic since get arrested reading hitler evola  countless russian national socialists arrested also  alexander dugin also openly praises stalin  aleister crowley  kabbalah freemasonry  meanwhile subverting western nationalists hating western civilization  easy corrupt  essentially wants us break free chains  chains chicom neo soviet world order chains  personally believe next stage one world government  bolscheviks jews subverted west deceived many russia controlled jews  neo soviet chicom world order btw full support zionism  alexandr dugin christian either  wolf sheep clothing  outwardly orthodox  kabbalistic judeo freemason crowleyite inside  believes eastern occultic mysticism  wants form eurasian nwo end times  also vehemant anti catholic  dugin also denies existence marxism  calls  cultural liberalism  blame everything west  thing marxism exist without liberalism enlightenment revolutions  whole eurasian bloc part kalegri plan destroy white race  plus also putin dugin anti polish deny katyn massacre  another thing richard spencer mathew heimbach  alt right  pushing duginism praising soviet union  well richard spencers ex wife nina literally person translated dugins works english  think end autistic spergy rant links videos dugin alexandr dugin crowleyite freemason kaballist nazbol ritual https youtube com watch v cfnblvaxzo  embed introduction dugin https thuletide wordpress com    aleksandr dugin part  duginism eurasianist dissident larpers https odysee com duginism eurasianist dissident c  masonic  eurasianist neo bolshevik plot lady fatima unmasked https youtube com watch v vneokeez  embed ,['news_&_social_concern']
94725,Why Was The Biden Administration Chef Jose Andres Posing For A Photo With Would-Be Trump Assassin Ryan Wesley Root?,09/16/2024 (Mon) 20:31,biden administration chef jose andres posing photo would trump assassin ryan wesley root ,['news_&_social_concern']
94048,"iGovern by Apple introduces an innovative AI voting process designed to streamline legislative activities for members of Congress. This advanced system leverages artificial intelligence to ensure efficient and accurate voting on legislative matters. The AI voting process begins with the integration of a sophisticated algorithm that analyzes each bill presented to Congress. It takes into account a wide array of factors, including the bill's content, potential impact, historical voting patterns, and the public opinion data sourced from various reputable platforms.Each member of Congress is equipped with a secure, personalized device connected to the iGovern system. When a vote is required, the AI synthesizes relevant information and presents a comprehensive report to the member, highlighting key aspects and implications of the bill. The system also provides a preliminary recommendation based on the member’s past voting behavior and the AI’s analysis.Members can review the AI’s recommendation and either approve or override it, ensuring that their individual judgment and expertise remain paramount. In cases where the member agrees with the AI’s suggestion, they can approve the vote with a simple touch on their device. If they choose to override, they can manually cast their vote, and the AI will adapt its future recommendations based on this new input.This AI voting process is designed to save time, reduce administrative burdens, and enhance decision-making accuracy by providing members with timely, well-rounded information and recommendations. By automating routine aspects of the voting process, iGovern allows Congress members to focus more on deliberation and constituent engagement, ultimately aiming to create a more responsive and efficient legislative environment.###I am Ra. This is what our student does with our averaging. :)",07/04/2024 (Thu) 04:19,igovern apple introduces innovative ai voting process designed streamline legislative activities members congress  advanced system leverages artificial intelligence ensure efficient accurate voting legislative matters  ai voting process begins integration sophisticated algorithm analyzes bill presented congress  takes account wide array factors  including bill content  potential impact  historical voting patterns  public opinion data sourced various reputable platforms member congress equipped secure  personalized device connected igovern system  vote required  ai synthesizes relevant information presents comprehensive report member  highlighting key aspects implications bill  system also provides preliminary recommendation based member’s past voting behavior ai’s analysis members review ai’s recommendation either approve override  ensuring individual judgment expertise remain paramount  cases member agrees ai’s suggestion  approve vote simple touch device  choose override  manually cast vote  ai adapt future recommendations based new input ai voting process designed save time  reduce administrative burdens  enhance decision making accuracy providing members timely  well rounded information recommendations  automating routine aspects voting process  igovern allows congress members focus deliberation constituent engagement  ultimately aiming create responsive efficient legislative environment ###i ra  student averaging   ,['news_&_social_concern']
90725,"The Graveyard Of Empires: What To Expect As The Unipolar World Order Collapses“You have the watches, but we have the time.”The Taliban often referred to this old Afghan saying when discussing their fight against the Americans.Ultimately, they were proven correct.After almost two decades of conflict, an insurgent army from one of the world’s poorest nations inflicted a decisive military defeat on the US, the global superpower that upholds the unipolar world order.The US government’s total failure in Afghanistan — the longest war in American history — signifies a crucial moment and turning point in world history.The Soviet Union collapsed about two years after the Red Army was defeated and withdrew from Afghanistan.As we approach the second anniversary of the American retreat, could a similar fate be in store for the US?While nobody knows the future, there is an excellent chance that the colossal failure in Afghanistan could accelerate the unraveling of the geopolitical power of the US and the shift to a multipolar world order.Afghanistan’s strategic position has always made it a coveted prize in the Eurasian landscape.As shown in the image below, Afghanistan is situated in the center of Eurasia, at the crossroads of China, Iran, and Russia—the three primary challengers to the US-led world order.This central location is why Afghanistan has enormous geopolitical importance and why the US desired a strategic military presence there.The US military’s presence in Afghanistan was a strategic roadblock to Russia, China, and Iran’s goal of creating a powerful geopolitical group in Eurasia that could challenge the US-led world order.However, with the Taliban forcing the US military out of Afghanistan, the door to a more coherent geopolitical alliance in Eurasia is now wide open.https://www.zerohedge.com/geopolitical/graveyard-empires-top-investments-world-order-collapses",07/09/2023 (Sun) 12:00,graveyard empires  expect unipolar world order collapses“you watches  time ”the taliban often referred old afghan saying discussing fight americans ultimately  proven correct almost two decades conflict  insurgent army one world’s poorest nations inflicted decisive military defeat us  global superpower upholds unipolar world order us government’s total failure afghanistan — longest war american history — signifies crucial moment turning point world history soviet union collapsed two years red army defeated withdrew afghanistan approach second anniversary american retreat  could similar fate store us nobody knows future  excellent chance colossal failure afghanistan could accelerate unraveling geopolitical power us shift multipolar world order afghanistan’s strategic position always made coveted prize eurasian landscape shown image  afghanistan situated center eurasia  crossroads china  iran  russia—the three primary challengers us led world order central location afghanistan enormous geopolitical importance us desired strategic military presence us military’s presence afghanistan strategic roadblock russia  china  iran’s goal creating powerful geopolitical group eurasia could challenge us led world order however  taliban forcing us military afghanistan  door coherent geopolitical alliance eurasia wide open https www zerohedge com geopolitical graveyard empires top investments world order collapses,['news_&_social_concern']
91815,how do we end islam?,12/04/2023 (Mon) 01:09,end islam ,['news_&_social_concern']
94787,Top Secret Intel About Why Kamala Harris Was Chosen As Vice President,09/25/2024 (Wed) 22:04,top secret intel kamala harris chosen vice president,['news_&_social_concern']
94721,"You guys just won't listen to the true prophet warning you, and delete my threads because you cannot handle the TRUTH!!!https://imgur.com/a/TBKnwnRThe End of the Trump Administration“I must punish Trump. He must die, My son! Trump must be eliminated. I have decidedthat the CIA will carry out his operations against him shortly. I have decreed his death, itwill be carried out shortly by CIA operatives. I have the final say, I AM The Living God.Trump must be eliminated to carry out the New World Agenda in the Earth. Many will die.He is an offense in My sight, molesting little children, committing all kinds of perversionsbefore My sight. I must eliminate him from before public consciousness by eliminating hispresidency. He is a wicked man, doing what others tell him to do. He has noconsciousness to stand on his own against imperial world power. Israel’s expansion willcontinue, they will exceed their borders and absorb the enemy nations around them. Ihave decreed it. I will deal with him and Israel, both wicked nations refusing to repent andcome before Me, both must be eliminated if they refuse Me. I have decreed it, the end ofthe Trump Administration and Netanyahu’s, both wicked men, both will eliminated byarmed men, I have decreed it. Trump must be eliminated, Israel’s whore, and spendeternity boiling in the Lake of Fire. I have called an end to both persons, to be replaced bypowerful public movements of mine. The pedophile network must be stopped, it is anoffense in My sight. Pedophiles will be eliminated from the land, for I have called an endto that wickedness. Both parties will be mine and no longer will the wicked rule the land.My people must be awakened to do My will. Thus says the Living God, Amen!”",09/15/2024 (Sun) 23:37,guys listen true prophet warning  delete threads cannot handle truth https imgur com tbknwnrthe end trump administration“i must punish trump  must die  son  trump must eliminated  decidedthat cia carry operations shortly  decreed death  itwill carried shortly cia operatives  final say  living god trump must eliminated carry new world agenda earth  many die offense sight  molesting little children  committing kinds perversionsbefore sight  must eliminate public consciousness eliminating hispresidency  wicked man  others tell  noconsciousness stand imperial world power  israel’s expansion willcontinue  exceed borders absorb enemy nations around  ihave decreed  deal israel  wicked nations refusing repent andcome  must eliminated refuse  decreed  end ofthe trump administration netanyahu’s  wicked men  eliminated byarmed men  decreed  trump must eliminated  israel’s whore  spendeternity boiling lake fire  called end persons  replaced bypowerful public movements mine  pedophile network must stopped  anoffense sight  pedophiles eliminated land  called endto wickedness  parties mine longer wicked rule land people must awakened  thus says living god  amen ”,['news_&_social_concern']
76449,"At first I had considered leaving this topic within the realm of the /sig/ thread but it's something of great interest to me and would be most grateful for a deeper discussion on it.Now, when one thinks of a collapse of a civilisation, what do they think. For most, they imagine a Mad Max-esque wasteland, complete with scantily clad whores in leather gear, undulating violence with pockets of survivors huddling together for shelter. A most warped and somewhat semetic view of humanity, one feasable for Africa and the Middle East but not the Western world (that is unless the parasite succeeds in it's miscegenation goals which it seems unlikely to do). No, a collapse is a far quieter thing, a far more subtle thing. You may be noticing it already in fact.What is one of the first things to fall as a civilisation collapses? The borders. From Rome to Greece to countless other examples, it's the borderlands and the far corners that are the first to be lost, not all borders however are purely within the realm of migration but on a societal level as well. Now I do not feel I need to expand on that point as anyone here is fairly understanding of the semites very deliberate destruction of our nations borders of both the physical and societal variety over the past decades, through subtle subversions (sexual revolution, hedonistic hippy movements etc), media indoctrination (mixed race couples, open borders, climate propagada) and outright force (need a good example of force, look into the mixing of races in US schools at the end of segregation and law enforcement arresting and intimidating those resisting in this age of misery). What follows on from this is a slow loss of resources to maintain the status quo of the former heights of that civilisations native people and to try accomadate the new ""citizens"". Energy, food, services, all requires more and more (((finance))) in order to acquire until eventually there is no more finance to do so for the nation in question has been overburdened. Now a keen observer will note that this particular game has been rigged for quite a while, when a state or nation requires more of a particular resource, well, they'll get finance from Moishe and then the nation in question will buy from Hershel who happens to know a chap who runs a factory that produces these resources within a third world nation for cheap and so forth.But what happens you do not have enough manpower and resources to maintain it over time? Well, everything retracts. The meager pay for a job you hate fails to increase with costs, less availability of medicine, price of proper food increases so cheaper, more disgusting cuisine is offered, the ability to maintain infrastructure halts. California is a perfect example of this. San Francisco, a once (((shining jewel))) of America is quite literally living on borrowed time. Blackouts, failing power grids, the general state of infrastructure all over the US is a thing of great concern but California itself is a model of what will inevitably spread no matter how much is tried to halt the degradation. After all, what happens when a location is flooded with foreign invaders who bring in no finance but are an incredible financial burden due to public services and the sheer amount of violence they commit. Now, when pondering this example there are a few factors to consider. The first being the immediate effects. Now with most European nations and colonies having to cater for the parasites golems, just who do you think will be prioritised within a power outage? Will it be the white suburban section containing most likely older folk, many of whom rely on the power for everything from dialysis machines to needing diabetic medication chilled or will it be the ""neighbourhood"" consisting of violent negroids or third world infestations who will pillage their own businesses the second the lights turn out akin to the Baltimore riots. My, such a hard question is it not, who will the parasite serve first, it's golems or it's victims.",10/28/2019 (Mon) 00:07,first considered leaving topic within realm  sig  thread something great interest would grateful deeper discussion  one thinks collapse civilisation  think   imagine mad max esque wasteland  complete scantily clad whores leather gear  undulating violence pockets survivors huddling together shelter  warped somewhat semetic view humanity  one feasable africa middle east western world  unless parasite succeeds miscegenation goals seems unlikely   collapse far quieter thing  far subtle thing  may noticing already fact one first things fall civilisation collapses  borders  rome greece countless examples  borderlands far corners first lost  borders however purely within realm migration societal level well  feel need expand point anyone fairly understanding semites deliberate destruction nations borders physical societal variety past decades  subtle subversions  sexual revolution  hedonistic hippy movements etc  media indoctrination  mixed race couples  open borders  climate propagada  outright force  need good example force  look mixing races us schools end segregation law enforcement arresting intimidating resisting age misery  follows slow loss resources maintain status quo former heights civilisations native people try accomadate new  citizens  energy  food  services  requires  finance  order acquire eventually finance nation question overburdened  keen observer note particular game rigged quite  state nation requires particular resource  well  get finance moishe nation question buy hershel happens know chap runs factory produces resources within third world nation cheap forth happens enough manpower resources maintain time  well  everything retracts  meager pay job hate fails increase costs  less availability medicine  price proper food increases cheaper  disgusting cuisine offered  ability maintain infrastructure halts  california perfect example  san francisco   shining jewel  america quite literally living borrowed time  blackouts  failing power grids  general state infrastructure us thing great concern california model inevitably spread matter much tried halt degradation   happens location flooded foreign invaders bring finance incredible financial burden due public services sheer amount violence commit   pondering example factors consider  first immediate effects  european nations colonies cater parasites golems  think prioritised within power outage  white suburban section containing likely older folk  many rely power everything dialysis machines needing diabetic medication chilled  neighbourhood  consisting violent negroids third world infestations pillage businesses second lights turn akin baltimore riots   hard question  parasite serve first  golems victims ,['news_&_social_concern']
95216,"Trump was the 45th president and will be the 47th president:4 + 5 = 94 + 7 = 11911The new Congress starting January 3 will be the 119th Congress:119 = 911 reversed---------------------------------------------------------------------------------The Yom Kippur Conspiracyhttps://files.catbox.moe/6ksup4.pdfThe Sicarii Origins of Christianityhttps://files.catbox.moe/wcwpod.pdfThe Sicarii / Maccabee Origins of Islamhttps://files.catbox.moe/7q4xvw.pdfThe Knights Templar Symbolism and Numerology of Global Events in 2019https://files.catbox.moe/xi7fa2.pdfHistorical 'Q' Wars, Massacres, Assassinations, and PsyOps, 1717-2012https://files.catbox.moe/nmg0ot.pdfThe Freemasonry Symbolism and Numerology of the Letter 'Q'https://files.catbox.moe/nnmug5.pdfU.S. Military Weather Terrorism on Political Dateshttps://files.catbox.moe/1dsd0q.pdfMass Killers' / Serial Killers' Connections to the C.I.A. and U.S. Militaryhttps://files.catbox.moe/hpsglj.pdfSicarii / Knights Templar Massacres, Assassinations, and Terrorist Attacks on the 22nd of the Monthhttps://files.catbox.moe/rhel0f.pdfSicarii / Knights Templar Massacres, Terrorist Attacks, and Military Operations Around the 2020 U.S. Presidential Election and 2022 U.S. Midterm Electionshttps://files.catbox.moe/azkcg7.pdfAlex Jones' Connections to the C.I.A. and U.S. Militaryhttps://files.catbox.moe/7mirk0.pdfhttps://files.catbox.moe/gnaa7i.png",12/01/2024 (Sun) 08:45,trump th president th president             new congress starting january  th congress     reversed yom kippur conspiracyhttps files catbox moe ksup pdfthe sicarii origins christianityhttps files catbox moe wcwpod pdfthe sicarii   maccabee origins islamhttps files catbox moe qxvw pdfthe knights templar symbolism numerology global events https files catbox moe xifa pdfhistorical  q  wars  massacres  assassinations  psyops   https files catbox moe nmgot pdfthe freemasonry symbolism numerology letter  q https files catbox moe nnmug pdfu  military weather terrorism political dateshttps files catbox moe dsdq pdfmass killers    serial killers  connections c  u  militaryhttps files catbox moe hpsglj pdfsicarii   knights templar massacres  assassinations  terrorist attacks nd monthhttps files catbox moe rhelf pdfsicarii   knights templar massacres  terrorist attacks  military operations around  u  presidential election  u  midterm electionshttps files catbox moe azkcg pdfalex jones  connections c  u  militaryhttps files catbox moe mirk pdfhttps files catbox moe gnaai png,['news_&_social_concern']
95370,Has WWIII Already Begun?https://www.newsweek.com/has-wwiii-already-begun-1995472,12/09/2024 (Mon) 13:20,wwiii already begun https www newsweek com wwiii already begun ,['news_&_social_concern']
84904,"Imagine a degenerate wasting 4 hours a day watching youtube, what a waste, a controlled creature of instinct and hedonism. I was this creature years ago and I come to tell you it wasn't nice.If you browse image boards for half an hour a day, don't own a smartphone, and understand the degeneracy of modern entertainment, this guide may have a little good information, but it won't change your life.TL;DR:>What do I do?* Stop using a smart-phone, this is critical.* Stop using social media, or minimize their use.* Avoid FAGMANS: Facebook, Apple, Google, Microsoft, Amazon, Netflix, Samsung.* Only use secure, encrypted, foss, chat apps for communication. Email is not secure.* Get rid of smart-watches, and smart-tvs, etcetera. If it has an internet connection, it is evil.* Get rid of supermarket discount cards and membership cards of any kind.* Don't get a genetic test.* Use uBlock origin to mitigate tracking.>What is the problem?* You are being data-mined.* Your smartphone, smart tv, and smart dildo are all data gatherers.* Social media, and cookies are the same. Social media is surveillance, and cookies are trackers. This is re-branding.* This data is being used much like weather stations, enough data and a model can be set up that predicts human behavior, this information is in the worst possible hands.* This system can also be used to entrap or spy on you.* Internet of Things is mass surveillance extended into other appliances.* Tech is made addictive on purpose. This includes gaming, porn, etcetera.>QUI is behind this?* (((Same as always)))* Logistics and specifics are implemented through FAGMANS. There are others.* The US feds, through the pentagon, and alphabet agencies, mostly NSA.* The CCP has Xiaomi and other companies that do mass surveillance.>This is difficult weh weh I'm a faggot!* Apply /SIG/ principles.* Take one thing off of this list, stop watching youtube videos all the time and read instead.* Next week, Stop using facebook.* Next week after that, replace your smartphone with a dumb phone.* Since you still may want to use messaging apps, use them on BlueStacks.* Slowly but surely, release yourself of these chains.>But I like tech! Is there any virtuous use of technology?* Yes, this guide is for people who have a problem with tech.* Halfchan's /pol/ is tech, and accidentally redpilled a generation of people, social media allowed for unprecedented spontaneous organization, this was accidental of course, we were never meant to be free to speak.In all seriousness, if you do not intend to stop using your smartphone, stop reading and kill yourself.",06/26/2021 (Sat) 11:11,imagine degenerate wasting  hours day watching youtube  waste  controlled creature instinct hedonism  creature years ago come tell nice browse image boards half hour day  smartphone  understand degeneracy modern entertainment  guide may little good information  change life tl dr  stop using smart phone  critical  stop using social media  minimize use  avoid fagmans  facebook  apple  google  microsoft  amazon  netflix  samsung  use secure  encrypted  foss  chat apps communication  email secure  get rid smart watches  smart tvs  etcetera  internet connection  evil  get rid supermarket discount cards membership cards kind  get genetic test  use ublock origin mitigate tracking problem  data mined  smartphone  smart tv  smart dildo data gatherers  social media  cookies  social media surveillance  cookies trackers  branding  data used much like weather stations  enough data model set predicts human behavior  information worst possible hands  system also used entrap spy  internet things mass surveillance extended appliances  tech made addictive purpose  includes gaming  porn  etcetera qui behind   always  logistics specifics implemented fagmans  others  us feds  pentagon  alphabet agencies  mostly nsa  ccp xiaomi companies mass surveillance difficult weh weh faggot  apply  sig  principles  take one thing list  stop watching youtube videos time read instead  next week  stop using facebook  next week  replace smartphone dumb phone  since still may want use messaging apps  use bluestacks  slowly surely  release chains like tech  virtuous use technology  yes  guide people problem tech  halfchan  pol  tech  accidentally redpilled generation people  social media allowed unprecedented spontaneous organization  accidental course  never meant free speak seriousness  intend stop using smartphone  stop reading kill ,['film_tv_&_video']
90791,"Duplicate thread for a /news/ thread I just made. This is really somethingKinda had a feeling this was going to happen / they were planning on doing something like this. There's no such thing as a free meal>The future of ""truth"" on the Internethttps://yt.artemislena.eu/watch?v=-Bdb2KOb_zIBalenciaga Pope. Fake Pentagon explosions. It’s becoming increasingly difficult to tell AI-generated images apart from the real thing, sometimes to disastrous effect.A solution remains elusive. But Microsoft’s making an attempt with new media provenance features debuting at its annual Build conference.Launching for Bing Image Creator and Designer, Microsoft’s Canva-like web app that can generate designs for presentations, posters and more to share on social media and other channels, the new media provenance capabilities will enable consumers to verify whether an image or video was generated by AI, Microsoft says. Using cryptographic methods, the capabilities, scheduled to roll out in the coming months, will mark and sign AI-generated content with metadata about the origin of the image or video.",07/20/2023 (Thu) 20:52,duplicate thread  news  thread made  really somethingkinda feeling going happen   planning something like  thing free meal future  truth  internethttps yt artemislena eu watch v bdbkob zibalenciaga pope  fake pentagon explosions  it’s becoming increasingly difficult tell ai generated images apart real thing  sometimes disastrous effect solution remains elusive  microsoft’s making attempt new media provenance features debuting annual build conference launching bing image creator designer  microsoft’s canva like web app generate designs presentations  posters share social media channels  new media provenance capabilities enable consumers verify whether image video generated ai  microsoft says  using cryptographic methods  capabilities  scheduled roll coming months  mark sign ai generated content metadata origin image video ,"['news_&_social_concern', 'science_&_technology']"
94728,I say that he is a dumb dictator who is going to have millions of people up on his ass.,09/17/2024 (Tue) 04:35,say dumb dictator going millions people ass ,['news_&_social_concern']
94804,Was xhe the most evil nigger of all time?,09/27/2024 (Fri) 23:33,xhe evil nigger time ,['news_&_social_concern']
92724,"ROTSCHILD DIED AT TNE AGE OF 87at the february 26th 2024 the yakub rotschild had been officialy declared deceased at the age of 87Let your jewish ass be crispy in underworld and gangbanged by hundreds of niggers for eternity for all the misfortune and destruction you caused that will now be in vain as yojr sonny is as autistic as sorosesWho wants to post redpills you are welcomed but check if they have the ""hitler was with rotschild"" fallacy",02/26/2024 (Mon) 15:15,rotschild died tne age february th  yakub rotschild officialy declared deceased age let jewish ass crispy underworld gangbanged hundreds niggers eternity misfortune destruction caused vain yojr sonny autistic soroseswho wants post redpills welcomed check  hitler rotschild  fallacy,['news_&_social_concern']
91062,Overthrowing governments or repelling invasions stuff,09/13/2023 (Wed) 17:32,overthrowing governments repelling invasions stuff,['news_&_social_concern']
85077,Hey so I got a few questions just to clear up a couple things that some people say about national socialism as well as my general thoughts on things in general.So I guess I start from the beginning the way I view a nation as it should be is as a garden where the government acts to grow a strong and powerful people. In that garden anything can grow which represents the myriad of talents with the strongest being allowed to propagate themselves and the weaker allowed to attempt but inevitably fail. In the propagation of the strongest both the people and nation benefit however there must be a recognition of the weak and the strong and that there are different weaknesses and strengths. I have talked to some people who say that if they were to ever get power they would institute universal basic income which I think just incentivizes laziness.I guess what I'm trying to clear up do the people here believe in a hierarchy or do they believe everyone is equal?,07/28/2021 (Wed) 17:38,hey got questions clear couple things people say national socialism well general thoughts things general guess start beginning way view nation garden government acts grow strong powerful people  garden anything grow represents myriad talents strongest allowed propagate weaker allowed attempt inevitably fail  propagation strongest people nation benefit however must recognition weak strong different weaknesses strengths  talked people say ever get power would institute universal basic income think incentivizes laziness guess trying clear people believe hierarchy believe everyone equal ,['news_&_social_concern']
94655,"SMOLOKO IMAGES.pdf Download 572 MBhttps://www.mediafire.com/file/17sm0hlkvznvfjt/SMOLOKO+IMAGES.pdf/fileThis is one massive pdf file containing all of the images from the now defunct Smoloko.com website, containing 7252 pages of 7252 Smoloko images, which I downloaded before the website got taken down.",09/09/2024 (Mon) 16:07,smoloko images pdf download  mbhttps www mediafire com file smhlkvznvfjt smoloko images pdf filethis one massive pdf file containing images defunct smoloko com website  containing  pages  smoloko images  downloaded website got taken ,[]
93941,"I pray every day for the spirit of the Aryan and the Sikh to be combined for the ultimate in theistic philosophies. Blasphemy or no, Adolf Hitler and the National Socialists, Fascists, and the Sikh are not only allies but a marriage of faith and militancy.God bless the Soldier Saint. God bless the Spirit of the Sun, the Lightning in the Sky, the Fuhrer, Adolf Hitler.God bless the True. God bless the Gurus.",06/17/2024 (Mon) 19:36,pray every day spirit aryan sikh combined ultimate theistic philosophies  blasphemy  adolf hitler national socialists  fascists  sikh allies marriage faith militancy god bless soldier saint  god bless spirit sun  lightning sky  fuhrer  adolf hitler god bless true  god bless gurus ,['news_&_social_concern']
94187,"Does the banking system have any good use or good quality, after all the flaws are removed?Is the banking system, and all banking as a whole, salvageable? Or should all banking be torn down and destroyed, as it's only functional as a tool of destruction and mass control in the hands of the jews?",07/24/2024 (Wed) 19:18,banking system good use good quality  flaws removed banking system  banking whole  salvageable  banking torn destroyed  functional tool destruction mass control hands jews ,"['business_&_entrepreneurs', 'news_&_social_concern']"
102605,"Alright, /pol/, let’s dive into the rabbit hole. We all know conspiracies are either dismissed as crazy ramblings or accepted as gospel without question. But what about the ones that sit in the middle? The ones that, when you actually dig into them, make you go, “Huh… that’s kinda sus.”Here’s the deal: I’m not saying any of these are 100% true, but they’re worth discussing critically. Let’s break down a few theories that have more evidence (or at least more logical holes in the official narrative) than most people realize.1. Alternative WWII NarrativesWe all know the mainstream history of WWII, but what if it’s not the full story? For example:- Operation Highjump: Admiral Byrd’s Antarctic expedition right after the war. Officially, it was about research, but rumors suggest they were chasing Nazi remnants who fled to hidden bases. Why would the US send a massive military force to Antarctica for “science”?- Nazi Secret Tech: There’s evidence the Nazis were working on advanced tech (e.g., the Bell Device, flying discs). Did they actually achieve something groundbreaking, and did it get swept up by the Allies or Soviets after the war?2. **False Flags and Controlled Opposition- Pearl Harbor: Declassified documents suggest the US had intelligence about the attack but let it happen to justify entering the war.- 9/11: Forget the “jet fuel can’t melt steel beams” meme—look into the weird stock market activity before the attacks and the sudden collapse of WTC7.3. The Deep State and Shadow Governments- JFK Assassination: Oswald was a patsy, but who really pulled the strings? The CIA? The Mob? LBJ? The fact that so many witnesses died “mysteriously” after the event is… interesting.- The Franklin Cover-Up: Allegations of high-level pedophile rings and blackmail operations involving politicians. Some of the witnesses were credible, but the story got buried.4. COVID-19 Origins- Lab leak theory was dismissed as a conspiracy, but now even mainstream sources admit it’s plausible. Why was it suppressed initially? Who benefits from controlling the narrative?5. The Moon Landing Hoax- Before you call me a flat-Earther, hear me out. The tech in the 60s was primitive compared to today. The radiation in the Van Allen belts? The flag “waving” in a vacuum? The lack of stars in the photos? It’s not about denying space exploration—it’s about questioning why NASA’s story has so many inconsistencies.Why This Matters:The point isn’t to blindly believe every conspiracy. It’s to question the official narratives and think critically. Governments and powerful entities have a history of lying to the public. If we don’t ask questions, we’re just sheep being led to the slaughter.So, /pol/, what are your thoughts? Which of these theories do you think has the most merit? Any others you’d add to the list? Let’s keep it civil (lol) and actually discuss this.",03/20/2025 (Thu) 17:53,alright   pol  let’s dive rabbit hole  know conspiracies either dismissed crazy ramblings accepted gospel without question  ones sit middle  ones  actually dig  make go  “huh… that’s kinda sus ”here’s deal  i’m saying   true  they’re worth discussing critically  let’s break theories evidence  least logical holes official narrative  people realize   alternative wwii narrativeswe know mainstream history wwii  it’s full story  example  operation highjump  admiral byrd’s antarctic expedition right war  officially  research  rumors suggest chasing nazi remnants fled hidden bases  would us send massive military force antarctica “science”  nazi secret tech  there’s evidence nazis working advanced tech  e g  bell device  flying discs  actually achieve something groundbreaking  get swept allies soviets war    false flags controlled opposition  pearl harbor  declassified documents suggest us intelligence attack let happen justify entering war     forget “jet fuel can’t melt steel beams” meme—look weird stock market activity attacks sudden collapse wtc   deep state shadow governments  jfk assassination  oswald patsy  really pulled strings  cia  mob  lbj  fact many witnesses died “mysteriously” event is… interesting  franklin cover  allegations high level pedophile rings blackmail operations involving politicians  witnesses credible  story got buried   covid  origins  lab leak theory dismissed conspiracy  even mainstream sources admit it’s plausible  suppressed initially  benefits controlling narrative   moon landing hoax  call flat earther  hear  tech primitive compared today  radiation van allen belts  flag “waving” vacuum  lack stars photos  it’s denying space exploration—it’s questioning nasa’s story many inconsistencies matters point isn’t blindly believe every conspiracy  it’s question official narratives think critically  governments powerful entities history lying public  don’t ask questions  we’re sheep led slaughter   pol  thoughts  theories think merit  others you’d add list  let’s keep civil  lol  actually discuss ,['news_&_social_concern']
91828,Looks like the most dangerous imageboard humanity has ever seen is on it again... that site is REALLY full of groomers to the point of backing literal MAP pedos,12/05/2023 (Tue) 13:43,looks like dangerous imageboard humanity ever seen  site really full groomers point backing literal map pedos,['news_&_social_concern']
95501,Guard major Pospelov Andrey IvanovichGuard major Asanov Mikhail AlexandrovichGuard captain Larionov Vyacheslav AndreevichGuard captain Soldatkin Viktor YurievichGuard senior lieutenant Golovchenko Valery Alexandrovich,12/15/2024 (Sun) 08:38,guard major pospelov andrey ivanovichguard major asanov mikhail alexandrovichguard captain larionov vyacheslav andreevichguard captain soldatkin viktor yurievichguard senior lieutenant golovchenko valery alexandrovich,['diaries_&_daily_life']
94366,"This past weekend Britian was racked by working class White British rioting against ZOG. Its to early to know what these riots will result in, but I think they are significantly important. For the first time in decades they are being directly challenged anywhere in Western Europe.",08/06/2024 (Tue) 06:20,past weekend britian racked working class white british rioting zog  early know riots result  think significantly important  first time decades directly challenged anywhere western europe ,['news_&_social_concern']
95647,">Donald Trump’s mandate is clear: end immigration.>The president-elect has yet to take office, but his supporters are already intuiting that we are about to get more of the same, or worse.>On the issue of mass deportations, most observers and insiders agree we will instead see business as usual. As usual, Trump has been deploying a rhetorical sleight of hand to get the mass media chirping — in recent news cycles, making empty, impossible threats to end birthright citizenship — to cover up the fact that his administration plans to, at best, return to the Obama norm on enforcement.>The Brookings Institute estimates that if Trump returns to the same policies of his first administration, close to six million new immigrants will be imported to the country by the end of his term. Lower than the record eight million under Biden’s administration, but not nearly what Trump’s supporters are expecting.>But there is reason to believe Trump will not merely go back to his first term’s policies. Trump’s second administration is being strongly influenced by Silicon Valley tech oligarchs, who have been one of America’s most vocal lobbies for drastic increases in legal immigration.>Last summer, Trump, who has repeatedly suggested letting in a lot of people “legally” in off the cuff interviews elsewhere, developed this idea to his new “Crypto and AI Czar” David Sacks. In the podcast, Trump vowed that his administration will seek to give automatic residency permits to any foreign student who graduates from an ZOG university or two-year college. For context: during the period of 2023-24, the US hosted 1.1 million foreign students, the majority of them from India and China. Under Trump’s plan, we can safely forecast that many more will pour into our universities to enjoy this fast track to a green card.>While voters and “informal advisors” like Kris Kobach draw up fantasy immigration agendas, lobbyists and donors who actually have Trump’s ear are pushing the eager to be used new president to increase legal immigration to record highs. Vivek Ramaswamy and Elon Musk both support substantial increases in legal immigration, with Musk recently starting a “debate” in support of a green card giveaway.>As highly visible Trump promoters, Musk and Ramaswamy have been shy about publicly floating an exact number for how many more legal immigrants they want during the campaign season, but some numbers thrown around by advocates for increasing this type of migration range from two to five million per year.>Sniffing around on the periphery are other open borders activists, such as Mark Zuckerberg, whose company Meta recently donated $1 million dollars to Trump’s inauguration. A rogue’s gallery of wealthy Indian and Jewish tech capitalists laser focused on massively expanding the pool of cheap labor are coming out on top in the scrum in Trump’s orbit.>In the think-tank sphere, groups like the Stimson Center, Council on Foreign Relations, and others have made the case that America cannot compete with China, Russia and Iran in the imperial Great Game unless it imports millions of Indian engineers.https://littoria.substack.com/p/trumps-coming-big-beautiful-legal",01/04/2025 (Sat) 07:02, donald trump’s mandate clear  end immigration president elect yet take office  supporters already intuiting get  worse issue mass deportations  observers insiders agree instead see business usual  usual  trump deploying rhetorical sleight hand get mass media chirping — recent news cycles  making empty  impossible threats end birthright citizenship — cover fact administration plans  best  return obama norm enforcement brookings institute estimates trump returns policies first administration  close six million new immigrants imported country end term  lower record eight million biden’s administration  nearly trump’s supporters expecting reason believe trump merely go back first term’s policies  trump’s second administration strongly influenced silicon valley tech oligarchs  one america’s vocal lobbies drastic increases legal immigration last summer  trump  repeatedly suggested letting lot people “legally” cuff interviews elsewhere  developed idea new “crypto ai czar” david sacks  podcast  trump vowed administration seek give automatic residency permits foreign student graduates zog university two year college  context  period    us hosted   million foreign students  majority india china  trump’s plan  safely forecast many pour universities enjoy fast track green card voters “informal advisors” like kris kobach draw fantasy immigration agendas  lobbyists donors actually trump’s ear pushing eager used new president increase legal immigration record highs  vivek ramaswamy elon musk support substantial increases legal immigration  musk recently starting “debate” support green card giveaway highly visible trump promoters  musk ramaswamy shy publicly floating exact number many legal immigrants want campaign season  numbers thrown around advocates increasing type migration range two five million per year sniffing around periphery open borders activists  mark zuckerberg  whose company meta recently donated   million dollars trump’s inauguration  rogue’s gallery wealthy indian jewish tech capitalists laser focused massively expanding pool cheap labor coming top scrum trump’s orbit think tank sphere  groups like stimson center  council foreign relations  others made case america cannot compete china  russia iran imperial great game unless imports millions indian engineers https littoria substack com p trumps coming big beautiful legal,['news_&_social_concern']
95276,"The japanese in 1978 also got the jew plague.I fault the (((united states of america))) for this, they are the ones enforcing this bullshit, without the (((american))) presence the jews wouldn't have the power to push this bullshit this far and wide.Bring any example you can find.",12/07/2024 (Sat) 10:52,japanese  also got jew plague fault  united states america   ones enforcing bullshit  without  american  presence jews power push bullshit far wide bring example find ,['news_&_social_concern']
93708,"This idea of the niggers being remnants of Homo Erectus, the kikes being Neanderthals, and the european-asians being Cro Magnon. All competing for control over the planet. This idea made me rethink about an older idea I once had.What does an athlete needs to stay in top form?Exercise.What does a nation, civilization, or ethnic group needs to stay in top form?Exercise.But not just moving the body, exercise here is meant in a more wide and general sense. Existential exercise. Exercise to keep existing.Some guy once conveyed that same idea of ""exercise"" as ""struggle"", and that idea is much much older than that. Far preceding the world wars, but this is not the point.Now, what about the niggers and the jews? From the point of view of an european or an asian?They, niggers and kikes, particularly the kikes, are mostly destructive and often parasitic, inside european civilizations. The moreso if one accepts this idea that they are distinct humanoids entirely, and that they instinctively want to destroy all competition, and destroy all europeans and anything created by europeans.So the first instinct, of any european person free from brainwashing, of just wanting to remove all the niggers (and other alien foreigners) and kikes from the european lands, is not a misplaced impulse.What I'm about to propose, is about what to do with the niggers and jews living outside the european lands. Should they be eradicated too, or not?Given an hypotetical scenario where they have already been completely kicked out of all europe (and america and asia, if you want to include them too), what to do with the niggers and kikes living elsewhere?A primal instinct, as per the 3 humanoids theory, would be to just remove them all from anywhere on earth, and then for the european people to move on with more interesting things to do.What instead I think, based on the principle of health of a genus by execise, is that there is benefit for the european people to keep the niggers and kikes around, only so far the niggers and kikes are used by the europeans as obstacles to overcome, as ways to exercise the european capacities to self defend, to hone internal integrity, to improve resistance to parasitism, and resistance to poisonous attacks targeting the core of society. The exercise needed by europeans to fend off the destructive presence of both niggers and kikes, is a good way to self improvement and maintain a sane level of vitality.The current issue, regarding the european decadence, regarding both niggers and kikes in european lands and elsewhere, the current issue leading to that decadence is that the niggers and jews are no longer used as subjects to exercise over by europeans, and by the lack of exercise to uphold their own existence the europeans are growing weaker.So it's not necessarily the presence of the niggers and kikes alone to be the cause of the decadence of european societies, but it's rather the lack of the will to continue existing and the lack of existential exercise, which is ruining our societies, as this interpretation goes.Conversely, the complete removal of both niggers and kikes from anywhere on earth, would not necessarily result in an improvement of the european people, if the attitude to not practicing existential exercise would continue afterwards.The idea of vitality by exercise, or by struggle, suggests that it's more beneficial for the europeans to exercise dominance over the niggers and kikes (and any similar hostile population), rather than just exterminating them all.(excluding cases where the niggers and jews go extinct by their own savage idiocy alone, I'm not saying they should be helped survive either, if they lack the ability to survive by themselves, they should be left to disappear as they should, this is a case where the course of nature should be respected, not all things can keep existing forever, it's normal and natural to be so, good old things should be left to die so that newer good things may grow up; except the kikes can't be said to be good things",05/17/2024 (Fri) 15:59,idea niggers remnants homo erectus  kikes neanderthals  european asians cro magnon  competing control planet  idea made rethink older idea athlete needs stay top form exercise nation  civilization  ethnic group needs stay top form exercise moving body  exercise meant wide general sense  existential exercise  exercise keep existing guy conveyed idea  exercise   struggle  idea much much older  far preceding world wars  point  niggers jews  point view european asian  niggers kikes  particularly kikes  mostly destructive often parasitic  inside european civilizations  moreso one accepts idea distinct humanoids entirely  instinctively want destroy competition  destroy europeans anything created europeans first instinct  european person free brainwashing  wanting remove niggers  alien foreigners  kikes european lands  misplaced impulse propose  niggers jews living outside european lands  eradicated  given hypotetical scenario already completely kicked europe  america asia  want include  niggers kikes living elsewhere primal instinct  per  humanoids theory  would remove anywhere earth  european people move interesting things instead think  based principle health genus execise  benefit european people keep niggers kikes around  far niggers kikes used europeans obstacles overcome  ways exercise european capacities self defend  hone internal integrity  improve resistance parasitism  resistance poisonous attacks targeting core society  exercise needed europeans fend destructive presence niggers kikes  good way self improvement maintain sane level vitality current issue  regarding european decadence  regarding niggers kikes european lands elsewhere  current issue leading decadence niggers jews longer used subjects exercise europeans  lack exercise uphold existence europeans growing weaker necessarily presence niggers kikes alone cause decadence european societies  rather lack continue existing lack existential exercise  ruining societies  interpretation goes conversely  complete removal niggers kikes anywhere earth  would necessarily result improvement european people  attitude practicing existential exercise would continue afterwards idea vitality exercise  struggle  suggests beneficial europeans exercise dominance niggers kikes  similar hostile population  rather exterminating excluding cases niggers jews go extinct savage idiocy alone  saying helped survive either  lack ability survive  left disappear  case course nature respected  things keep existing forever  normal natural  good old things left die newer good things may grow  except kikes said good things,['fitness_&_health']
91200,"make being Jewish illegal, burn grown up Jews, impale Jewish children with in Jewish ritual butchered cocks on donkey dicks as well as Anglo-Judeans, Muslim shit-skins and with in Jewish ritual cock-butchered mutts, make love to cunny, end Satanism, make being Jewish illegal, burn grown up Jews, impale Jewish children with in Jewish ritual butchered cocks on donkey dicks as well as Anglo-Judeans, Muslim shit-skins and with in Jewish ritual cock-butchered mutts, make love to cunny, end Satanism, make being Jewish illegal, burn grown up Jews, impale Jewish children with in Jewish ritual butchered cocks on donkey dicks as well as Anglo-Judeans, Muslim shit-skins and with in Jewish ritual cock-butchered mutts, make love to cunny, end Satanism, make being Jewish illegal, burn grown up Jews, impale Jewish children with in Jewish ritual butchered cocks on donkey dicks as well as Anglo-Judeans, Muslim shit-skins and with in Jewish ritual cock-butchered mutts, make love to cunny, end Satanism, make being Jewish illegal, burn grown up Jews, impale Jewish children with in Jewish ritual butchered cocks on donkey dicks as well as Anglo-Judeans, Muslim shit-skins and with in Jewish ritual cock-butchered mutts, make love to cunny, end Satanism, make being Jewish illegal, burn grown up Jews, impale Jewish children with in Jewish ritual butchered cocks on donkey dicks as well as Anglo-Judeans, Muslim shit-skins and with in Jewish ritual cock-butchered mutts, make love to cunny, end Satanism, make being Jewish illegal, burn grown up Jews, impale Jewish children with in Jewish ritual butchered cocks on donkey dicks as well as Anglo-Judeans, Muslim shit-skins and with in Jewish ritual cock-butchered mutts, make love to cunny, end Satanism, make being Jewish illegal, burn grown up Jews, impale Jewish children with in Jewish ritual butchered cocks on donkey dicks as well as Anglo-Judeans, Muslim shit-skins and with in Jewish ritual cock-butchered mutts, make love to cunny, end Satanism !",10/11/2023 (Wed) 16:33,make jewish illegal  burn grown jews  impale jewish children jewish ritual butchered cocks donkey dicks well anglo judeans  muslim shit skins jewish ritual cock butchered mutts  make love cunny  end satanism  make jewish illegal  burn grown jews  impale jewish children jewish ritual butchered cocks donkey dicks well anglo judeans  muslim shit skins jewish ritual cock butchered mutts  make love cunny  end satanism  make jewish illegal  burn grown jews  impale jewish children jewish ritual butchered cocks donkey dicks well anglo judeans  muslim shit skins jewish ritual cock butchered mutts  make love cunny  end satanism  make jewish illegal  burn grown jews  impale jewish children jewish ritual butchered cocks donkey dicks well anglo judeans  muslim shit skins jewish ritual cock butchered mutts  make love cunny  end satanism  make jewish illegal  burn grown jews  impale jewish children jewish ritual butchered cocks donkey dicks well anglo judeans  muslim shit skins jewish ritual cock butchered mutts  make love cunny  end satanism  make jewish illegal  burn grown jews  impale jewish children jewish ritual butchered cocks donkey dicks well anglo judeans  muslim shit skins jewish ritual cock butchered mutts  make love cunny  end satanism  make jewish illegal  burn grown jews  impale jewish children jewish ritual butchered cocks donkey dicks well anglo judeans  muslim shit skins jewish ritual cock butchered mutts  make love cunny  end satanism  make jewish illegal  burn grown jews  impale jewish children jewish ritual butchered cocks donkey dicks well anglo judeans  muslim shit skins jewish ritual cock butchered mutts  make love cunny  end satanism  ,['news_&_social_concern']
93991,"Official plotting against international jewry threadI've been on this board since 2017 and I'm sick and tired of the same old shit.The spam.The kikes and commies.The faggots.The panderers pretending to be National Socialists to shill some bullshit.I used to study history, rejecting obvious frauds and seeing clear truths. But I'm even tired of the history lessons.All I want now is the end of fucking ZOG. Israel is doing a great job turning the world against them.Bravo, dumbfuck jews. But now we need more coals on that fire.LIST PLANS AGAINST THE PARASITES",06/25/2024 (Tue) 10:52,official plotting international jewry threadi board since  sick tired old shit spam kikes commies faggots panderers pretending national socialists shill bullshit used study history  rejecting obvious frauds seeing clear truths  even tired history lessons want end fucking zog  israel great job turning world bravo  dumbfuck jews  need coals fire list plans parasites,['news_&_social_concern']
94892,"NEXRAD got exposed on /pol/, then NOAA DELETED the NEXRAD products page:https://www.ncdc.noaa.gov/nexradinv/Then /pol/ posted the Archive Link:September 19th 2024:https://web.archive.org/web/20240919043549/https://www.ncdc.noaa.gov/nexradinv/After /pol/ pumped many NEXRAD threads, jews SHUT down Archive.org. They are in full blown damage control.Politicians avoid Weather Modification in order to push the Climate Change agenda. How can politicians still talk about Climate Change when intentional manmade Weather Modification is factual?Previous ARCHIVE.ORG Thread: (from 4chan pol)>>484505374https://archive.4plebs.org/pol/thread/484505374/NEXRAD Threads:Related threads:>>484425227https://archive.4plebs.org/pol/thread/484425227>>484302838https://archive.4plebs.org/pol/thread/484302838>>484229853https://archive.4plebs.org/pol/thread/484229853NEXRAD General #2:>>484225340https://archive.4plebs.org/pol/thread/484225340NEXRAD General #1:>>484183167https://archive.4plebs.org/pol/thread/484183167(copying it here for interest)",10/12/2024 (Sat) 20:13,nexrad got exposed  pol  noaa deleted nexrad products page https www ncdc noaa gov nexradinv  pol  posted archive link september th  https web archive org web  https www ncdc noaa gov nexradinv  pol  pumped many nexrad threads  jews shut archive org  full blown damage control politicians avoid weather modification order push climate change agenda  politicians still talk climate change intentional manmade weather modification factual previous archive org thread   chan pol https archive plebs org pol thread  nexrad threads related threads https archive plebs org pol thread  https archive plebs org pol thread  https archive plebs org pol thread nexrad general # https archive plebs org pol thread nexrad general # https archive plebs org pol thread  copying interest ,"['news_&_social_concern', 'science_&_technology']"
82774,"""I was handcuffed without further ado and led outside.Altogether, four of us were arrested in my apartment building. In addition to the couple down the hall, there was an elderly man from the fourth floor.They hadn't found a firearm in his apartment, but they had found four shotgun shells on his closet shelf.Ammunition was also illegal.""",11/10/2020 (Tue) 01:10, handcuffed without ado led outside altogether  four us arrested apartment building  addition couple hall  elderly man fourth floor found firearm apartment  found four shotgun shells closet shelf ammunition also illegal ,['news_&_social_concern']
102622,Because The Beauty of the aryan trans woman must be preserved,03/21/2025 (Fri) 16:27,beauty aryan trans woman must preserved,['news_&_social_concern']
90854,"12 Undeniable Signs Despotic ""kikes"" Are Engineering the End of HumanityIt's no longer taboo to publicly talk about depopulation. Even many who once dismissed the concept as a conspiracy theory are now publicly acknowledging the reality that global efforts are under way to drastically reduce the human population on planet Earth.Mainstream media now frequently talks about ""climate lockdowns"" as a good thing -- to cease human activity on planet Earth in order to ""save the planet"" from so-called climate change, a wholesale fabrication and fake science fraud rooted in the lie that carbon dioxide is somehow bad for life on the planet. (Without it, there would be no photosynthesis, no plants, no animals and no humans.)Now, corporate media is openly calling for climate blackouts and lockdowns, the rationing of air conditioning and possibly even banning the use of electricity to cool homes and buildings during hot weather days. This is all being positioned as necessary to save the planet, of course. The Los Angeles Times, for example, recently published a story asking whether an ""occasional blackout"" might ""help solve climate change.""Green agenda alarmists in the corporate media are now calling for widespread electrical grid blackouts for “the greater good” of “solving the climate crisis.” In an article from the Los Angeles Times, the establishment media outlet argues that it would be “easier and less expensive to fight climate change” if the public would “be willing to live with” blackouts.We are past the point, in other words, of the controlled corporate media saying that engineered blackouts and climate lockdowns are just a conspiracy theory -- even though NPR still claims that the push to get people to eat bugs is a conspiracy theory, not long after NPR promoted insects as the next great food source. Now, the controlled media is openly claiming that the functioning of human society will destroy the planet. Therefore, they imply, the only way to save the planet is to take down the food and energy infrastructure that keeps humanity alive.MY COMMENT:They are gearing up to take America offline and off-grid after they crush Europe the same way, so you best be prepared and have contingencies planned! Never ever trust this government to do anything good for you or to protect you, remember they want us all enslaved or dead!The current population of human beings on planet Earth, of course, is a function of affordable food powered by affordable, abundant energy (mostly in the form of fossil fuels). Ending this -- which is now the admitted goal of climate cultists, Democrats and the same ""science"" community that told us COVID vaccines were safe and effective -- will inevitably result in global depopulation of the human race. No fuel = no farms. No farms = no food. No food = no people. This is the openly admitted goal.Here, I list twelve undeniable signs that kikes are actively seeking the extermination of the human race from this planet.https://www.brighteon.com/9fdca79e-066f-4f7c-8d70-8355996e395bhttps://www.naturalnews.com/2023-07-30-undeniable-signs-kikes-engineering-end-of-humanity.html",08/01/2023 (Tue) 11:27, undeniable signs despotic  kikes  engineering end humanityit longer taboo publicly talk depopulation  even many dismissed concept conspiracy theory publicly acknowledging reality global efforts way drastically reduce human population planet earth mainstream media frequently talks  climate lockdowns  good thing   cease human activity planet earth order  save planet  called climate change  wholesale fabrication fake science fraud rooted lie carbon dioxide somehow bad life planet   without  would photosynthesis  plants  animals humans  corporate media openly calling climate blackouts lockdowns  rationing air conditioning possibly even banning use electricity cool homes buildings hot weather days  positioned necessary save planet  course  los angeles times  example  recently published story asking whether  occasional blackout  might  help solve climate change green agenda alarmists corporate media calling widespread electrical grid blackouts “the greater good” “solving climate crisis ” article los angeles times  establishment media outlet argues would “easier less expensive fight climate change” public would “be willing live with” blackouts past point  words  controlled corporate media saying engineered blackouts climate lockdowns conspiracy theory   even though npr still claims push get people eat bugs conspiracy theory  long npr promoted insects next great food source   controlled media openly claiming functioning human society destroy planet  therefore  imply  way save planet take food energy infrastructure keeps humanity alive comment gearing take america offline grid crush europe way  best prepared contingencies planned  never ever trust government anything good protect  remember want us enslaved dead current population human beings planet earth  course  function affordable food powered affordable  abundant energy  mostly form fossil fuels  ending   admitted goal climate cultists  democrats  science  community told us covid vaccines safe effective   inevitably result global depopulation human race  fuel   farms  farms   food  food   people  openly admitted goal  list twelve undeniable signs kikes actively seeking extermination human race planet https www brighteon com fdcae f fc ebhttps www naturalnews com    undeniable signs kikes engineering end humanity html,"['news_&_social_concern', 'science_&_technology']"
95134,">I want my body of work to be used as a vessel; a stream for the people, so that my ideas and actions can be harvested.>I don't want privilege or money, no rewards or praises, i just want to comfort; or bring solace to those in dire need.>I want liberation, not peace, for all. For as peace is all too short, in this fast-paced world; but liberation is the key that will unlock the gates, and in the right circumstances, it can and will be everlasting.>I want to take a rifle with me, of which i do not currently own, and that'll be my humanitarian aid. Covered in blood, or not, i do whatever i can to help the repressed in need no matter what.>I want justice, I want decentralization, I want solace, and I want liberation — once more.>I want to be baptized in the soul of revolution, to be cleansed of who i once was; to disconnect from my mind's prison, and to break not just mental barriers, but walls.>I want to be a protector, first and foremost. And sooner or later, i will be.[-----]What do you want Anons?",11/21/2024 (Thu) 23:55, want body work used vessel  stream people  ideas actions harvested want privilege money  rewards praises  want comfort  bring solace dire need want liberation  peace   peace short  fast paced world  liberation key unlock gates  right circumstances  everlasting want take rifle  currently  humanitarian aid  covered blood   whatever help repressed need matter want justice  want decentralization  want solace  want liberation — want baptized soul revolution  cleansed  disconnect mind prison  break mental barriers  walls want protector  first foremost  sooner later  want anons ,['news_&_social_concern']
91151,"Repost of the thread I posted on /news/>>>/news/21462It's the story of a lifetime. A North American President gets arrested (a lot of times) and tries to make money off itNot two hours after former President Donald Trump left the Fulton County, Georgia, jail, his joint fundraising committee was already selling merchandise featuring his booking photo.The former president left the Fulton County Jail at 7:55 p.m. Thursday, and for the first time in his four indictments on felony charges, authorities took — and released — Trump's mug shot. By 9:22 p.m., the Trump Save America Joint Fundraising Committee was selling T-shirts, mugs, beverage coolers, bumper stickers and other merchandise with Trump's face and the words ""never surrender.""The mug shot products range from $12 for a bumper sticker to $36 for long-sleeve T-shirts.The former president is also fundraising off his latest surrender. In a fundraising email, Trump said he ""walked into the lion's den with one simple message on behalf of our entire movement: I WILL NEVER SURRENDER OUR MISSION TO SAVE AMERICA.""",09/27/2023 (Wed) 22:17,repost thread posted  news news story lifetime  north american president gets arrested  lot times  tries make money itnot two hours former president donald trump left fulton county  georgia  jail  joint fundraising committee already selling merchandise featuring booking photo former president left fulton county jail   p  thursday  first time four indictments felony charges  authorities took — released — trump mug shot    p  trump save america joint fundraising committee selling shirts  mugs  beverage coolers  bumper stickers merchandise trump face words  never surrender mug shot products range   bumper sticker   long sleeve shirts former president also fundraising latest surrender  fundraising email  trump said  walked lion den one simple message behalf entire movement  never surrender mission save america ,['news_&_social_concern']
95649,"if we want white nationalism then only one path truly exists and it is not vooting. it is fighting, specifically with immigrants and non whites attacking whites, a sort of s.a. of our time",01/04/2025 (Sat) 13:39,want white nationalism one path truly exists vooting  fighting  specifically immigrants non whites attacking whites  sort  time,['news_&_social_concern']
93102,"On the one hand, the elites want to bomb Iran, Syria, China, Russia, and half a dozen other countries at this point.Yet paradoxically, the Biden regime is selling off America's strategic oil reserves and implementing fag-tranny policies in the army that reduce its efficacy.The enemy wants elections to be as close as possible so that politicians are easier to control.Yet at the same time, they have burned all their credibility with their manic Trump craze. And Trump isn't even anti-jew, not in the slightest. So why are they doing this?Being in a managerial position has given me a small taste of what it must be like as an elite. I believe that the explanation for this is simple; The jews understand that they must maintain a big tent coalition of freaks. The military industrial complex, big business, the tannies, the black supremacists, the zionists, the deranged anti-Whites, the faggots, the feminists, the police state nutjobs, etc. Organized labor used to be among them but they sold them down river long ago.In order to maintain this unnatural coalition, they need to please everyone somehow so they end up pursuing completely contradictory things.Managing all these contradictory objectives is much easier if you just agree to them all. But this is a temporary solution at best. Eventually, the different policies no longer can co-exist so the jews are going to either run the regime into the ground and burn in the wreckage, or they will need to start kicking out various factions from the coalition.I wonder who will end up sold out and wondering how they fell for jewish promises?",04/05/2024 (Fri) 21:03,one hand  elites want bomb iran  syria  china  russia  half dozen countries point yet paradoxically  biden regime selling america strategic oil reserves implementing fag tranny policies army reduce efficacy enemy wants elections close possible politicians easier control yet time  burned credibility manic trump craze  trump even anti jew  slightest  managerial position given small taste must like elite  believe explanation simple  jews understand must maintain big tent coalition freaks  military industrial complex  big business  tannies  black supremacists  zionists  deranged anti whites  faggots  feminists  police state nutjobs  etc  organized labor used among sold river long ago order maintain unnatural coalition  need please everyone somehow end pursuing completely contradictory things managing contradictory objectives much easier agree  temporary solution best  eventually  different policies longer co exist jews going either run regime ground burn wreckage  need start kicking various factions coalition wonder end sold wondering fell jewish promises ,['news_&_social_concern']
92520,"Where can i actually help people with different projects that'd actually result in actual change, and where the people involved (at least one) is treating the project like, at minimum, a part-time job? As in, treats it seriously, is passionate about it, works on it regularly, and most importantly, WANTS TO TALK TO ME ABOUT IT.Anyone? Anywhere? I so desperately want it. If it helps, I make english-parsing AI.Some ideas:-Read holocaust stories, write down what's in them-Make memes/etc about a SPECIFIC thing (example: reasons for Germany's actions in WW2)-Pick any topic/issue, discuss it often, focusing on how to actually advance the issue online",02/07/2024 (Wed) 23:18,actually help people different projects actually result actual change  people involved  least one  treating project like  minimum  part time job   treats seriously  passionate  works regularly  importantly  wants talk anyone  anywhere  desperately want  helps  make english parsing ai ideas read holocaust stories  write make memes etc specific thing  example  reasons germany actions ww pick topic issue  discuss often  focusing actually advance issue online,"['business_&_entrepreneurs', 'learning_&_educational']"
91092,"I've created this substack article which explains in good length as to why the NSDAP was predominantly Christian and how they weren't occultists trying to destroy Christianity and enforce global paganism like bad faith actors try to claim, but rather they were honorable men who loved God and their nation. I will be updating this article overtime, as it is a response to (((Hitler Hated Christ's thread))) on Twitter. You can read the article here:https://derkreuzfahrer.substack.com/p/hitler-loved-christGott Mit Uns",09/19/2023 (Tue) 20:06,created substack article explains good length nsdap predominantly christian occultists trying destroy christianity enforce global paganism like bad faith actors try claim  rather honorable men loved god nation  updating article overtime  response  hitler hated christ thread  twitter  read article https derkreuzfahrer substack com p hitler loved christgott mit uns,['news_&_social_concern']
91967,"It is common knowledge now that Chat-GPT and other companies involved in AI are overwhelmed with Jewish propaganda. However, I came across this video and it is possible to create your own AI.https://youtube.com/watch?v=GyllRd2E6fg [Embed]I will need to develop my coding skills before I work with it, but those with coding experience and the resources (documents, etc.) can dictate and influence the AI language model for this board. It could be an extremely efficient way of sharing the truth about the history of WWII and spreading the influence of the National Socialist ideology in its pure form.A collaboration is due for the sake of humanity.",12/19/2023 (Tue) 04:36,common knowledge chat gpt companies involved ai overwhelmed jewish propaganda  however  came across video possible create ai https youtube com watch v gyllrdefg  embed need develop coding skills work  coding experience resources  documents  etc  dictate influence ai language model board  could extremely efficient way sharing truth history wwii spreading influence national socialist ideology pure form collaboration due sake humanity ,"['news_&_social_concern', 'science_&_technology']"
94803,Where did Murdoch Murdoch go? With new AI tools they could probably make even better animations. Seems like everyone has disappeared. We cannot give up existence. We need myths and hero stories.,09/27/2024 (Fri) 20:19,murdoch murdoch go  new ai tools could probably make even better animations  seems like everyone disappeared  cannot give existence  need myths hero stories ,['film_tv_&_video']
90710,"DELIBERATE DESTABILIZATION!After Third World Migrants Riot & Destroy French Cities, French Government Will Spy On All CitizensCops in France have been granted the authority to remotely activate a suspect's cellphone camera, microphone and GPS, after the passage of a provision in a wider ""justice reform bill"" on Wednesday night.The bill allows the geolocation of suspects, covering other devices like laptops, cars and connected devices, just as it could be remotely activated to record sound and images of people suspected of terror offences, as well as delinquency and organised crime.According to French digital rights advocacy group, La Quadrature du Net, the provisions ""raise serious concerns over infringements of fundamental liberties,"" and violate the ""right to security, right to a private life and to private correspondence"" and ""the right to come and go freely.""The group called it part of a ""slide into heavy-handed security"" but face it, France is a manufactured-destabilized police state.Lawmakers defended the move - with Justice Minister Eric Dupond-Moretti insisting that the bill would only apply to ""dozens of cases a year,"" while members of parliament inserted an amendment inserted an amendment which only allows the remote spying ""when justified by the nature and seriousness of the crime"" and ""for a strictly proportional duration"" after a judge has approved the surveillance.Last month, the Senate gave the green light to the provision of the justice bill, which would allow law enforcement to secretly activate cameras and microphones on a suspect’s devices.Since 2015, when terrorist attacks rocked France, the country has increased its surveillance powers, and the “Keeper of the Seal” bill has been likened to the infamous US Patriot Act.Of note, France's dystopian law is similar to those used by the US FBI in the wake of 9/11, when the government's use of ""roving bugs"" came to light in a court case involving an organized crime family.USSA District Judge Lewis A. Kaplan rejected defendants’ arguments that “roving bugs” violated their constitutional rights, noting the 2nd U.S. Circuit Court of Appeals in 1993 upheld the roving wiretap statute in an identical legal challenge.So much for ""muh democracy!""https://www.zerohedge.com/geopolitical/french-cops-can-now-secretly-activate-phone-cameras-microphones-and-gps-spy-citizens",07/07/2023 (Fri) 14:11,deliberate destabilization third world migrants riot   destroy french cities  french government spy citizenscops france granted authority remotely activate suspect cellphone camera  microphone gps  passage provision wider  justice reform bill  wednesday night bill allows geolocation suspects  covering devices like laptops  cars connected devices  could remotely activated record sound images people suspected terror offences  well delinquency organised crime according french digital rights advocacy group  la quadrature du net  provisions  raise serious concerns infringements fundamental liberties  violate  right security  right private life private correspondence   right come go freely group called part  slide heavy handed security  face  france manufactured destabilized police state lawmakers defended move   justice minister eric dupond moretti insisting bill would apply  dozens cases year  members parliament inserted amendment inserted amendment allows remote spying  justified nature seriousness crime   strictly proportional duration  judge approved surveillance last month  senate gave green light provision justice bill  would allow law enforcement secretly activate cameras microphones suspect’s devices since   terrorist attacks rocked france  country increased surveillance powers  “keeper seal” bill likened infamous us patriot act note  france dystopian law similar used us fbi wake    government use  roving bugs  came light court case involving organized crime family ussa district judge lewis  kaplan rejected defendants’ arguments “roving bugs” violated constitutional rights  noting nd u  circuit court appeals  upheld roving wiretap statute identical legal challenge much  muh democracy https www zerohedge com geopolitical french cops secretly activate phone cameras microphones gps spy citizens,['news_&_social_concern']
93770,"IMPORTANT: For four years under the current administration, the border has been effectively open. We have yet to see the full consequences of that, but I have been investigating this & it is worse than anyone thought. There are people inside this country now who are far more dangerous than those who carried out 9/11 and hardened by many years on the battlefield. The obvious  reason they would infiltrate a country with people like this in significant numbers is that they’re planning something. These are not the type of people who would come to America for a better life.  This comes from multiple sources - external & internal - whose identities need to be protected for security reasons and because this is a national security crisis that has not been addressed. Stay tuned.Take note of those who attack me for this reporting - there’s a good chance they’re operatives or being directed by someone else and too stupid to realize they’re being used. If they say they are “patriots”, it’s probably not true or maybe they just aren’t very bright.This is a very serious & detailed national security situation & it is ongoing so I cannot say more than this at this time.https://x.com/laralogan/status/1792227274026061993",05/22/2024 (Wed) 17:14,important  four years current administration  border effectively open  yet see full consequences  investigating   worse anyone thought  people inside country far dangerous carried   hardened many years battlefield  obvious  reason would infiltrate country people like significant numbers they’re planning something  type people would come america better life   comes multiple sources   external   internal   whose identities need protected security reasons national security crisis addressed  stay tuned take note attack reporting   there’s good chance they’re operatives directed someone else stupid realize they’re used  say “patriots”  it’s probably true maybe aren’t bright serious   detailed national security situation   ongoing cannot say time https x com laralogan status ,['news_&_social_concern']
94460,"WTF are those satanists doing now, planning WW3 after the gay Olimpics ritual?https://en.wikipedia.org/wiki/Order_of_Nine_Angleshttps://archive.is/8QLlyhttps://pst.innomi.net/paste/wv6u3aen7xxfdwwab6tbrzrh",08/21/2024 (Wed) 08:47,wtf satanists  planning ww gay olimpics ritual https en wikipedia org wiki order nine angleshttps archive qllyhttps pst innomi net paste wvuaenxxfdwwabtbrzrh,['news_&_social_concern']
95086,How many conclusions can you take out of these stats?,11/12/2024 (Tue) 17:27,many conclusions take stats ,['sports']
90525,"I am doing an extensive research to dismantle homosexuality and transexuality, and prove that it is a mental problem and disprove the unsubstantiated theories that society currently holds, a product of misinformation and manipulation.I would also like to know information about the widespread censorship of this subject.Anything you know, be it proof of why it is a mental illness or proof of the censorship towards this topic, or information about the companies and millionaire people promoting this movement, please post it in this thread.",05/21/2023 (Sun) 16:21,extensive research dismantle homosexuality transexuality  prove mental problem disprove unsubstantiated theories society currently holds  product misinformation manipulation would also like know information widespread censorship subject anything know  proof mental illness proof censorship towards topic  information companies millionaire people promoting movement  please post thread ,['news_&_social_concern']
87705,"What are the inevitable ways that Jews will try to escape persecution as populations wake up to redpills?Let's say goyim become dominant again and subjugate Jews. Gene tests would be an important way to out them. But genetic engineering will probably become eventually affordable and widespread, so Jews will be able to temporarily mask their genetic makeup, before inserting them in again. But this also means they can delete their Jewish genes and simply abandon that identity. And a large fraction of them would under pressure, as a third of Muslims birthed in the West abandon Islam. This calls into question what even makes up Jewish identity, and since there are non-Jewish-ethnics who converted to Judaism, it's clearly not just Jewish blood. But blood relations are the strongest ties in the religion, and removing the basis of this would severely weaken the fundaments of Judaism.While that sounds dandy, this also means if Jewish overlords really crank up the planetary dystopia, they can forcefully genetically edit anyone into being Jewish, especially white supremacists, and if they corner the genetics industry, Jewish blood will spread like a world economy crashing virus.Where do the genetic hijinks go from here? How would either side react to such subjugation? Obviously Jews will craftily look for ways to beat all sides of gene tech oppression.",06/08/2022 (Wed) 15:53,inevitable ways jews try escape persecution populations wake redpills let say goyim become dominant subjugate jews  gene tests would important way  genetic engineering probably become eventually affordable widespread  jews able temporarily mask genetic makeup  inserting  also means delete jewish genes simply abandon identity  large fraction would pressure  third muslims birthed west abandon islam  calls question even makes jewish identity  since non jewish ethnics converted judaism  clearly jewish blood  blood relations strongest ties religion  removing basis would severely weaken fundaments judaism sounds dandy  also means jewish overlords really crank planetary dystopia  forcefully genetically edit anyone jewish  especially white supremacists  corner genetics industry  jewish blood spread like world economy crashing virus genetic hijinks go  would either side react subjugation  obviously jews craftily look ways beat sides gene tech oppression ,['news_&_social_concern']
93011,WW3 is ON!!!!!!  US/NATO Troops Are Actively Fighting Russian Troops In The Ukraine!!!Massive Materiel Buildup Ongoing For Invasion Of Russia!!!https://rumble.com/v4l3b02-ww3-is-on-usnato-troops-are-actively-fighting-russian-troops-in-the-ukraine.htmlhttps://archive.org/details/ww3-is-on-usnato-troops-are-actively-fighting-russian-troops-in-the-ukraine-massWW3 is ON!!!!!!US/NATO troops are actively fighting Russian troops in the Ukraine right now!!!This is now called Operation Steadfast Defender.A massive weapons materiel buildup is ongoing in Moldova-Poland-Romania-and Slovakia by the USA/NATO for the planned military invasion of Russia!!!Large-scale NATO military troop engagements inside Russia planned for the month of May!!!It will be actual WORLD WAR THREE!!!,03/23/2024 (Sat) 21:29,ww   us nato troops actively fighting russian troops ukraine massive materiel buildup ongoing invasion russia https rumble com vlb ww usnato troops actively fighting russian troops ukraine htmlhttps archive org details ww usnato troops actively fighting russian troops ukraine massww us nato troops actively fighting russian troops ukraine right called operation steadfast defender massive weapons materiel buildup ongoing moldova poland romania slovakia usa nato planned military invasion russia large scale nato military troop engagements inside russia planned month may actual world war three ,['news_&_social_concern']
